{
  "fio version" : "fio-3.37-2-g07f73",
  "timestamp" : 1744357687,
  "timestamp_ms" : 1744357687260,
  "time" : "Fri Apr 11 07:48:07 2025",
  "global options" : {
    "lat_percentiles" : "1",
    "clat_percentiles" : "0",
    "cpus_allowed_policy" : "split",
    "ioengine" : "io_uring",
    "rw" : "randread",
    "thread" : "1",
    "group_reporting" : "1",
    "percentile_list" : "50:99:99.5:99.9:99.99:99.999",
    "direct" : "1",
    "verify" : "0",
    "runtime" : "10s",
    "filename" : "/dev/nvme0n1"
  },
  "jobs" : [
    {
      "jobname" : "test",
      "groupid" : 0,
      "job_start" : 1744357677115,
      "error" : 0,
      "eta" : 0,
      "elapsed" : 11,
      "job options" : {
        "iodepth" : "1",
        "bs" : "2M",
        "numjobs" : "1",
        "cpus_allowed" : "110",
        "nice" : "0",
        "hipri" : "1"
      },
      "read" : {
        "io_bytes" : 21678260224,
        "io_kbytes" : 21170176,
        "bw_bytes" : 2167609261,
        "bw" : 2116805,
        "iops" : 1033.596640,
        "runtime" : 10001,
        "total_ios" : 10337,
        "short_ios" : 0,
        "drop_ios" : 0,
        "slat_ns" : {
          "min" : 26227,
          "max" : 7635881,
          "mean" : 475789.512141,
          "stddev" : 1238594.049459,
          "N" : 10337
        },
        "clat_ns" : {
          "min" : 233,
          "max" : 7994681,
          "mean" : 491266.662862,
          "stddev" : 1212146.430938,
          "N" : 10337
        },
        "lat_ns" : {
          "min" : 366761,
          "max" : 8022396,
          "mean" : 967056.175002,
          "stddev" : 1613950.510293,
          "N" : 10337,
          "percentile" : {
            "50.000000" : 374784,
            "99.000000" : 8028160,
            "99.500000" : 8028160,
            "99.900000" : 8028160,
            "99.990000" : 8028160,
            "99.999000" : 8028160
          }
        },
        "bw_min" : 2035712,
        "bw_max" : 2166784,
        "bw_agg" : 100.000000,
        "bw_mean" : 2117017.600000,
        "bw_dev" : 34609.956253,
        "bw_samples" : 20,
        "iops_min" : 994,
        "iops_max" : 1058,
        "iops_mean" : 1033.700000,
        "iops_stddev" : 16.899393,
        "iops_samples" : 20
      },
      "write" : {
        "io_bytes" : 0,
        "io_kbytes" : 0,
        "bw_bytes" : 0,
        "bw" : 0,
        "iops" : 0.000000,
        "runtime" : 0,
        "total_ios" : 0,
        "short_ios" : 0,
        "drop_ios" : 0,
        "slat_ns" : {
          "min" : 0,
          "max" : 0,
          "mean" : 0.000000,
          "stddev" : 0.000000,
          "N" : 0
        },
        "clat_ns" : {
          "min" : 0,
          "max" : 0,
          "mean" : 0.000000,
          "stddev" : 0.000000,
          "N" : 0
        },
        "lat_ns" : {
          "min" : 0,
          "max" : 0,
          "mean" : 0.000000,
          "stddev" : 0.000000,
          "N" : 0
        },
        "bw_min" : 0,
        "bw_max" : 0,
        "bw_agg" : 0.000000,
        "bw_mean" : 0.000000,
        "bw_dev" : 0.000000,
        "bw_samples" : 0,
        "iops_min" : 0,
        "iops_max" : 0,
        "iops_mean" : 0.000000,
        "iops_stddev" : 0.000000,
        "iops_samples" : 0
      },
      "trim" : {
        "io_bytes" : 0,
        "io_kbytes" : 0,
        "bw_bytes" : 0,
        "bw" : 0,
        "iops" : 0.000000,
        "runtime" : 0,
        "total_ios" : 0,
        "short_ios" : 0,
        "drop_ios" : 0,
        "slat_ns" : {
          "min" : 0,
          "max" : 0,
          "mean" : 0.000000,
          "stddev" : 0.000000,
          "N" : 0
        },
        "clat_ns" : {
          "min" : 0,
          "max" : 0,
          "mean" : 0.000000,
          "stddev" : 0.000000,
          "N" : 0
        },
        "lat_ns" : {
          "min" : 0,
          "max" : 0,
          "mean" : 0.000000,
          "stddev" : 0.000000,
          "N" : 0
        },
        "bw_min" : 0,
        "bw_max" : 0,
        "bw_agg" : 0.000000,
        "bw_mean" : 0.000000,
        "bw_dev" : 0.000000,
        "bw_samples" : 0,
        "iops_min" : 0,
        "iops_max" : 0,
        "iops_mean" : 0.000000,
        "iops_stddev" : 0.000000,
        "iops_samples" : 0
      },
      "sync" : {
        "total_ios" : 0,
        "lat_ns" : {
          "min" : 0,
          "max" : 0,
          "mean" : 0.000000,
          "stddev" : 0.000000,
          "N" : 0
        }
      },
      "job_runtime" : 10000,
      "usr_cpu" : 6.310000,
      "sys_cpu" : 39.080000,
      "ctx" : 10423,
      "majf" : 0,
      "minf" : 815,
      "iodepth_level" : {
        "1" : 100.000000,
        "2" : 0.000000,
        "4" : 0.000000,
        "8" : 0.000000,
        "16" : 0.000000,
        "32" : 0.000000,
        ">=64" : 0.000000
      },
      "iodepth_submit" : {
        "0" : 0.000000,
        "4" : 100.000000,
        "8" : 0.000000,
        "16" : 0.000000,
        "32" : 0.000000,
        "64" : 0.000000,
        ">=64" : 0.000000
      },
      "iodepth_complete" : {
        "0" : 0.000000,
        "4" : 100.000000,
        "8" : 0.000000,
        "16" : 0.000000,
        "32" : 0.000000,
        "64" : 0.000000,
        ">=64" : 0.000000
      },
      "latency_ns" : {
        "2" : 0.000000,
        "4" : 0.000000,
        "10" : 0.000000,
        "20" : 0.000000,
        "50" : 0.000000,
        "100" : 0.000000,
        "250" : 0.048370,
        "500" : 9.199961,
        "750" : 0.019348,
        "1000" : 0.000000
      },
      "latency_us" : {
        "2" : 0.000000,
        "4" : 0.000000,
        "10" : 0.000000,
        "20" : 0.000000,
        "50" : 0.000000,
        "100" : 0.019348,
        "250" : 0.029022,
        "500" : 85.895327,
        "750" : 0.000000,
        "1000" : 0.000000
      },
      "latency_ms" : {
        "2" : 0.000000,
        "4" : 0.010000,
        "10" : 4.778949,
        "20" : 0.000000,
        "50" : 0.000000,
        "100" : 0.000000,
        "250" : 0.000000,
        "500" : 0.000000,
        "750" : 0.000000,
        "1000" : 0.000000,
        "2000" : 0.000000,
        ">=2000" : 0.000000
      },
      "latency_depth" : 1,
      "latency_target" : 0,
      "latency_percentile" : 100.000000,
      "latency_window" : 0
    }
  ],
  "disk_util" : [
    {
      "name" : "nvme0n1",
      "read_ios" : 163648,
      "write_ios" : 0,
      "read_sectors" : 41893888,
      "write_sectors" : 0,
      "read_merges" : 0,
      "write_merges" : 0,
      "read_ticks" : 30898,
      "write_ticks" : 0,
      "in_queue" : 30898,
      "util" : 23.969588
    }
  ]
}
