{
  "fio version" : "fio-3.37-2-g07f73",
  "timestamp" : 1744357421,
  "timestamp_ms" : 1744357421513,
  "time" : "Fri Apr 11 07:43:41 2025",
  "global options" : {
    "lat_percentiles" : "1",
    "clat_percentiles" : "0",
    "cpus_allowed_policy" : "split",
    "ioengine" : "io_uring",
    "rw" : "randread",
    "thread" : "1",
    "group_reporting" : "1",
    "percentile_list" : "50:99:99.5:99.9:99.99:99.999",
    "direct" : "1",
    "verify" : "0",
    "runtime" : "10s",
    "filename" : "/dev/nvme0n1"
  },
  "jobs" : [
    {
      "jobname" : "test",
      "groupid" : 0,
      "job_start" : 1744357411369,
      "error" : 0,
      "eta" : 0,
      "elapsed" : 11,
      "job options" : {
        "iodepth" : "1",
        "bs" : "8K",
        "numjobs" : "1",
        "cpus_allowed" : "110",
        "nice" : "0",
        "hipri" : "1"
      },
      "read" : {
        "io_bytes" : 5092261888,
        "io_kbytes" : 4972912,
        "bw_bytes" : 509175271,
        "bw" : 497241,
        "iops" : 62155.184482,
        "runtime" : 10001,
        "total_ios" : 621614,
        "short_ios" : 0,
        "drop_ios" : 0,
        "slat_ns" : {
          "min" : 1523,
          "max" : 4029916,
          "mean" : 3102.472536,
          "stddev" : 77581.471239,
          "N" : 621614
        },
        "clat_ns" : {
          "min" : 260,
          "max" : 8014557,
          "mean" : 12252.451036,
          "stddev" : 157228.350734,
          "N" : 621614
        },
        "lat_ns" : {
          "min" : 7499,
          "max" : 8016156,
          "mean" : 15354.923572,
          "stddev" : 175248.325472,
          "N" : 621614,
          "percentile" : {
            "50.000000" : 7648,
            "99.000000" : 8032,
            "99.500000" : 10048,
            "99.900000" : 4014080,
            "99.990000" : 4014080,
            "99.999000" : 4046848
          }
        },
        "bw_min" : 488448,
        "bw_max" : 501840,
        "bw_agg" : 100.000000,
        "bw_mean" : 497291.200000,
        "bw_dev" : 3723.865247,
        "bw_samples" : 20,
        "iops_min" : 61056,
        "iops_max" : 62730,
        "iops_mean" : 62161.400000,
        "iops_stddev" : 465.671716,
        "iops_samples" : 20
      },
      "write" : {
        "io_bytes" : 0,
        "io_kbytes" : 0,
        "bw_bytes" : 0,
        "bw" : 0,
        "iops" : 0.000000,
        "runtime" : 0,
        "total_ios" : 0,
        "short_ios" : 0,
        "drop_ios" : 0,
        "slat_ns" : {
          "min" : 0,
          "max" : 0,
          "mean" : 0.000000,
          "stddev" : 0.000000,
          "N" : 0
        },
        "clat_ns" : {
          "min" : 0,
          "max" : 0,
          "mean" : 0.000000,
          "stddev" : 0.000000,
          "N" : 0
        },
        "lat_ns" : {
          "min" : 0,
          "max" : 0,
          "mean" : 0.000000,
          "stddev" : 0.000000,
          "N" : 0
        },
        "bw_min" : 0,
        "bw_max" : 0,
        "bw_agg" : 0.000000,
        "bw_mean" : 0.000000,
        "bw_dev" : 0.000000,
        "bw_samples" : 0,
        "iops_min" : 0,
        "iops_max" : 0,
        "iops_mean" : 0.000000,
        "iops_stddev" : 0.000000,
        "iops_samples" : 0
      },
      "trim" : {
        "io_bytes" : 0,
        "io_kbytes" : 0,
        "bw_bytes" : 0,
        "bw" : 0,
        "iops" : 0.000000,
        "runtime" : 0,
        "total_ios" : 0,
        "short_ios" : 0,
        "drop_ios" : 0,
        "slat_ns" : {
          "min" : 0,
          "max" : 0,
          "mean" : 0.000000,
          "stddev" : 0.000000,
          "N" : 0
        },
        "clat_ns" : {
          "min" : 0,
          "max" : 0,
          "mean" : 0.000000,
          "stddev" : 0.000000,
          "N" : 0
        },
        "lat_ns" : {
          "min" : 0,
          "max" : 0,
          "mean" : 0.000000,
          "stddev" : 0.000000,
          "N" : 0
        },
        "bw_min" : 0,
        "bw_max" : 0,
        "bw_agg" : 0.000000,
        "bw_mean" : 0.000000,
        "bw_dev" : 0.000000,
        "bw_samples" : 0,
        "iops_min" : 0,
        "iops_max" : 0,
        "iops_mean" : 0.000000,
        "iops_stddev" : 0.000000,
        "iops_samples" : 0
      },
      "sync" : {
        "total_ios" : 0,
        "lat_ns" : {
          "min" : 0,
          "max" : 0,
          "mean" : 0.000000,
          "stddev" : 0.000000,
          "N" : 0
        }
      },
      "job_runtime" : 10000,
      "usr_cpu" : 4.590000,
      "sys_cpu" : 45.390000,
      "ctx" : 1250,
      "majf" : 0,
      "minf" : 3376,
      "iodepth_level" : {
        "1" : 100.000000,
        "2" : 0.000000,
        "4" : 0.000000,
        "8" : 0.000000,
        "16" : 0.000000,
        "32" : 0.000000,
        ">=64" : 0.000000
      },
      "iodepth_submit" : {
        "0" : 0.000000,
        "4" : 100.000000,
        "8" : 0.000000,
        "16" : 0.000000,
        "32" : 0.000000,
        "64" : 0.000000,
        ">=64" : 0.000000
      },
      "iodepth_complete" : {
        "0" : 0.000000,
        "4" : 100.000000,
        "8" : 0.000000,
        "16" : 0.000000,
        "32" : 0.000000,
        "64" : 0.000000,
        ">=64" : 0.000000
      },
      "latency_ns" : {
        "2" : 0.000000,
        "4" : 0.000000,
        "10" : 0.000000,
        "20" : 0.000000,
        "50" : 0.000000,
        "100" : 0.000000,
        "250" : 0.000000,
        "500" : 0.010000,
        "750" : 0.000000,
        "1000" : 0.000000
      },
      "latency_us" : {
        "2" : 0.018018,
        "4" : 0.010000,
        "10" : 99.581895,
        "20" : 0.242112,
        "50" : 0.000000,
        "100" : 0.000000,
        "250" : 0.000000,
        "500" : 0.000000,
        "750" : 0.000000,
        "1000" : 0.000000
      },
      "latency_ms" : {
        "2" : 0.000000,
        "4" : 0.010000,
        "10" : 0.153632,
        "20" : 0.000000,
        "50" : 0.000000,
        "100" : 0.000000,
        "250" : 0.000000,
        "500" : 0.000000,
        "750" : 0.000000,
        "1000" : 0.000000,
        "2000" : 0.000000,
        ">=2000" : 0.000000
      },
      "latency_depth" : 1,
      "latency_target" : 0,
      "latency_percentile" : 100.000000,
      "latency_window" : 0
    }
  ],
  "disk_util" : [
    {
      "name" : "nvme0n1",
      "read_ios" : 614859,
      "write_ios" : 0,
      "read_sectors" : 9837744,
      "write_sectors" : 0,
      "read_merges" : 0,
      "write_merges" : 0,
      "read_ticks" : 5877,
      "write_ticks" : 0,
      "in_queue" : 5877,
      "util" : 59.903962
    }
  ]
}
