{
  "fio version" : "fio-3.37-1-g294e-dirty",
  "timestamp" : 1744200760,
  "timestamp_ms" : 1744200760230,
  "time" : "Wed Apr  9 12:12:40 2025",
  "global options" : {
    "cpus_allowed_policy" : "split",
    "ioengine" : "libstorage",
    "rw" : "randread",
    "thread" : "1",
    "group_reporting" : "1",
    "direct" : "1",
    "verify" : "0",
    "runtime" : "5s",
    "percentile_list" : "50:99:99.5:99.9:99.99:99.999",
    "lat_percentiles" : "1",
    "clat_percentiles" : "0",
    "filename" : "/dev/nvme0"
  },
  "jobs" : [
    {
      "jobname" : "lapp",
      "groupid" : 0,
      "job_start" : 1744200755003,
      "error" : 0,
      "eta" : 0,
      "elapsed" : 6,
      "job options" : {
        "iodepth" : "1",
        "bs" : "4K",
        "numjobs" : "12",
        "cpus_allowed" : "101-106",
        "intr" : "1"
      },
      "read" : {
        "io_bytes" : 22217441280,
        "io_kbytes" : 21696720,
        "bw_bytes" : 4442599736,
        "bw" : 4338476,
        "iops" : 1084619.076185,
        "runtime" : 5001,
        "total_ios" : 5424180,
        "short_ios" : 0,
        "drop_ios" : 0,
        "slat_ns" : {
          "min" : 142,
          "max" : 105405,
          "mean" : 316.416530,
          "stddev" : 721.221540,
          "N" : 5424180
        },
        "clat_ns" : {
          "min" : 134,
          "max" : 912152,
          "mean" : 10297.130476,
          "stddev" : 1989.271200,
          "N" : 5424180
        },
        "lat_ns" : {
          "min" : 5037,
          "max" : 912495,
          "mean" : 10613.547006,
          "stddev" : 2090.704271,
          "N" : 5424180,
          "percentile" : {
            "50.000000" : 10560,
            "99.000000" : 16768,
            "99.500000" : 17792,
            "99.900000" : 24704,
            "99.990000" : 43264,
            "99.999000" : 65280
          }
        },
        "bw_min" : 4312751,
        "bw_max" : 4365224,
        "bw_agg" : 100.000000,
        "bw_mean" : 4339696.000000,
        "bw_dev" : 1799.775794,
        "bw_samples" : 120,
        "iops_min" : 1078187,
        "iops_max" : 1091306,
        "iops_mean" : 1084923.800000,
        "iops_stddev" : 449.959623,
        "iops_samples" : 120
      },
      "write" : {
        "io_bytes" : 0,
        "io_kbytes" : 0,
        "bw_bytes" : 0,
        "bw" : 0,
        "iops" : 0.000000,
        "runtime" : 0,
        "total_ios" : 0,
        "short_ios" : 0,
        "drop_ios" : 0,
        "slat_ns" : {
          "min" : 0,
          "max" : 0,
          "mean" : 0.000000,
          "stddev" : 0.000000,
          "N" : 0
        },
        "clat_ns" : {
          "min" : 0,
          "max" : 0,
          "mean" : 0.000000,
          "stddev" : 0.000000,
          "N" : 0
        },
        "lat_ns" : {
          "min" : 0,
          "max" : 0,
          "mean" : 0.000000,
          "stddev" : 0.000000,
          "N" : 0
        },
        "bw_min" : 0,
        "bw_max" : 0,
        "bw_agg" : 0.000000,
        "bw_mean" : 0.000000,
        "bw_dev" : 0.000000,
        "bw_samples" : 0,
        "iops_min" : 0,
        "iops_max" : 0,
        "iops_mean" : 0.000000,
        "iops_stddev" : 0.000000,
        "iops_samples" : 0
      },
      "trim" : {
        "io_bytes" : 0,
        "io_kbytes" : 0,
        "bw_bytes" : 0,
        "bw" : 0,
        "iops" : 0.000000,
        "runtime" : 0,
        "total_ios" : 0,
        "short_ios" : 0,
        "drop_ios" : 0,
        "slat_ns" : {
          "min" : 0,
          "max" : 0,
          "mean" : 0.000000,
          "stddev" : 0.000000,
          "N" : 0
        },
        "clat_ns" : {
          "min" : 0,
          "max" : 0,
          "mean" : 0.000000,
          "stddev" : 0.000000,
          "N" : 0
        },
        "lat_ns" : {
          "min" : 0,
          "max" : 0,
          "mean" : 0.000000,
          "stddev" : 0.000000,
          "N" : 0
        },
        "bw_min" : 0,
        "bw_max" : 0,
        "bw_agg" : 0.000000,
        "bw_mean" : 0.000000,
        "bw_dev" : 0.000000,
        "bw_samples" : 0,
        "iops_min" : 0,
        "iops_max" : 0,
        "iops_mean" : 0.000000,
        "iops_stddev" : 0.000000,
        "iops_samples" : 0
      },
      "sync" : {
        "total_ios" : 0,
        "lat_ns" : {
          "min" : 0,
          "max" : 0,
          "mean" : 0.000000,
          "stddev" : 0.000000,
          "N" : 0
        }
      },
      "job_runtime" : 60000,
      "usr_cpu" : 21.698333,
      "sys_cpu" : 20.220000,
      "ctx" : 5833429,
      "majf" : 0,
      "minf" : 8705,
      "iodepth_level" : {
        "1" : 100.000000,
        "2" : 0.000000,
        "4" : 0.000000,
        "8" : 0.000000,
        "16" : 0.000000,
        "32" : 0.000000,
        ">=64" : 0.000000
      },
      "iodepth_submit" : {
        "0" : 0.000000,
        "4" : 100.000000,
        "8" : 0.000000,
        "16" : 0.000000,
        "32" : 0.000000,
        "64" : 0.000000,
        ">=64" : 0.000000
      },
      "iodepth_complete" : {
        "0" : 0.000000,
        "4" : 100.000000,
        "8" : 0.000000,
        "16" : 0.000000,
        "32" : 0.000000,
        "64" : 0.000000,
        ">=64" : 0.000000
      },
      "latency_ns" : {
        "2" : 0.000000,
        "4" : 0.000000,
        "10" : 0.000000,
        "20" : 0.000000,
        "50" : 0.000000,
        "100" : 0.000000,
        "250" : 0.089322,
        "500" : 0.010000,
        "750" : 0.010000,
        "1000" : 0.010000
      },
      "latency_us" : {
        "2" : 0.010000,
        "4" : 0.010000,
        "10" : 25.102154,
        "20" : 74.610503,
        "50" : 0.186480,
        "100" : 0.010000,
        "250" : 0.010000,
        "500" : 0.010000,
        "750" : 0.010000,
        "1000" : 0.010000
      },
      "latency_ms" : {
        "2" : 0.000000,
        "4" : 0.000000,
        "10" : 0.000000,
        "20" : 0.000000,
        "50" : 0.000000,
        "100" : 0.000000,
        "250" : 0.000000,
        "500" : 0.000000,
        "750" : 0.000000,
        "1000" : 0.000000,
        "2000" : 0.000000,
        ">=2000" : 0.000000
      },
      "latency_depth" : 1,
      "latency_target" : 0,
      "latency_percentile" : 100.000000,
      "latency_window" : 0
    }
  ]
}
