{
  "fio version" : "fio-3.37-1-g294e-dirty",
  "timestamp" : 1744200772,
  "timestamp_ms" : 1744200772195,
  "time" : "Wed Apr  9 12:12:52 2025",
  "global options" : {
    "cpus_allowed_policy" : "split",
    "ioengine" : "libstorage",
    "rw" : "randread",
    "thread" : "1",
    "group_reporting" : "1",
    "direct" : "1",
    "verify" : "0",
    "runtime" : "5s",
    "percentile_list" : "50:99:99.5:99.9:99.99:99.999",
    "lat_percentiles" : "1",
    "clat_percentiles" : "0",
    "filename" : "/dev/nvme0"
  },
  "jobs" : [
    {
      "jobname" : "lapp",
      "groupid" : 0,
      "job_start" : 1744200767052,
      "error" : 0,
      "eta" : 0,
      "elapsed" : 6,
      "job options" : {
        "iodepth" : "1",
        "bs" : "4K",
        "numjobs" : "12",
        "cpus_allowed" : "101-107",
        "intr" : "1"
      },
      "read" : {
        "io_bytes" : 23131926528,
        "io_kbytes" : 22589772,
        "bw_bytes" : 4625460213,
        "bw" : 4517050,
        "iops" : 1129262.747451,
        "runtime" : 5001,
        "total_ios" : 5647443,
        "short_ios" : 0,
        "drop_ios" : 0,
        "slat_ns" : {
          "min" : 143,
          "max" : 892557,
          "mean" : 290.459160,
          "stddev" : 696.129054,
          "N" : 5647443
        },
        "clat_ns" : {
          "min" : 135,
          "max" : 930160,
          "mean" : 9911.309281,
          "stddev" : 1866.593325,
          "N" : 5647443
        },
        "lat_ns" : {
          "min" : 5360,
          "max" : 930527,
          "mean" : 10201.768441,
          "stddev" : 1978.230517,
          "N" : 5647443,
          "percentile" : {
            "50.000000" : 10432,
            "99.000000" : 16320,
            "99.500000" : 17024,
            "99.900000" : 22144,
            "99.990000" : 39168,
            "99.999000" : 63232
          }
        },
        "bw_min" : 4505994,
        "bw_max" : 4532520,
        "bw_agg" : 100.000000,
        "bw_mean" : 4518632.800000,
        "bw_dev" : 783.859063,
        "bw_samples" : 120,
        "iops_min" : 1126498,
        "iops_max" : 1133130,
        "iops_mean" : 1129657.800000,
        "iops_stddev" : 195.991121,
        "iops_samples" : 120
      },
      "write" : {
        "io_bytes" : 0,
        "io_kbytes" : 0,
        "bw_bytes" : 0,
        "bw" : 0,
        "iops" : 0.000000,
        "runtime" : 0,
        "total_ios" : 0,
        "short_ios" : 0,
        "drop_ios" : 0,
        "slat_ns" : {
          "min" : 0,
          "max" : 0,
          "mean" : 0.000000,
          "stddev" : 0.000000,
          "N" : 0
        },
        "clat_ns" : {
          "min" : 0,
          "max" : 0,
          "mean" : 0.000000,
          "stddev" : 0.000000,
          "N" : 0
        },
        "lat_ns" : {
          "min" : 0,
          "max" : 0,
          "mean" : 0.000000,
          "stddev" : 0.000000,
          "N" : 0
        },
        "bw_min" : 0,
        "bw_max" : 0,
        "bw_agg" : 0.000000,
        "bw_mean" : 0.000000,
        "bw_dev" : 0.000000,
        "bw_samples" : 0,
        "iops_min" : 0,
        "iops_max" : 0,
        "iops_mean" : 0.000000,
        "iops_stddev" : 0.000000,
        "iops_samples" : 0
      },
      "trim" : {
        "io_bytes" : 0,
        "io_kbytes" : 0,
        "bw_bytes" : 0,
        "bw" : 0,
        "iops" : 0.000000,
        "runtime" : 0,
        "total_ios" : 0,
        "short_ios" : 0,
        "drop_ios" : 0,
        "slat_ns" : {
          "min" : 0,
          "max" : 0,
          "mean" : 0.000000,
          "stddev" : 0.000000,
          "N" : 0
        },
        "clat_ns" : {
          "min" : 0,
          "max" : 0,
          "mean" : 0.000000,
          "stddev" : 0.000000,
          "N" : 0
        },
        "lat_ns" : {
          "min" : 0,
          "max" : 0,
          "mean" : 0.000000,
          "stddev" : 0.000000,
          "N" : 0
        },
        "bw_min" : 0,
        "bw_max" : 0,
        "bw_agg" : 0.000000,
        "bw_mean" : 0.000000,
        "bw_dev" : 0.000000,
        "bw_samples" : 0,
        "iops_min" : 0,
        "iops_max" : 0,
        "iops_mean" : 0.000000,
        "iops_stddev" : 0.000000,
        "iops_samples" : 0
      },
      "sync" : {
        "total_ios" : 0,
        "lat_ns" : {
          "min" : 0,
          "max" : 0,
          "mean" : 0.000000,
          "stddev" : 0.000000,
          "N" : 0
        }
      },
      "job_runtime" : 60000,
      "usr_cpu" : 21.378333,
      "sys_cpu" : 20.831667,
      "ctx" : 5971267,
      "majf" : 0,
      "minf" : 4215,
      "iodepth_level" : {
        "1" : 100.000000,
        "2" : 0.000000,
        "4" : 0.000000,
        "8" : 0.000000,
        "16" : 0.000000,
        "32" : 0.000000,
        ">=64" : 0.000000
      },
      "iodepth_submit" : {
        "0" : 0.000000,
        "4" : 100.000000,
        "8" : 0.000000,
        "16" : 0.000000,
        "32" : 0.000000,
        "64" : 0.000000,
        ">=64" : 0.000000
      },
      "iodepth_complete" : {
        "0" : 0.000000,
        "4" : 100.000000,
        "8" : 0.000000,
        "16" : 0.000000,
        "32" : 0.000000,
        "64" : 0.000000,
        ">=64" : 0.000000
      },
      "latency_ns" : {
        "2" : 0.000000,
        "4" : 0.000000,
        "10" : 0.000000,
        "20" : 0.000000,
        "50" : 0.000000,
        "100" : 0.000000,
        "250" : 0.054839,
        "500" : 0.010000,
        "750" : 0.010000,
        "1000" : 0.010000
      },
      "latency_us" : {
        "2" : 0.010000,
        "4" : 0.010000,
        "10" : 40.137120,
        "20" : 59.671890,
        "50" : 0.127544,
        "100" : 0.010000,
        "250" : 0.010000,
        "500" : 0.000000,
        "750" : 0.010000,
        "1000" : 0.010000
      },
      "latency_ms" : {
        "2" : 0.000000,
        "4" : 0.000000,
        "10" : 0.000000,
        "20" : 0.000000,
        "50" : 0.000000,
        "100" : 0.000000,
        "250" : 0.000000,
        "500" : 0.000000,
        "750" : 0.000000,
        "1000" : 0.000000,
        "2000" : 0.000000,
        ">=2000" : 0.000000
      },
      "latency_depth" : 1,
      "latency_target" : 0,
      "latency_percentile" : 100.000000,
      "latency_window" : 0
    }
  ]
}
