{
  "fio version" : "fio-3.37-1-g294e-dirty",
  "timestamp" : 1744202317,
  "timestamp_ms" : 1744202317368,
  "time" : "Wed Apr  9 12:38:37 2025",
  "global options" : {
    "cpus_allowed_policy" : "split",
    "ioengine" : "libstorage",
    "rw" : "randread",
    "thread" : "1",
    "group_reporting" : "1",
    "direct" : "1",
    "verify" : "0",
    "runtime" : "5s",
    "percentile_list" : "50:99:99.5:99.9:99.99:99.999",
    "lat_percentiles" : "1",
    "clat_percentiles" : "0",
    "filename" : "/dev/nvme0"
  },
  "jobs" : [
    {
      "jobname" : "lapp",
      "groupid" : 0,
      "job_start" : 1744202312246,
      "error" : 0,
      "eta" : 0,
      "elapsed" : 6,
      "job options" : {
        "iodepth" : "1",
        "bs" : "4K",
        "numjobs" : "12",
        "cpus_allowed" : "101-109",
        "intr" : "1"
      },
      "read" : {
        "io_bytes" : 24841281536,
        "io_kbytes" : 24259064,
        "bw_bytes" : 4967262854,
        "bw" : 4850842,
        "iops" : 1212710.657868,
        "runtime" : 5001,
        "total_ios" : 6064766,
        "short_ios" : 0,
        "drop_ios" : 0,
        "slat_ns" : {
          "min" : 142,
          "max" : 91526,
          "mean" : 262.532395,
          "stddev" : 404.574519,
          "N" : 6064766
        },
        "clat_ns" : {
          "min" : 134,
          "max" : 933896,
          "mean" : 9237.009217,
          "stddev" : 1781.847225,
          "N" : 6064766
        },
        "lat_ns" : {
          "min" : 4885,
          "max" : 943848,
          "mean" : 9499.541612,
          "stddev" : 1834.471951,
          "N" : 6064766,
          "percentile" : {
            "50.000000" : 8896,
            "99.000000" : 15168,
            "99.500000" : 16512,
            "99.900000" : 20096,
            "99.990000" : 36608,
            "99.999000" : 57600
          }
        },
        "bw_min" : 4832433,
        "bw_max" : 4864080,
        "bw_agg" : 100.000000,
        "bw_mean" : 4851973.800000,
        "bw_dev" : 810.379864,
        "bw_samples" : 120,
        "iops_min" : 1208108,
        "iops_max" : 1216020,
        "iops_mean" : 1212993.400000,
        "iops_stddev" : 202.568955,
        "iops_samples" : 120
      },
      "write" : {
        "io_bytes" : 0,
        "io_kbytes" : 0,
        "bw_bytes" : 0,
        "bw" : 0,
        "iops" : 0.000000,
        "runtime" : 0,
        "total_ios" : 0,
        "short_ios" : 0,
        "drop_ios" : 0,
        "slat_ns" : {
          "min" : 0,
          "max" : 0,
          "mean" : 0.000000,
          "stddev" : 0.000000,
          "N" : 0
        },
        "clat_ns" : {
          "min" : 0,
          "max" : 0,
          "mean" : 0.000000,
          "stddev" : 0.000000,
          "N" : 0
        },
        "lat_ns" : {
          "min" : 0,
          "max" : 0,
          "mean" : 0.000000,
          "stddev" : 0.000000,
          "N" : 0
        },
        "bw_min" : 0,
        "bw_max" : 0,
        "bw_agg" : 0.000000,
        "bw_mean" : 0.000000,
        "bw_dev" : 0.000000,
        "bw_samples" : 0,
        "iops_min" : 0,
        "iops_max" : 0,
        "iops_mean" : 0.000000,
        "iops_stddev" : 0.000000,
        "iops_samples" : 0
      },
      "trim" : {
        "io_bytes" : 0,
        "io_kbytes" : 0,
        "bw_bytes" : 0,
        "bw" : 0,
        "iops" : 0.000000,
        "runtime" : 0,
        "total_ios" : 0,
        "short_ios" : 0,
        "drop_ios" : 0,
        "slat_ns" : {
          "min" : 0,
          "max" : 0,
          "mean" : 0.000000,
          "stddev" : 0.000000,
          "N" : 0
        },
        "clat_ns" : {
          "min" : 0,
          "max" : 0,
          "mean" : 0.000000,
          "stddev" : 0.000000,
          "N" : 0
        },
        "lat_ns" : {
          "min" : 0,
          "max" : 0,
          "mean" : 0.000000,
          "stddev" : 0.000000,
          "N" : 0
        },
        "bw_min" : 0,
        "bw_max" : 0,
        "bw_agg" : 0.000000,
        "bw_mean" : 0.000000,
        "bw_dev" : 0.000000,
        "bw_samples" : 0,
        "iops_min" : 0,
        "iops_max" : 0,
        "iops_mean" : 0.000000,
        "iops_stddev" : 0.000000,
        "iops_samples" : 0
      },
      "sync" : {
        "total_ios" : 0,
        "lat_ns" : {
          "min" : 0,
          "max" : 0,
          "mean" : 0.000000,
          "stddev" : 0.000000,
          "N" : 0
        }
      },
      "job_runtime" : 60000,
      "usr_cpu" : 22.250000,
      "sys_cpu" : 20.790000,
      "ctx" : 6221458,
      "majf" : 0,
      "minf" : 8383,
      "iodepth_level" : {
        "1" : 100.000000,
        "2" : 0.000000,
        "4" : 0.000000,
        "8" : 0.000000,
        "16" : 0.000000,
        "32" : 0.000000,
        ">=64" : 0.000000
      },
      "iodepth_submit" : {
        "0" : 0.000000,
        "4" : 100.000000,
        "8" : 0.000000,
        "16" : 0.000000,
        "32" : 0.000000,
        "64" : 0.000000,
        ">=64" : 0.000000
      },
      "iodepth_complete" : {
        "0" : 0.000000,
        "4" : 100.000000,
        "8" : 0.000000,
        "16" : 0.000000,
        "32" : 0.000000,
        "64" : 0.000000,
        ">=64" : 0.000000
      },
      "latency_ns" : {
        "2" : 0.000000,
        "4" : 0.000000,
        "10" : 0.000000,
        "20" : 0.000000,
        "50" : 0.000000,
        "100" : 0.000000,
        "250" : 0.023793,
        "500" : 0.010000,
        "750" : 0.010000,
        "1000" : 0.010000
      },
      "latency_us" : {
        "2" : 0.010000,
        "4" : 0.010000,
        "10" : 63.504165,
        "20" : 36.381783,
        "50" : 0.084917,
        "100" : 0.010000,
        "250" : 0.010000,
        "500" : 0.000000,
        "750" : 0.010000,
        "1000" : 0.010000
      },
      "latency_ms" : {
        "2" : 0.000000,
        "4" : 0.000000,
        "10" : 0.000000,
        "20" : 0.000000,
        "50" : 0.000000,
        "100" : 0.000000,
        "250" : 0.000000,
        "500" : 0.000000,
        "750" : 0.000000,
        "1000" : 0.000000,
        "2000" : 0.000000,
        ">=2000" : 0.000000
      },
      "latency_depth" : 1,
      "latency_target" : 0,
      "latency_percentile" : 100.000000,
      "latency_window" : 0
    }
  ]
}
