{
  "fio version" : "fio-3.37-1-g294e-dirty",
  "timestamp" : 1744199733,
  "timestamp_ms" : 1744199733171,
  "time" : "Wed Apr  9 11:55:33 2025",
  "global options" : {
    "cpus_allowed_policy" : "split",
    "ioengine" : "libstorage",
    "rw" : "randread",
    "thread" : "1",
    "group_reporting" : "1",
    "direct" : "1",
    "verify" : "0",
    "runtime" : "5s",
    "percentile_list" : "50:99:99.5:99.9:99.99:99.999",
    "lat_percentiles" : "1",
    "clat_percentiles" : "0",
    "filename" : "/dev/nvme0"
  },
  "jobs" : [
    {
      "jobname" : "lapp",
      "groupid" : 0,
      "job_start" : 1744199728054,
      "error" : 0,
      "eta" : 0,
      "elapsed" : 6,
      "job options" : {
        "iodepth" : "1",
        "bs" : "4K",
        "numjobs" : "12",
        "cpus_allowed" : "101-105",
        "intr" : "1"
      },
      "read" : {
        "io_bytes" : 19198259200,
        "io_kbytes" : 18748300,
        "bw_bytes" : 3838884063,
        "bw" : 3748910,
        "iops" : 937227.554489,
        "runtime" : 5001,
        "total_ios" : 4687075,
        "short_ios" : 0,
        "drop_ios" : 0,
        "slat_ns" : {
          "min" : 141,
          "max" : 134857,
          "mean" : 499.507505,
          "stddev" : 1413.164164,
          "N" : 4687075
        },
        "clat_ns" : {
          "min" : 133,
          "max" : 1010027,
          "mean" : 11603.711830,
          "stddev" : 3923.438552,
          "N" : 4687075
        },
        "lat_ns" : {
          "min" : 5050,
          "max" : 1016800,
          "mean" : 12103.219335,
          "stddev" : 4159.369359,
          "N" : 4687075,
          "percentile" : {
            "50.000000" : 10944,
            "99.000000" : 25472,
            "99.500000" : 27008,
            "99.900000" : 35072,
            "99.990000" : 56064,
            "99.999000" : 89600
          }
        },
        "bw_min" : 3713376,
        "bw_max" : 3780440,
        "bw_agg" : 100.000000,
        "bw_mean" : 3749976.100000,
        "bw_dev" : 2084.230048,
        "bw_samples" : 120,
        "iops_min" : 928343,
        "iops_max" : 945112,
        "iops_mean" : 937494.100000,
        "iops_stddev" : 521.081438,
        "iops_samples" : 120
      },
      "write" : {
        "io_bytes" : 0,
        "io_kbytes" : 0,
        "bw_bytes" : 0,
        "bw" : 0,
        "iops" : 0.000000,
        "runtime" : 0,
        "total_ios" : 0,
        "short_ios" : 0,
        "drop_ios" : 0,
        "slat_ns" : {
          "min" : 0,
          "max" : 0,
          "mean" : 0.000000,
          "stddev" : 0.000000,
          "N" : 0
        },
        "clat_ns" : {
          "min" : 0,
          "max" : 0,
          "mean" : 0.000000,
          "stddev" : 0.000000,
          "N" : 0
        },
        "lat_ns" : {
          "min" : 0,
          "max" : 0,
          "mean" : 0.000000,
          "stddev" : 0.000000,
          "N" : 0
        },
        "bw_min" : 0,
        "bw_max" : 0,
        "bw_agg" : 0.000000,
        "bw_mean" : 0.000000,
        "bw_dev" : 0.000000,
        "bw_samples" : 0,
        "iops_min" : 0,
        "iops_max" : 0,
        "iops_mean" : 0.000000,
        "iops_stddev" : 0.000000,
        "iops_samples" : 0
      },
      "trim" : {
        "io_bytes" : 0,
        "io_kbytes" : 0,
        "bw_bytes" : 0,
        "bw" : 0,
        "iops" : 0.000000,
        "runtime" : 0,
        "total_ios" : 0,
        "short_ios" : 0,
        "drop_ios" : 0,
        "slat_ns" : {
          "min" : 0,
          "max" : 0,
          "mean" : 0.000000,
          "stddev" : 0.000000,
          "N" : 0
        },
        "clat_ns" : {
          "min" : 0,
          "max" : 0,
          "mean" : 0.000000,
          "stddev" : 0.000000,
          "N" : 0
        },
        "lat_ns" : {
          "min" : 0,
          "max" : 0,
          "mean" : 0.000000,
          "stddev" : 0.000000,
          "N" : 0
        },
        "bw_min" : 0,
        "bw_max" : 0,
        "bw_agg" : 0.000000,
        "bw_mean" : 0.000000,
        "bw_dev" : 0.000000,
        "bw_samples" : 0,
        "iops_min" : 0,
        "iops_max" : 0,
        "iops_mean" : 0.000000,
        "iops_stddev" : 0.000000,
        "iops_samples" : 0
      },
      "sync" : {
        "total_ios" : 0,
        "lat_ns" : {
          "min" : 0,
          "max" : 0,
          "mean" : 0.000000,
          "stddev" : 0.000000,
          "N" : 0
        }
      },
      "job_runtime" : 60000,
      "usr_cpu" : 17.865000,
      "sys_cpu" : 20.440000,
      "ctx" : 5315087,
      "majf" : 0,
      "minf" : 8685,
      "iodepth_level" : {
        "1" : 100.000000,
        "2" : 0.000000,
        "4" : 0.000000,
        "8" : 0.000000,
        "16" : 0.000000,
        "32" : 0.000000,
        ">=64" : 0.000000
      },
      "iodepth_submit" : {
        "0" : 0.000000,
        "4" : 100.000000,
        "8" : 0.000000,
        "16" : 0.000000,
        "32" : 0.000000,
        "64" : 0.000000,
        ">=64" : 0.000000
      },
      "iodepth_complete" : {
        "0" : 0.000000,
        "4" : 100.000000,
        "8" : 0.000000,
        "16" : 0.000000,
        "32" : 0.000000,
        "64" : 0.000000,
        ">=64" : 0.000000
      },
      "latency_ns" : {
        "2" : 0.000000,
        "4" : 0.000000,
        "10" : 0.000000,
        "20" : 0.000000,
        "50" : 0.000000,
        "100" : 0.000000,
        "250" : 0.195068,
        "500" : 0.010000,
        "750" : 0.010000,
        "1000" : 0.010000
      },
      "latency_us" : {
        "2" : 0.010000,
        "4" : 0.010000,
        "10" : 31.245585,
        "20" : 65.806500,
        "50" : 2.724727,
        "100" : 0.012865,
        "250" : 0.010000,
        "500" : 0.010000,
        "750" : 0.010000,
        "1000" : 0.010000
      },
      "latency_ms" : {
        "2" : 0.010000,
        "4" : 0.000000,
        "10" : 0.000000,
        "20" : 0.000000,
        "50" : 0.000000,
        "100" : 0.000000,
        "250" : 0.000000,
        "500" : 0.000000,
        "750" : 0.000000,
        "1000" : 0.000000,
        "2000" : 0.000000,
        ">=2000" : 0.000000
      },
      "latency_depth" : 1,
      "latency_target" : 0,
      "latency_percentile" : 100.000000,
      "latency_window" : 0
    }
  ]
}
