{
  "fio version" : "fio-3.37-1-g294e-dirty",
  "timestamp" : 1744200779,
  "timestamp_ms" : 1744200779756,
  "time" : "Wed Apr  9 12:12:59 2025",
  "global options" : {
    "cpus_allowed_policy" : "split",
    "ioengine" : "libstorage",
    "rw" : "randread",
    "thread" : "1",
    "group_reporting" : "1",
    "direct" : "1",
    "verify" : "0",
    "runtime" : "5s",
    "percentile_list" : "50:99:99.5:99.9:99.99:99.999",
    "lat_percentiles" : "1",
    "clat_percentiles" : "0",
    "filename" : "/dev/nvme0"
  },
  "jobs" : [
    {
      "jobname" : "lapp",
      "groupid" : 0,
      "job_start" : 1744200774652,
      "error" : 0,
      "eta" : 0,
      "elapsed" : 6,
      "job options" : {
        "iodepth" : "1",
        "bs" : "4K",
        "numjobs" : "12",
        "cpus_allowed" : "101-108",
        "intr" : "1"
      },
      "read" : {
        "io_bytes" : 23964377088,
        "io_kbytes" : 23402712,
        "bw_bytes" : 4791917034,
        "bw" : 4679606,
        "iops" : 1169901.619676,
        "runtime" : 5001,
        "total_ios" : 5850678,
        "short_ios" : 0,
        "drop_ios" : 0,
        "slat_ns" : {
          "min" : 143,
          "max" : 73055,
          "mean" : 273.719457,
          "stddev" : 481.854532,
          "N" : 5850678
        },
        "clat_ns" : {
          "min" : 135,
          "max" : 875754,
          "mean" : 9573.360880,
          "stddev" : 1898.177963,
          "N" : 5850678
        },
        "lat_ns" : {
          "min" : 5349,
          "max" : 885944,
          "mean" : 9847.080337,
          "stddev" : 1957.833326,
          "N" : 5850678,
          "percentile" : {
            "50.000000" : 10176,
            "99.000000" : 15680,
            "99.500000" : 16768,
            "99.900000" : 21632,
            "99.990000" : 40192,
            "99.999000" : 61696
          }
        },
        "bw_min" : 4664923,
        "bw_max" : 4697184,
        "bw_agg" : 100.000000,
        "bw_mean" : 4680845.200000,
        "bw_dev" : 847.329145,
        "bw_samples" : 120,
        "iops_min" : 1166230,
        "iops_max" : 1174296,
        "iops_mean" : 1170211.200000,
        "iops_stddev" : 211.847309,
        "iops_samples" : 120
      },
      "write" : {
        "io_bytes" : 0,
        "io_kbytes" : 0,
        "bw_bytes" : 0,
        "bw" : 0,
        "iops" : 0.000000,
        "runtime" : 0,
        "total_ios" : 0,
        "short_ios" : 0,
        "drop_ios" : 0,
        "slat_ns" : {
          "min" : 0,
          "max" : 0,
          "mean" : 0.000000,
          "stddev" : 0.000000,
          "N" : 0
        },
        "clat_ns" : {
          "min" : 0,
          "max" : 0,
          "mean" : 0.000000,
          "stddev" : 0.000000,
          "N" : 0
        },
        "lat_ns" : {
          "min" : 0,
          "max" : 0,
          "mean" : 0.000000,
          "stddev" : 0.000000,
          "N" : 0
        },
        "bw_min" : 0,
        "bw_max" : 0,
        "bw_agg" : 0.000000,
        "bw_mean" : 0.000000,
        "bw_dev" : 0.000000,
        "bw_samples" : 0,
        "iops_min" : 0,
        "iops_max" : 0,
        "iops_mean" : 0.000000,
        "iops_stddev" : 0.000000,
        "iops_samples" : 0
      },
      "trim" : {
        "io_bytes" : 0,
        "io_kbytes" : 0,
        "bw_bytes" : 0,
        "bw" : 0,
        "iops" : 0.000000,
        "runtime" : 0,
        "total_ios" : 0,
        "short_ios" : 0,
        "drop_ios" : 0,
        "slat_ns" : {
          "min" : 0,
          "max" : 0,
          "mean" : 0.000000,
          "stddev" : 0.000000,
          "N" : 0
        },
        "clat_ns" : {
          "min" : 0,
          "max" : 0,
          "mean" : 0.000000,
          "stddev" : 0.000000,
          "N" : 0
        },
        "lat_ns" : {
          "min" : 0,
          "max" : 0,
          "mean" : 0.000000,
          "stddev" : 0.000000,
          "N" : 0
        },
        "bw_min" : 0,
        "bw_max" : 0,
        "bw_agg" : 0.000000,
        "bw_mean" : 0.000000,
        "bw_dev" : 0.000000,
        "bw_samples" : 0,
        "iops_min" : 0,
        "iops_max" : 0,
        "iops_mean" : 0.000000,
        "iops_stddev" : 0.000000,
        "iops_samples" : 0
      },
      "sync" : {
        "total_ios" : 0,
        "lat_ns" : {
          "min" : 0,
          "max" : 0,
          "mean" : 0.000000,
          "stddev" : 0.000000,
          "N" : 0
        }
      },
      "job_runtime" : 60000,
      "usr_cpu" : 21.945000,
      "sys_cpu" : 20.670000,
      "ctx" : 6091047,
      "majf" : 0,
      "minf" : 8375,
      "iodepth_level" : {
        "1" : 100.000000,
        "2" : 0.000000,
        "4" : 0.000000,
        "8" : 0.000000,
        "16" : 0.000000,
        "32" : 0.000000,
        ">=64" : 0.000000
      },
      "iodepth_submit" : {
        "0" : 0.000000,
        "4" : 100.000000,
        "8" : 0.000000,
        "16" : 0.000000,
        "32" : 0.000000,
        "64" : 0.000000,
        ">=64" : 0.000000
      },
      "iodepth_complete" : {
        "0" : 0.000000,
        "4" : 100.000000,
        "8" : 0.000000,
        "16" : 0.000000,
        "32" : 0.000000,
        "64" : 0.000000,
        ">=64" : 0.000000
      },
      "latency_ns" : {
        "2" : 0.000000,
        "4" : 0.000000,
        "10" : 0.000000,
        "20" : 0.000000,
        "50" : 0.000000,
        "100" : 0.000000,
        "250" : 0.037124,
        "500" : 0.010000,
        "750" : 0.010000,
        "1000" : 0.010000
      },
      "latency_us" : {
        "2" : 0.010000,
        "4" : 0.010000,
        "10" : 51.409426,
        "20" : 48.431019,
        "50" : 0.114705,
        "100" : 0.010000,
        "250" : 0.010000,
        "500" : 0.010000,
        "750" : 0.010000,
        "1000" : 0.010000
      },
      "latency_ms" : {
        "2" : 0.000000,
        "4" : 0.000000,
        "10" : 0.000000,
        "20" : 0.000000,
        "50" : 0.000000,
        "100" : 0.000000,
        "250" : 0.000000,
        "500" : 0.000000,
        "750" : 0.000000,
        "1000" : 0.000000,
        "2000" : 0.000000,
        ">=2000" : 0.000000
      },
      "latency_depth" : 1,
      "latency_target" : 0,
      "latency_percentile" : 100.000000,
      "latency_window" : 0
    }
  ]
}
