{
  "fio version" : "fio-3.37-2-g07f73",
  "timestamp" : 1744701286,
  "timestamp_ms" : 1744701286557,
  "time" : "Tue Apr 15 07:14:46 2025",
  "global options" : {
    "lat_percentiles" : "1",
    "clat_percentiles" : "0",
    "cpus_allowed_policy" : "shared",
    "ioengine" : "io_uring",
    "rw" : "randread",
    "thread" : "1",
    "group_reporting" : "1",
    "percentile_list" : "50:99:99.5:99.9:99.99:99.999",
    "direct" : "1",
    "verify" : "0",
    "runtime" : "7s",
    "filename" : "/dev/nvme0n1"
  },
  "jobs" : [
    {
      "jobname" : "test",
      "groupid" : 0,
      "job_start" : 1744701279415,
      "error" : 0,
      "eta" : 0,
      "elapsed" : 8,
      "job options" : {
        "iodepth" : "1",
        "bs" : "4K",
        "numjobs" : "2",
        "cpus_allowed" : "110-113",
        "nice" : "0"
      },
      "read" : {
        "io_bytes" : 426708992,
        "io_kbytes" : 416708,
        "bw_bytes" : 60949720,
        "bw" : 59521,
        "iops" : 14880.302814,
        "runtime" : 7001,
        "total_ios" : 104177,
        "short_ios" : 0,
        "drop_ios" : 0,
        "slat_ns" : {
          "min" : 1288,
          "max" : 20452,
          "mean" : 1397.798660,
          "stddev" : 149.739286,
          "N" : 104177
        },
        "clat_ns" : {
          "min" : 6302,
          "max" : 172409,
          "mean" : 132399.811571,
          "stddev" : 9838.620287,
          "N" : 104177
        },
        "lat_ns" : {
          "min" : 8311,
          "max" : 173809,
          "mean" : 133797.610231,
          "stddev" : 9830.245443,
          "N" : 104177,
          "percentile" : {
            "50.000000" : 134144,
            "99.000000" : 148480,
            "99.500000" : 150528,
            "99.900000" : 156672,
            "99.990000" : 166912,
            "99.999000" : 171008
          }
        },
        "bw_min" : 58936,
        "bw_max" : 61984,
        "bw_agg" : 100.000000,
        "bw_mean" : 59529.714286,
        "bw_dev" : 440.300619,
        "bw_samples" : 28,
        "iops_min" : 14734,
        "iops_max" : 15496,
        "iops_mean" : 14882.428571,
        "iops_stddev" : 110.075155,
        "iops_samples" : 28
      },
      "write" : {
        "io_bytes" : 0,
        "io_kbytes" : 0,
        "bw_bytes" : 0,
        "bw" : 0,
        "iops" : 0.000000,
        "runtime" : 0,
        "total_ios" : 0,
        "short_ios" : 0,
        "drop_ios" : 0,
        "slat_ns" : {
          "min" : 0,
          "max" : 0,
          "mean" : 0.000000,
          "stddev" : 0.000000,
          "N" : 0
        },
        "clat_ns" : {
          "min" : 0,
          "max" : 0,
          "mean" : 0.000000,
          "stddev" : 0.000000,
          "N" : 0
        },
        "lat_ns" : {
          "min" : 0,
          "max" : 0,
          "mean" : 0.000000,
          "stddev" : 0.000000,
          "N" : 0
        },
        "bw_min" : 0,
        "bw_max" : 0,
        "bw_agg" : 0.000000,
        "bw_mean" : 0.000000,
        "bw_dev" : 0.000000,
        "bw_samples" : 0,
        "iops_min" : 0,
        "iops_max" : 0,
        "iops_mean" : 0.000000,
        "iops_stddev" : 0.000000,
        "iops_samples" : 0
      },
      "trim" : {
        "io_bytes" : 0,
        "io_kbytes" : 0,
        "bw_bytes" : 0,
        "bw" : 0,
        "iops" : 0.000000,
        "runtime" : 0,
        "total_ios" : 0,
        "short_ios" : 0,
        "drop_ios" : 0,
        "slat_ns" : {
          "min" : 0,
          "max" : 0,
          "mean" : 0.000000,
          "stddev" : 0.000000,
          "N" : 0
        },
        "clat_ns" : {
          "min" : 0,
          "max" : 0,
          "mean" : 0.000000,
          "stddev" : 0.000000,
          "N" : 0
        },
        "lat_ns" : {
          "min" : 0,
          "max" : 0,
          "mean" : 0.000000,
          "stddev" : 0.000000,
          "N" : 0
        },
        "bw_min" : 0,
        "bw_max" : 0,
        "bw_agg" : 0.000000,
        "bw_mean" : 0.000000,
        "bw_dev" : 0.000000,
        "bw_samples" : 0,
        "iops_min" : 0,
        "iops_max" : 0,
        "iops_mean" : 0.000000,
        "iops_stddev" : 0.000000,
        "iops_samples" : 0
      },
      "sync" : {
        "total_ios" : 0,
        "lat_ns" : {
          "min" : 0,
          "max" : 0,
          "mean" : 0.000000,
          "stddev" : 0.000000,
          "N" : 0
        }
      },
      "job_runtime" : 14000,
      "usr_cpu" : 1.200000,
      "sys_cpu" : 2.671429,
      "ctx" : 104186,
      "majf" : 0,
      "minf" : 12469,
      "iodepth_level" : {
        "1" : 100.000000,
        "2" : 0.000000,
        "4" : 0.000000,
        "8" : 0.000000,
        "16" : 0.000000,
        "32" : 0.000000,
        ">=64" : 0.000000
      },
      "iodepth_submit" : {
        "0" : 0.000000,
        "4" : 100.000000,
        "8" : 0.000000,
        "16" : 0.000000,
        "32" : 0.000000,
        "64" : 0.000000,
        ">=64" : 0.000000
      },
      "iodepth_complete" : {
        "0" : 0.000000,
        "4" : 100.000000,
        "8" : 0.000000,
        "16" : 0.000000,
        "32" : 0.000000,
        "64" : 0.000000,
        ">=64" : 0.000000
      },
      "latency_ns" : {
        "2" : 0.000000,
        "4" : 0.000000,
        "10" : 0.000000,
        "20" : 0.000000,
        "50" : 0.000000,
        "100" : 0.000000,
        "250" : 0.000000,
        "500" : 0.000000,
        "750" : 0.000000,
        "1000" : 0.000000
      },
      "latency_us" : {
        "2" : 0.000000,
        "4" : 0.000000,
        "10" : 0.506830,
        "20" : 0.031677,
        "50" : 0.022078,
        "100" : 0.012479,
        "250" : 99.426937,
        "500" : 0.000000,
        "750" : 0.000000,
        "1000" : 0.000000
      },
      "latency_ms" : {
        "2" : 0.000000,
        "4" : 0.000000,
        "10" : 0.000000,
        "20" : 0.000000,
        "50" : 0.000000,
        "100" : 0.000000,
        "250" : 0.000000,
        "500" : 0.000000,
        "750" : 0.000000,
        "1000" : 0.000000,
        "2000" : 0.000000,
        ">=2000" : 0.000000
      },
      "latency_depth" : 1,
      "latency_target" : 0,
      "latency_percentile" : 100.000000,
      "latency_window" : 0
    },
    {
      "jobname" : "tapp",
      "groupid" : 1,
      "job_start" : 1744701279420,
      "error" : 0,
      "eta" : 0,
      "elapsed" : 8,
      "job options" : {
        "iodepth" : "16",
        "bs" : "64K",
        "numjobs" : "1",
        "cpus_allowed" : "110-113",
        "nice" : "0"
      },
      "read" : {
        "io_bytes" : 51116638208,
        "io_kbytes" : 49918592,
        "bw_bytes" : 7301333839,
        "bw" : 7130208,
        "iops" : 111409.512927,
        "runtime" : 7001,
        "total_ios" : 779978,
        "short_ios" : 0,
        "drop_ios" : 0,
        "slat_ns" : {
          "min" : 3337,
          "max" : 51684,
          "mean" : 3800.777244,
          "stddev" : 730.391401,
          "N" : 779978
        },
        "clat_ns" : {
          "min" : 85873,
          "max" : 1522603,
          "mean" : 139431.810968,
          "stddev" : 6472.085693,
          "N" : 779978
        },
        "lat_ns" : {
          "min" : 91942,
          "max" : 1526077,
          "mean" : 143232.588211,
          "stddev" : 6407.459438,
          "N" : 779978,
          "percentile" : {
            "50.000000" : 142336,
            "99.000000" : 156672,
            "99.500000" : 158720,
            "99.900000" : 166912,
            "99.990000" : 179200,
            "99.999000" : 1253376
          }
        },
        "bw_min" : 7109376,
        "bw_max" : 7137792,
        "bw_agg" : 100.000000,
        "bw_mean" : 7131227.428571,
        "bw_dev" : 7832.967467,
        "bw_samples" : 14,
        "iops_min" : 111084,
        "iops_max" : 111528,
        "iops_mean" : 111425.428571,
        "iops_stddev" : 122.390117,
        "iops_samples" : 14
      },
      "write" : {
        "io_bytes" : 0,
        "io_kbytes" : 0,