{
  "fio version" : "fio-3.37-1-g294e-dirty",
  "timestamp" : 1744130424,
  "timestamp_ms" : 1744130424785,
  "time" : "Tue Apr  8 16:40:24 2025",
  "global options" : {
    "lat_percentiles" : "1",
    "clat_percentiles" : "0",
    "cpus_allowed_policy" : "shared",
    "ioengine" : "io_uring",
    "rw" : "randread",
    "thread" : "1",
    "group_reporting" : "1",
    "percentile_list" : "50:99:99.5:99.9:99.99:99.999",
    "direct" : "1",
    "verify" : "0",
    "runtime" : "7s",
    "filename" : "/dev/nvme0n1"
  },
  "jobs" : [
    {
      "jobname" : "test",
      "groupid" : 0,
      "job_start" : 1744130417644,
      "error" : 0,
      "eta" : 0,
      "elapsed" : 8,
      "job options" : {
        "iodepth" : "1",
        "bs" : "4K",
        "numjobs" : "3",
        "cpus_allowed" : "110-115",
        "nice" : "0"
      },
      "read" : {
        "io_bytes" : 644427776,
        "io_kbytes" : 629324,
        "bw_bytes" : 92047961,
        "bw" : 89890,
        "iops" : 22472.646765,
        "runtime" : 7001,
        "total_ios" : 157331,
        "short_ios" : 0,
        "drop_ios" : 0,
        "slat_ns" : {
          "min" : 1564,
          "max" : 28363,
          "mean" : 1838.691688,
          "stddev" : 194.735339,
          "N" : 157331
        },
        "clat_ns" : {
          "min" : 923,
          "max" : 170373,
          "mean" : 131073.733886,
          "stddev" : 15198.072145,
          "N" : 157331
        },
        "lat_ns" : {
          "min" : 8618,
          "max" : 172246,
          "mean" : 132912.425574,
          "stddev" : 15196.796786,
          "N" : 157331,
          "percentile" : {
            "50.000000" : 134144,
            "99.000000" : 148480,
            "99.500000" : 150528,
            "99.900000" : 156672,
            "99.990000" : 166912,
            "99.999000" : 173056
          }
        },
        "bw_min" : 88584,
        "bw_max" : 102704,
        "bw_agg" : 100.000000,
        "bw_mean" : 89911.857143,
        "bw_dev" : 1212.460000,
        "bw_samples" : 42,
        "iops_min" : 22146,
        "iops_max" : 25676,
        "iops_mean" : 22477.857143,
        "iops_stddev" : 303.127588,
        "iops_samples" : 42
      },
      "write" : {
        "io_bytes" : 0,
        "io_kbytes" : 0,
        "bw_bytes" : 0,
        "bw" : 0,
        "iops" : 0.000000,
        "runtime" : 0,
        "total_ios" : 0,
        "short_ios" : 0,
        "drop_ios" : 0,
        "slat_ns" : {
          "min" : 0,
          "max" : 0,
          "mean" : 0.000000,
          "stddev" : 0.000000,
          "N" : 0
        },
        "clat_ns" : {
          "min" : 0,
          "max" : 0,
          "mean" : 0.000000,
          "stddev" : 0.000000,
          "N" : 0
        },
        "lat_ns" : {
          "min" : 0,
          "max" : 0,
          "mean" : 0.000000,
          "stddev" : 0.000000,
          "N" : 0
        },
        "bw_min" : 0,
        "bw_max" : 0,
        "bw_agg" : 0.000000,
        "bw_mean" : 0.000000,
        "bw_dev" : 0.000000,
        "bw_samples" : 0,
        "iops_min" : 0,
        "iops_max" : 0,
        "iops_mean" : 0.000000,
        "iops_stddev" : 0.000000,
        "iops_samples" : 0
      },
      "trim" : {
        "io_bytes" : 0,
        "io_kbytes" : 0,
        "bw_bytes" : 0,
        "bw" : 0,
        "iops" : 0.000000,
        "runtime" : 0,
        "total_ios" : 0,
        "short_ios" : 0,
        "drop_ios" : 0,
        "slat_ns" : {
          "min" : 0,
          "max" : 0,
          "mean" : 0.000000,
          "stddev" : 0.000000,
          "N" : 0
        },
        "clat_ns" : {
          "min" : 0,
          "max" : 0,
          "mean" : 0.000000,
          "stddev" : 0.000000,
          "N" : 0
        },
        "lat_ns" : {
          "min" : 0,
          "max" : 0,
          "mean" : 0.000000,
          "stddev" : 0.000000,
          "N" : 0
        },
        "bw_min" : 0,
        "bw_max" : 0,
        "bw_agg" : 0.000000,
        "bw_mean" : 0.000000,
        "bw_dev" : 0.000000,
        "bw_samples" : 0,
        "iops_min" : 0,
        "iops_max" : 0,
        "iops_mean" : 0.000000,
        "iops_stddev" : 0.000000,
        "iops_samples" : 0
      },
      "sync" : {
        "total_ios" : 0,
        "lat_ns" : {
          "min" : 0,
          "max" : 0,
          "mean" : 0.000000,
          "stddev" : 0.000000,
          "N" : 0
        }
      },
      "job_runtime" : 21000,
      "usr_cpu" : 0.852381,
      "sys_cpu" : 2.957143,
      "ctx" : 157341,
      "majf" : 0,
      "minf" : 18545,
      "iodepth_level" : {
        "1" : 100.000000,
        "2" : 0.000000,
        "4" : 0.000000,
        "8" : 0.000000,
        "16" : 0.000000,
        "32" : 0.000000,
        ">=64" : 0.000000
      },
      "iodepth_submit" : {
        "0" : 0.000000,
        "4" : 100.000000,
        "8" : 0.000000,
        "16" : 0.000000,
        "32" : 0.000000,
        "64" : 0.000000,
        ">=64" : 0.000000
      },
      "iodepth_complete" : {
        "0" : 0.000000,
        "4" : 100.000000,
        "8" : 0.000000,
        "16" : 0.000000,
        "32" : 0.000000,
        "64" : 0.000000,
        ">=64" : 0.000000
      },
      "latency_ns" : {
        "2" : 0.000000,
        "4" : 0.000000,
        "10" : 0.000000,
        "20" : 0.000000,
        "50" : 0.000000,
        "100" : 0.000000,
        "250" : 0.000000,
        "500" : 0.000000,
        "750" : 0.000000,
        "1000" : 0.010000
      },
      "latency_us" : {
        "2" : 0.000000,
        "4" : 0.000000,
        "10" : 1.397690,
        "20" : 0.032416,
        "50" : 0.027331,
        "100" : 0.010000,
        "250" : 98.534936,
        "500" : 0.000000,
        "750" : 0.000000,
        "1000" : 0.000000
      },
      "latency_ms" : {
        "2" : 0.000000,
        "4" : 0.000000,
        "10" : 0.000000,
        "20" : 0.000000,
        "50" : 0.000000,
        "100" : 0.000000,
        "250" : 0.000000,
        "500" : 0.000000,
        "750" : 0.000000,
        "1000" : 0.000000,
        "2000" : 0.000000,
        ">=2000" : 0.000000
      },
      "latency_depth" : 1,
      "latency_target" : 0,
      "latency_percentile" : 100.000000,
      "latency_window" : 0
    },
    {
      "jobname" : "tapp",
      "groupid" : 1,
      "job_start" : 1744130417638,
      "error" : 0,
      "eta" : 0,
      "elapsed" : 8,
      "job options" : {
        "iodepth" : "16",
        "bs" : "64K",
        "numjobs" : "1",
        "cpus_allowed" : "110-115",
        "nice" : "0"
      },
      "read" : {
        "io_bytes" : 50871730176,
        "io_kbytes" : 49679424,
        "bw_bytes" : 7266351974,
        "bw" : 7096046,
        "iops" : 110875.732038,
        "runtime" : 7001,
        "total_ios" : 776241,
        "short_ios" : 0,
        "drop_ios" : 0,
        "slat_ns" : {
          "min" : 3567,
          "max" : 910971,
          "mean" : 4360.478019,
          "stddev" : 1277.622085,
          "N" : 776241
        },
        "clat_ns" : {
          "min" : 84085,
          "max" : 1638969,
          "mean" : 139563.811951,
          "stddev" : 6957.238005,
          "N" : 776241
        },
        "lat_ns" : {
          "min" : 89510,
          "max" : 1685965,
          "mean" : 143924.289971,
          "stddev" : 7157.946692,
          "N" : 776241,
          "percentile" : {
            "50.000000" : 144384,
            "99.000000" : 158720,
            "99.500000" : 160768,
            "99.900000" : 166912,
            "99.990000" : 179200,
            "99.999000" : 1400832
          }
        },
        "bw_min" : 7077248,
        "bw_max" : 7108352,
        "bw_agg" : 100.000000,
        "bw_mean" : 7097060.571429,
        "bw_dev" : 8773.827213,
        "bw_samples" : 14,
        "iops_min" : 110582,
        "iops_max" : 111068,
        "iops_mean" : 110891.571429,
        "iops_stddev" : 137.091050,
        "iops_samples" : 14
      },
      "write" : {
        "io_bytes" : 0,