{
  "fio version" : "fio-3.37-2-g07f73",
  "timestamp" : 1744701295,
  "timestamp_ms" : 1744701295144,
  "time" : "Tue Apr 15 07:14:55 2025",
  "global options" : {
    "lat_percentiles" : "1",
    "clat_percentiles" : "0",
    "cpus_allowed_policy" : "shared",
    "ioengine" : "io_uring",
    "rw" : "randread",
    "thread" : "1",
    "group_reporting" : "1",
    "percentile_list" : "50:99:99.5:99.9:99.99:99.999",
    "direct" : "1",
    "verify" : "0",
    "runtime" : "7s",
    "filename" : "/dev/nvme0n1"
  },
  "jobs" : [
    {
      "jobname" : "test",
      "groupid" : 0,
      "job_start" : 1744701288004,
      "error" : 0,
      "eta" : 0,
      "elapsed" : 8,
      "job options" : {
        "iodepth" : "1",
        "bs" : "4K",
        "numjobs" : "4",
        "cpus_allowed" : "110-113",
        "nice" : "0"
      },
      "read" : {
        "io_bytes" : 845144064,
        "io_kbytes" : 825336,
        "bw_bytes" : 120717620,
        "bw" : 117888,
        "iops" : 29472.075418,
        "runtime" : 7001,
        "total_ios" : 206334,
        "short_ios" : 0,
        "drop_ios" : 0,
        "slat_ns" : {
          "min" : 1299,
          "max" : 20089,
          "mean" : 1396.987351,
          "stddev" : 175.372668,
          "N" : 206334
        },
        "clat_ns" : {
          "min" : 229,
          "max" : 172507,
          "mean" : 133761.200776,
          "stddev" : 7311.370166,
          "N" : 206334
        },
        "lat_ns" : {
          "min" : 7153,
          "max" : 173886,
          "mean" : 135158.188127,
          "stddev" : 7287.240771,
          "N" : 206334,
          "percentile" : {
            "50.000000" : 134144,
            "99.000000" : 148480,
            "99.500000" : 150528,
            "99.900000" : 158720,
            "99.990000" : 166912,
            "99.999000" : 171008
          }
        },
        "bw_min" : 117336,
        "bw_max" : 119592,
        "bw_agg" : 100.000000,
        "bw_mean" : 117905.142857,
        "bw_dev" : 154.785683,
        "bw_samples" : 56,
        "iops_min" : 29334,
        "iops_max" : 29898,
        "iops_mean" : 29476.285714,
        "iops_stddev" : 38.696421,
        "iops_samples" : 56
      },
      "write" : {
        "io_bytes" : 0,
        "io_kbytes" : 0,
        "bw_bytes" : 0,
        "bw" : 0,
        "iops" : 0.000000,
        "runtime" : 0,
        "total_ios" : 0,
        "short_ios" : 0,
        "drop_ios" : 0,
        "slat_ns" : {
          "min" : 0,
          "max" : 0,
          "mean" : 0.000000,
          "stddev" : 0.000000,
          "N" : 0
        },
        "clat_ns" : {
          "min" : 0,
          "max" : 0,
          "mean" : 0.000000,
          "stddev" : 0.000000,
          "N" : 0
        },
        "lat_ns" : {
          "min" : 0,
          "max" : 0,
          "mean" : 0.000000,
          "stddev" : 0.000000,
          "N" : 0
        },
        "bw_min" : 0,
        "bw_max" : 0,
        "bw_agg" : 0.000000,
        "bw_mean" : 0.000000,
        "bw_dev" : 0.000000,
        "bw_samples" : 0,
        "iops_min" : 0,
        "iops_max" : 0,
        "iops_mean" : 0.000000,
        "iops_stddev" : 0.000000,
        "iops_samples" : 0
      },
      "trim" : {
        "io_bytes" : 0,
        "io_kbytes" : 0,
        "bw_bytes" : 0,
        "bw" : 0,
        "iops" : 0.000000,
        "runtime" : 0,
        "total_ios" : 0,
        "short_ios" : 0,
        "drop_ios" : 0,
        "slat_ns" : {
          "min" : 0,
          "max" : 0,
          "mean" : 0.000000,
          "stddev" : 0.000000,
          "N" : 0
        },
        "clat_ns" : {
          "min" : 0,
          "max" : 0,
          "mean" : 0.000000,
          "stddev" : 0.000000,
          "N" : 0
        },
        "lat_ns" : {
          "min" : 0,
          "max" : 0,
          "mean" : 0.000000,
          "stddev" : 0.000000,
          "N" : 0
        },
        "bw_min" : 0,
        "bw_max" : 0,
        "bw_agg" : 0.000000,
        "bw_mean" : 0.000000,
        "bw_dev" : 0.000000,
        "bw_samples" : 0,
        "iops_min" : 0,
        "iops_max" : 0,
        "iops_mean" : 0.000000,
        "iops_stddev" : 0.000000,
        "iops_samples" : 0
      },
      "sync" : {
        "total_ios" : 0,
        "lat_ns" : {
          "min" : 0,
          "max" : 0,
          "mean" : 0.000000,
          "stddev" : 0.000000,
          "N" : 0
        }
      },
      "job_runtime" : 28000,
      "usr_cpu" : 1.064286,
      "sys_cpu" : 2.778571,
      "ctx" : 206394,
      "majf" : 0,
      "minf" : 24234,
      "iodepth_level" : {
        "1" : 100.000000,
        "2" : 0.000000,
        "4" : 0.000000,
        "8" : 0.000000,
        "16" : 0.000000,
        "32" : 0.000000,
        ">=64" : 0.000000
      },
      "iodepth_submit" : {
        "0" : 0.000000,
        "4" : 100.000000,
        "8" : 0.000000,
        "16" : 0.000000,
        "32" : 0.000000,
        "64" : 0.000000,
        ">=64" : 0.000000
      },
      "iodepth_complete" : {
        "0" : 0.000000,
        "4" : 100.000000,
        "8" : 0.000000,
        "16" : 0.000000,
        "32" : 0.000000,
        "64" : 0.000000,
        ">=64" : 0.000000
      },
      "latency_ns" : {
        "2" : 0.000000,
        "4" : 0.000000,
        "10" : 0.000000,
        "20" : 0.000000,
        "50" : 0.000000,
        "100" : 0.000000,
        "250" : 0.010000,
        "500" : 0.010000,
        "750" : 0.000000,
        "1000" : 0.000000
      },
      "latency_us" : {
        "2" : 0.000000,
        "4" : 0.010000,
        "10" : 0.189499,
        "20" : 0.072213,
        "50" : 0.032956,
        "100" : 0.010662,
        "250" : 99.691762,
        "500" : 0.000000,
        "750" : 0.000000,
        "1000" : 0.000000
      },
      "latency_ms" : {
        "2" : 0.000000,
        "4" : 0.000000,
        "10" : 0.000000,
        "20" : 0.000000,
        "50" : 0.000000,
        "100" : 0.000000,
        "250" : 0.000000,
        "500" : 0.000000,
        "750" : 0.000000,
        "1000" : 0.000000,
        "2000" : 0.000000,
        ">=2000" : 0.000000
      },
      "latency_depth" : 1,
      "latency_target" : 0,
      "latency_percentile" : 100.000000,
      "latency_window" : 0
    },
    {
      "jobname" : "tapp",
      "groupid" : 1,
      "job_start" : 1744701288004,
      "error" : 0,
      "eta" : 0,
      "elapsed" : 8,
      "job options" : {
        "iodepth" : "16",
        "bs" : "64K",
        "numjobs" : "1",
        "cpus_allowed" : "110-113",
        "nice" : "0"
      },
      "read" : {
        "io_bytes" : 50629705728,
        "io_kbytes" : 49443072,
        "bw_bytes" : 7231781992,
        "bw" : 7062287,
        "iops" : 110348.235966,
        "runtime" : 7001,
        "total_ios" : 772548,
        "short_ios" : 0,
        "drop_ios" : 0,
        "slat_ns" : {
          "min" : 3165,
          "max" : 986144,
          "mean" : 3582.795327,
          "stddev" : 1296.710543,
          "N" : 772548
        },
        "clat_ns" : {
          "min" : 88097,
          "max" : 1616128,
          "mean" : 141027.695258,
          "stddev" : 7310.042461,
          "N" : 772548
        },
        "lat_ns" : {
          "min" : 93478,
          "max" : 1619740,
          "mean" : 144610.490584,
          "stddev" : 7440.053630,
          "N" : 772548,
          "percentile" : {
            "50.000000" : 144384,
            "99.000000" : 158720,
            "99.500000" : 160768,
            "99.900000" : 168960,
            "99.990000" : 179200,
            "99.999000" : 1433600
          }
        },
        "bw_min" : 7040768,
        "bw_max" : 7075072,
        "bw_agg" : 100.000000,
        "bw_mean" : 7063296.000000,
        "bw_dev" : 9102.064956,
        "bw_samples" : 14,
        "iops_min" : 110012,
        "iops_max" : 110548,
        "iops_mean" : 110364.000000,
        "iops_stddev" : 142.195964,
        "iops_samples" : 14
      },
      "write" : {
        "io_bytes" : 0,
        "io_kbytes" : 0,