{
  "fio version" : "fio-3.37-1-g294e-dirty",
  "timestamp" : 1744130441,
  "timestamp_ms" : 1744130441984,
  "time" : "Tue Apr  8 16:40:41 2025",
  "global options" : {
    "lat_percentiles" : "1",
    "clat_percentiles" : "0",
    "cpus_allowed_policy" : "shared",
    "ioengine" : "io_uring",
    "rw" : "randread",
    "thread" : "1",
    "group_reporting" : "1",
    "percentile_list" : "50:99:99.5:99.9:99.99:99.999",
    "direct" : "1",
    "verify" : "0",
    "runtime" : "7s",
    "filename" : "/dev/nvme0n1"
  },
  "jobs" : [
    {
      "jobname" : "test",
      "groupid" : 0,
      "job_start" : 1744130434851,
      "error" : 0,
      "eta" : 0,
      "elapsed" : 8,
      "job options" : {
        "iodepth" : "1",
        "bs" : "4K",
        "numjobs" : "9",
        "cpus_allowed" : "110-115",
        "nice" : "0"
      },
      "read" : {
        "io_bytes" : 1883394048,
        "io_kbytes" : 1839252,
        "bw_bytes" : 269017861,
        "bw" : 262712,
        "iops" : 65678.188830,
        "runtime" : 7001,
        "total_ios" : 459813,
        "short_ios" : 0,
        "drop_ios" : 0,
        "slat_ns" : {
          "min" : 1476,
          "max" : 35341,
          "mean" : 1864.997703,
          "stddev" : 245.547701,
          "N" : 459813
        },
        "clat_ns" : {
          "min" : 180,
          "max" : 3272827,
          "mean" : 134565.749977,
          "stddev" : 17408.401480,
          "N" : 459813
        },
        "lat_ns" : {
          "min" : 8825,
          "max" : 3288329,
          "mean" : 136430.747680,
          "stddev" : 17386.002584,
          "N" : 459813,
          "percentile" : {
            "50.000000" : 138240,
            "99.000000" : 152576,
            "99.500000" : 154624,
            "99.900000" : 162816,
            "99.990000" : 173056,
            "99.999000" : 193536
          }
        },
        "bw_min" : 258273,
        "bw_max" : 286264,
        "bw_agg" : 99.467953,
        "bw_mean" : 261315.368132,
        "bw_dev" : 920.041301,
        "bw_samples" : 123,
        "iops_min" : 64568,
        "iops_max" : 71566,
        "iops_mean" : 65328.824176,
        "iops_stddev" : 230.011485,
        "iops_samples" : 123
      },
      "write" : {
        "io_bytes" : 0,
        "io_kbytes" : 0,
        "bw_bytes" : 0,
        "bw" : 0,
        "iops" : 0.000000,
        "runtime" : 0,
        "total_ios" : 0,
        "short_ios" : 0,
        "drop_ios" : 0,
        "slat_ns" : {
          "min" : 0,
          "max" : 0,
          "mean" : 0.000000,
          "stddev" : 0.000000,
          "N" : 0
        },
        "clat_ns" : {
          "min" : 0,
          "max" : 0,
          "mean" : 0.000000,
          "stddev" : 0.000000,
          "N" : 0
        },
        "lat_ns" : {
          "min" : 0,
          "max" : 0,
          "mean" : 0.000000,
          "stddev" : 0.000000,
          "N" : 0
        },
        "bw_min" : 0,
        "bw_max" : 0,
        "bw_agg" : 0.000000,
        "bw_mean" : 0.000000,
        "bw_dev" : 0.000000,
        "bw_samples" : 0,
        "iops_min" : 0,
        "iops_max" : 0,
        "iops_mean" : 0.000000,
        "iops_stddev" : 0.000000,
        "iops_samples" : 0
      },
      "trim" : {
        "io_bytes" : 0,
        "io_kbytes" : 0,
        "bw_bytes" : 0,
        "bw" : 0,
        "iops" : 0.000000,
        "runtime" : 0,
        "total_ios" : 0,
        "short_ios" : 0,
        "drop_ios" : 0,
        "slat_ns" : {
          "min" : 0,
          "max" : 0,
          "mean" : 0.000000,
          "stddev" : 0.000000,
          "N" : 0
        },
        "clat_ns" : {
          "min" : 0,
          "max" : 0,
          "mean" : 0.000000,
          "stddev" : 0.000000,
          "N" : 0
        },
        "lat_ns" : {
          "min" : 0,
          "max" : 0,
          "mean" : 0.000000,
          "stddev" : 0.000000,
          "N" : 0
        },
        "bw_min" : 0,
        "bw_max" : 0,
        "bw_agg" : 0.000000,
        "bw_mean" : 0.000000,
        "bw_dev" : 0.000000,
        "bw_samples" : 0,
        "iops_min" : 0,
        "iops_max" : 0,
        "iops_mean" : 0.000000,
        "iops_stddev" : 0.000000,
        "iops_samples" : 0
      },
      "sync" : {
        "total_ios" : 0,
        "lat_ns" : {
          "min" : 0,
          "max" : 0,
          "mean" : 0.000000,
          "stddev" : 0.000000,
          "N" : 0
        }
      },
      "job_runtime" : 63000,
      "usr_cpu" : 0.907937,
      "sys_cpu" : 3.038095,
      "ctx" : 459919,
      "majf" : 0,
      "minf" : 54940,
      "iodepth_level" : {
        "1" : 100.000000,
        "2" : 0.000000,
        "4" : 0.000000,
        "8" : 0.000000,
        "16" : 0.000000,
        "32" : 0.000000,
        ">=64" : 0.000000
      },
      "iodepth_submit" : {
        "0" : 0.000000,
        "4" : 100.000000,
        "8" : 0.000000,
        "16" : 0.000000,
        "32" : 0.000000,
        "64" : 0.000000,
        ">=64" : 0.000000
      },
      "iodepth_complete" : {
        "0" : 0.000000,
        "4" : 100.000000,
        "8" : 0.000000,
        "16" : 0.000000,
        "32" : 0.000000,
        "64" : 0.000000,
        ">=64" : 0.000000
      },
      "latency_ns" : {
        "2" : 0.000000,
        "4" : 0.000000,
        "10" : 0.000000,
        "20" : 0.000000,
        "50" : 0.000000,
        "100" : 0.000000,
        "250" : 0.010000,
        "500" : 0.010000,
        "750" : 0.010000,
        "1000" : 0.010000
      },
      "latency_us" : {
        "2" : 0.010000,
        "4" : 0.000000,
        "10" : 0.491504,
        "20" : 1.057386,
        "50" : 0.270545,
        "100" : 0.014136,
        "250" : 98.159252,
        "500" : 0.000000,
        "750" : 0.010000,
        "1000" : 0.000000
      },
      "latency_ms" : {
        "2" : 0.000000,
        "4" : 0.010000,
        "10" : 0.000000,
        "20" : 0.000000,
        "50" : 0.000000,
        "100" : 0.000000,
        "250" : 0.000000,
        "500" : 0.000000,
        "750" : 0.000000,
        "1000" : 0.000000,
        "2000" : 0.000000,
        ">=2000" : 0.000000
      },
      "latency_depth" : 1,
      "latency_target" : 0,
      "latency_percentile" : 100.000000,
      "latency_window" : 0
    },
    {
      "jobname" : "tapp",
      "groupid" : 1,
      "job_start" : 1744130434836,
      "error" : 0,
      "eta" : 0,
      "elapsed" : 8,
      "job options" : {
        "iodepth" : "16",
        "bs" : "64K",
        "numjobs" : "1",
        "cpus_allowed" : "110-115",
        "nice" : "0"
      },
      "read" : {
        "io_bytes" : 49415585792,
        "io_kbytes" : 48257408,
        "bw_bytes" : 7058361061,
        "bw" : 6892930,
        "iops" : 107702.042565,
        "runtime" : 7001,
        "total_ios" : 754022,
        "short_ios" : 0,
        "drop_ios" : 0,
        "slat_ns" : {
          "min" : 3261,
          "max" : 1890104,
          "mean" : 4125.935298,
          "stddev" : 2793.587448,
          "N" : 754022
        },
        "clat_ns" : {
          "min" : 69489,
          "max" : 2677001,
          "mean" : 144043.125165,
          "stddev" : 13070.072297,
          "N" : 754022
        },
        "lat_ns" : {
          "min" : 73705,
          "max" : 2723396,
          "mean" : 148169.060462,
          "stddev" : 13483.054944,
          "N" : 754022,
          "percentile" : {
            "50.000000" : 148480,
            "99.000000" : 162816,
            "99.500000" : 164864,
            "99.900000" : 175104,
            "99.990000" : 242688,
            "99.999000" : 2441216
          }
        },
        "bw_min" : 6867712,
        "bw_max" : 6905344,
        "bw_agg" : 100.000000,
        "bw_mean" : 6893915.428571,
        "bw_dev" : 12878.374561,
        "bw_samples" : 14,
        "iops_min" : 107308,
        "iops_max" : 107896,
        "iops_mean" : 107717.428571,
        "iops_stddev" : 201.224603,
        "iops_samples" : 14
      },
      "write" : {
        "io_bytes" : 0,