{
  "fio version" : "fio-3.37-2-g07f73",
  "timestamp" : 1744701312,
  "timestamp_ms" : 1744701312362,
  "time" : "Tue Apr 15 07:15:12 2025",
  "global options" : {
    "lat_percentiles" : "1",
    "clat_percentiles" : "0",
    "cpus_allowed_policy" : "shared",
    "ioengine" : "io_uring",
    "rw" : "randread",
    "thread" : "1",
    "group_reporting" : "1",
    "percentile_list" : "50:99:99.5:99.9:99.99:99.999",
    "direct" : "1",
    "verify" : "0",
    "runtime" : "7s",
    "filename" : "/dev/nvme0n1"
  },
  "jobs" : [
    {
      "jobname" : "test",
      "groupid" : 0,
      "job_start" : 1744701305221,
      "error" : 0,
      "eta" : 0,
      "elapsed" : 8,
      "job options" : {
        "iodepth" : "1",
        "bs" : "4K",
        "numjobs" : "12",
        "cpus_allowed" : "110-113",
        "nice" : "0"
      },
      "read" : {
        "io_bytes" : 2510147584,
        "io_kbytes" : 2451316,
        "bw_bytes" : 358541291,
        "bw" : 350137,
        "iops" : 87534.495072,
        "runtime" : 7001,
        "total_ios" : 612829,
        "short_ios" : 0,
        "drop_ios" : 0,
        "slat_ns" : {
          "min" : 1255,
          "max" : 3891103,
          "mean" : 1422.800744,
          "stddev" : 5159.672488,
          "N" : 612829
        },
        "clat_ns" : {
          "min" : 164,
          "max" : 4311027,
          "mean" : 134990.850172,
          "stddev" : 26914.037841,
          "N" : 612829
        },
        "lat_ns" : {
          "min" : 6397,
          "max" : 4323356,
          "mean" : 136413.650916,
          "stddev" : 27225.506264,
          "N" : 612829,
          "percentile" : {
            "50.000000" : 140288,
            "99.000000" : 154624,
            "99.500000" : 156672,
            "99.900000" : 164864,
            "99.990000" : 175104,
            "99.999000" : 3719168
          }
        },
        "bw_min" : 339080,
        "bw_max" : 372040,
        "bw_agg" : 98.115891,
        "bw_mean" : 343541.032967,
        "bw_dev" : 1089.509121,
        "bw_samples" : 161,
        "iops_min" : 84770,
        "iops_max" : 93010,
        "iops_mean" : 85885.258242,
        "iops_stddev" : 272.377280,
        "iops_samples" : 161
      },
      "write" : {
        "io_bytes" : 0,
        "io_kbytes" : 0,
        "bw_bytes" : 0,
        "bw" : 0,
        "iops" : 0.000000,
        "runtime" : 0,
        "total_ios" : 0,
        "short_ios" : 0,
        "drop_ios" : 0,
        "slat_ns" : {
          "min" : 0,
          "max" : 0,
          "mean" : 0.000000,
          "stddev" : 0.000000,
          "N" : 0
        },
        "clat_ns" : {
          "min" : 0,
          "max" : 0,
          "mean" : 0.000000,
          "stddev" : 0.000000,
          "N" : 0
        },
        "lat_ns" : {
          "min" : 0,
          "max" : 0,
          "mean" : 0.000000,
          "stddev" : 0.000000,
          "N" : 0
        },
        "bw_min" : 0,
        "bw_max" : 0,
        "bw_agg" : 0.000000,
        "bw_mean" : 0.000000,
        "bw_dev" : 0.000000,
        "bw_samples" : 0,
        "iops_min" : 0,
        "iops_max" : 0,
        "iops_mean" : 0.000000,
        "iops_stddev" : 0.000000,
        "iops_samples" : 0
      },
      "trim" : {
        "io_bytes" : 0,
        "io_kbytes" : 0,
        "bw_bytes" : 0,
        "bw" : 0,
        "iops" : 0.000000,
        "runtime" : 0,
        "total_ios" : 0,
        "short_ios" : 0,
        "drop_ios" : 0,
        "slat_ns" : {
          "min" : 0,
          "max" : 0,
          "mean" : 0.000000,
          "stddev" : 0.000000,
          "N" : 0
        },
        "clat_ns" : {
          "min" : 0,
          "max" : 0,
          "mean" : 0.000000,
          "stddev" : 0.000000,
          "N" : 0
        },
        "lat_ns" : {
          "min" : 0,
          "max" : 0,
          "mean" : 0.000000,
          "stddev" : 0.000000,
          "N" : 0
        },
        "bw_min" : 0,
        "bw_max" : 0,
        "bw_agg" : 0.000000,
        "bw_mean" : 0.000000,
        "bw_dev" : 0.000000,
        "bw_samples" : 0,
        "iops_min" : 0,
        "iops_max" : 0,
        "iops_mean" : 0.000000,
        "iops_stddev" : 0.000000,
        "iops_samples" : 0
      },
      "sync" : {
        "total_ios" : 0,
        "lat_ns" : {
          "min" : 0,
          "max" : 0,
          "mean" : 0.000000,
          "stddev" : 0.000000,
          "N" : 0
        }
      },
      "job_runtime" : 84000,
      "usr_cpu" : 1.053571,
      "sys_cpu" : 2.897619,
      "ctx" : 614668,
      "majf" : 0,
      "minf" : 107600,
      "iodepth_level" : {
        "1" : 100.000000,
        "2" : 0.000000,
        "4" : 0.000000,
        "8" : 0.000000,
        "16" : 0.000000,
        "32" : 0.000000,
        ">=64" : 0.000000
      },
      "iodepth_submit" : {
        "0" : 0.000000,
        "4" : 100.000000,
        "8" : 0.000000,
        "16" : 0.000000,
        "32" : 0.000000,
        "64" : 0.000000,
        ">=64" : 0.000000
      },
      "iodepth_complete" : {
        "0" : 0.000000,
        "4" : 100.000000,
        "8" : 0.000000,
        "16" : 0.000000,
        "32" : 0.000000,
        "64" : 0.000000,
        ">=64" : 0.000000
      },
      "latency_ns" : {
        "2" : 0.000000,
        "4" : 0.000000,
        "10" : 0.000000,
        "20" : 0.000000,
        "50" : 0.000000,
        "100" : 0.000000,
        "250" : 0.085342,
        "500" : 0.108676,
        "750" : 0.000000,
        "1000" : 0.000000
      },
      "latency_us" : {
        "2" : 0.010000,
        "4" : 0.010000,
        "10" : 1.453913,
        "20" : 1.283719,
        "50" : 0.333046,
        "100" : 0.042426,
        "250" : 96.685699,
        "500" : 0.010000,
        "750" : 0.010000,
        "1000" : 0.000000
      },
      "latency_ms" : {
        "2" : 0.010000,
        "4" : 0.010000,
        "10" : 0.010000,
        "20" : 0.000000,
        "50" : 0.000000,
        "100" : 0.000000,
        "250" : 0.000000,
        "500" : 0.000000,
        "750" : 0.000000,
        "1000" : 0.000000,
        "2000" : 0.000000,
        ">=2000" : 0.000000
      },
      "latency_depth" : 1,
      "latency_target" : 0,
      "latency_percentile" : 100.000000,
      "latency_window" : 0
    },
    {
      "jobname" : "tapp",
      "groupid" : 1,
      "job_start" : 1744701305215,
      "error" : 0,
      "eta" : 0,
      "elapsed" : 8,
      "job options" : {
        "iodepth" : "16",
        "bs" : "64K",
        "numjobs" : "1",
        "cpus_allowed" : "110-113",
        "nice" : "0"
      },
      "read" : {
        "io_bytes" : 48711073792,
        "io_kbytes" : 47569408,
        "bw_bytes" : 6957730865,
        "bw" : 6794659,
        "iops" : 106166.547636,
        "runtime" : 7001,
        "total_ios" : 743272,
        "short_ios" : 0,
        "drop_ios" : 0,
        "slat_ns" : {
          "min" : 3075,
          "max" : 3951909,
          "mean" : 3506.109641,
          "stddev" : 5324.103842,
          "N" : 743272
        },
        "clat_ns" : {
          "min" : 72104,
          "max" : 4646532,
          "mean" : 146813.262581,
          "stddev" : 32895.410694,
          "N" : 743272
        },
        "lat_ns" : {
          "min" : 75599,
          "max" : 4653296,
          "mean" : 150319.372222,
          "stddev" : 33412.216747,
          "N" : 743272,
          "percentile" : {
            "50.000000" : 148480,
            "99.000000" : 164864,
            "99.500000" : 166912,
            "99.900000" : 175104,
            "99.990000" : 1777664,
            "99.999000" : 4489216
          }
        },
        "bw_min" : 6670976,
        "bw_max" : 6814720,
        "bw_agg" : 100.000000,
        "bw_mean" : 6795629.714286,
        "bw_dev" : 37948.719981,
        "bw_samples" : 14,
        "iops_min" : 104234,
        "iops_max" : 106480,
        "iops_mean" : 106181.714286,
        "iops_stddev" : 592.948750,
        "iops_samples" : 14
      },
      "write" : {
        "io_bytes" : 0,