{
  "fio version" : "fio-3.37-2-g07f73",
  "timestamp" : 1744701303,
  "timestamp_ms" : 1744701303751,
  "time" : "Tue Apr 15 07:15:03 2025",
  "global options" : {
    "lat_percentiles" : "1",
    "clat_percentiles" : "0",
    "cpus_allowed_policy" : "shared",
    "ioengine" : "io_uring",
    "rw" : "randread",
    "thread" : "1",
    "group_reporting" : "1",
    "percentile_list" : "50:99:99.5:99.9:99.99:99.999",
    "direct" : "1",
    "verify" : "0",
    "runtime" : "7s",
    "filename" : "/dev/nvme0n1"
  },
  "jobs" : [
    {
      "jobname" : "test",
      "groupid" : 0,
      "job_start" : 1744701296618,
      "error" : 0,
      "eta" : 0,
      "elapsed" : 8,
      "job options" : {
        "iodepth" : "1",
        "bs" : "4K",
        "numjobs" : "8",
        "cpus_allowed" : "110-113",
        "nice" : "0"
      },
      "read" : {
        "io_bytes" : 1681813504,
        "io_kbytes" : 1642396,
        "bw_bytes" : 240224754,
        "bw" : 234594,
        "iops" : 58648.621625,
        "runtime" : 7001,
        "total_ios" : 410599,
        "short_ios" : 0,
        "drop_ios" : 0,
        "slat_ns" : {
          "min" : 1246,
          "max" : 701548,
          "mean" : 1403.068963,
          "stddev" : 1165.648216,
          "N" : 410599
        },
        "clat_ns" : {
          "min" : 166,
          "max" : 3636227,
          "mean" : 134420.851999,
          "stddev" : 18845.744899,
          "N" : 410599
        },
        "lat_ns" : {
          "min" : 7474,
          "max" : 3645477,
          "mean" : 135823.920962,
          "stddev" : 18752.077918,
          "N" : 410599,
          "percentile" : {
            "50.000000" : 138240,
            "99.000000" : 152576,
            "99.500000" : 152576,
            "99.900000" : 160768,
            "99.990000" : 171008,
            "99.999000" : 514048
          }
        },
        "bw_min" : 230313,
        "bw_max" : 239992,
        "bw_agg" : 98.892776,
        "bw_mean" : 231997.467033,
        "bw_dev" : 433.514825,
        "bw_samples" : 106,
        "iops_min" : 57578,
        "iops_max" : 59998,
        "iops_mean" : 57999.329670,
        "iops_stddev" : 108.381794,
        "iops_samples" : 106
      },
      "write" : {
        "io_bytes" : 0,
        "io_kbytes" : 0,
        "bw_bytes" : 0,
        "bw" : 0,
        "iops" : 0.000000,
        "runtime" : 0,
        "total_ios" : 0,
        "short_ios" : 0,
        "drop_ios" : 0,
        "slat_ns" : {
          "min" : 0,
          "max" : 0,
          "mean" : 0.000000,
          "stddev" : 0.000000,
          "N" : 0
        },
        "clat_ns" : {
          "min" : 0,
          "max" : 0,
          "mean" : 0.000000,
          "stddev" : 0.000000,
          "N" : 0
        },
        "lat_ns" : {
          "min" : 0,
          "max" : 0,
          "mean" : 0.000000,
          "stddev" : 0.000000,
          "N" : 0
        },
        "bw_min" : 0,
        "bw_max" : 0,
        "bw_agg" : 0.000000,
        "bw_mean" : 0.000000,
        "bw_dev" : 0.000000,
        "bw_samples" : 0,
        "iops_min" : 0,
        "iops_max" : 0,
        "iops_mean" : 0.000000,
        "iops_stddev" : 0.000000,
        "iops_samples" : 0
      },
      "trim" : {
        "io_bytes" : 0,
        "io_kbytes" : 0,
        "bw_bytes" : 0,
        "bw" : 0,
        "iops" : 0.000000,
        "runtime" : 0,
        "total_ios" : 0,
        "short_ios" : 0,
        "drop_ios" : 0,
        "slat_ns" : {
          "min" : 0,
          "max" : 0,
          "mean" : 0.000000,
          "stddev" : 0.000000,
          "N" : 0
        },
        "clat_ns" : {
          "min" : 0,
          "max" : 0,
          "mean" : 0.000000,
          "stddev" : 0.000000,
          "N" : 0
        },
        "lat_ns" : {
          "min" : 0,
          "max" : 0,
          "mean" : 0.000000,
          "stddev" : 0.000000,
          "N" : 0
        },
        "bw_min" : 0,
        "bw_max" : 0,
        "bw_agg" : 0.000000,
        "bw_mean" : 0.000000,
        "bw_dev" : 0.000000,
        "bw_samples" : 0,
        "iops_min" : 0,
        "iops_max" : 0,
        "iops_mean" : 0.000000,
        "iops_stddev" : 0.000000,
        "iops_samples" : 0
      },
      "sync" : {
        "total_ios" : 0,
        "lat_ns" : {
          "min" : 0,
          "max" : 0,
          "mean" : 0.000000,
          "stddev" : 0.000000,
          "N" : 0
        }
      },
      "job_runtime" : 56000,
      "usr_cpu" : 1.208929,
      "sys_cpu" : 2.703571,
      "ctx" : 411278,
      "majf" : 0,
      "minf" : 48460,
      "iodepth_level" : {
        "1" : 100.000000,
        "2" : 0.000000,
        "4" : 0.000000,
        "8" : 0.000000,
        "16" : 0.000000,
        "32" : 0.000000,
        ">=64" : 0.000000
      },
      "iodepth_submit" : {
        "0" : 0.000000,
        "4" : 100.000000,
        "8" : 0.000000,
        "16" : 0.000000,
        "32" : 0.000000,
        "64" : 0.000000,
        ">=64" : 0.000000
      },
      "iodepth_complete" : {
        "0" : 0.000000,
        "4" : 100.000000,
        "8" : 0.000000,
        "16" : 0.000000,
        "32" : 0.000000,
        "64" : 0.000000,
        ">=64" : 0.000000
      },
      "latency_ns" : {
        "2" : 0.000000,
        "4" : 0.000000,
        "10" : 0.000000,
        "20" : 0.000000,
        "50" : 0.000000,
        "100" : 0.000000,
        "250" : 0.068680,
        "500" : 0.043838,
        "750" : 0.010000,
        "1000" : 0.000000
      },
      "latency_us" : {
        "2" : 0.000000,
        "4" : 0.010000,
        "10" : 1.121289,
        "20" : 0.449831,
        "50" : 0.099854,
        "100" : 0.012421,
        "250" : 98.200921,
        "500" : 0.010000,
        "750" : 0.010000,
        "1000" : 0.000000
      },
      "latency_ms" : {
        "2" : 0.010000,
        "4" : 0.010000,
        "10" : 0.000000,
        "20" : 0.000000,
        "50" : 0.000000,
        "100" : 0.000000,
        "250" : 0.000000,
        "500" : 0.000000,
        "750" : 0.000000,
        "1000" : 0.000000,
        "2000" : 0.000000,
        ">=2000" : 0.000000
      },
      "latency_depth" : 1,
      "latency_target" : 0,
      "latency_percentile" : 100.000000,
      "latency_window" : 0
    },
    {
      "jobname" : "tapp",
      "groupid" : 1,
      "job_start" : 1744701296608,
      "error" : 0,
      "eta" : 0,
      "elapsed" : 8,
      "job options" : {
        "iodepth" : "16",
        "bs" : "64K",
        "numjobs" : "1",
        "cpus_allowed" : "110-113",
        "nice" : "0"
      },
      "read" : {
        "io_bytes" : 49652105216,
        "io_kbytes" : 48488384,
        "bw_bytes" : 7092144724,
        "bw" : 6925922,
        "iops" : 108217.540351,
        "runtime" : 7001,
        "total_ios" : 757631,
        "short_ios" : 0,
        "drop_ios" : 0,
        "slat_ns" : {
          "min" : 3076,
          "max" : 1483467,
          "mean" : 3544.799666,
          "stddev" : 1817.333988,
          "N" : 757631
        },
        "clat_ns" : {
          "min" : 85656,
          "max" : 6739982,
          "mean" : 143918.167954,
          "stddev" : 31845.813321,
          "N" : 757631
        },
        "lat_ns" : {
          "min" : 91620,
          "max" : 6743552,
          "mean" : 147462.967620,
          "stddev" : 31914.143896,
          "N" : 757631,
          "percentile" : {
            "50.000000" : 146432,
            "99.000000" : 160768,
            "99.500000" : 162816,
            "99.900000" : 171008,
            "99.990000" : 185344,
            "99.999000" : 6717440
          }
        },
        "bw_min" : 6851328,
        "bw_max" : 6940416,
        "bw_agg" : 100.000000,
        "bw_mean" : 6926912.000000,
        "bw_dev" : 23708.523362,
        "bw_samples" : 14,
        "iops_min" : 107052,
        "iops_max" : 108444,
        "iops_mean" : 108233.000000,
        "iops_stddev" : 370.445678,
        "iops_samples" : 14
      },
      "write" : {
        "io_bytes" : 0,