{
  "fio version" : "fio-3.37-1-g294e-dirty",
  "timestamp" : 1743951569,
  "timestamp_ms" : 1743951569228,
  "time" : "Sun Apr  6 14:59:29 2025",
  "global options" : {
    "lat_percentiles" : "1",
    "clat_percentiles" : "0",
    "cpus_allowed_policy" : "shared",
    "ioengine" : "io_uring",
    "rw" : "randread",
    "thread" : "1",
    "group_reporting" : "1",
    "percentile_list" : "50:99:99.5:99.9:99.99:99.999",
    "direct" : "1",
    "verify" : "0",
    "runtime" : "7s",
    "filename" : "/dev/nvme0n1"
  },
  "jobs" : [
    {
      "jobname" : "test",
      "groupid" : 0,
      "job_start" : 1743951562119,
      "error" : 0,
      "eta" : 0,
      "elapsed" : 8,
      "job options" : {
        "cpus_allowed_policy" : "shared",
        "iodepth" : "1",
        "bs" : "4K",
        "numjobs" : "63",
        "cpus_allowed" : "64-127",
        "nice" : "0"
      },
      "read" : {
        "io_bytes" : 34601250816,
        "io_kbytes" : 33790284,
        "bw_bytes" : 4941623938,
        "bw" : 4825804,
        "iops" : 1206451.156812,
        "runtime" : 7002,
        "total_ios" : 8447571,
        "short_ios" : 0,
        "drop_ios" : 0,
        "slat_ns" : {
          "min" : 1377,
          "max" : 4967022,
          "mean" : 6005.712395,
          "stddev" : 5060.478489,
          "N" : 8447571
        },
        "clat_ns" : {
          "min" : 185,
          "max" : 2539402448,
          "mean" : 45471.698561,
          "stddev" : 874010.373572,
          "N" : 8447571
        },
        "lat_ns" : {
          "min" : 7339,
          "max" : 2539404057,
          "mean" : 51477.410956,
          "stddev" : 873985.852275,
          "N" : 8447571,
          "percentile" : {
            "50.000000" : 50432,
            "99.000000" : 102912,
            "99.500000" : 104960,
            "99.900000" : 110080,
            "99.990000" : 121344,
            "99.999000" : 132096
          }
        },
        "bw_min" : 3965360,
        "bw_max" : 5792945,
        "bw_agg" : 100.000000,
        "bw_mean" : 4842556.538462,
        "bw_dev" : 11538.035261,
        "bw_samples" : 815,
        "iops_min" : 991332,
        "iops_max" : 1448236,
        "iops_mean" : 1210637.538462,
        "iops_stddev" : 2884.510247,
        "iops_samples" : 815
      },
      "write" : {
        "io_bytes" : 0,
        "io_kbytes" : 0,
        "bw_bytes" : 0,
        "bw" : 0,
        "iops" : 0.000000,
        "runtime" : 0,
        "total_ios" : 0,
        "short_ios" : 0,
        "drop_ios" : 0,
        "slat_ns" : {
          "min" : 0,
          "max" : 0,
          "mean" : 0.000000,
          "stddev" : 0.000000,
          "N" : 0
        },
        "clat_ns" : {
          "min" : 0,
          "max" : 0,
          "mean" : 0.000000,
          "stddev" : 0.000000,
          "N" : 0
        },
        "lat_ns" : {
          "min" : 0,
          "max" : 0,
          "mean" : 0.000000,
          "stddev" : 0.000000,
          "N" : 0
        },
        "bw_min" : 0,
        "bw_max" : 0,
        "bw_agg" : 0.000000,
        "bw_mean" : 0.000000,
        "bw_dev" : 0.000000,
        "bw_samples" : 0,
        "iops_min" : 0,
        "iops_max" : 0,
        "iops_mean" : 0.000000,
        "iops_stddev" : 0.000000,
        "iops_samples" : 0
      },
      "trim" : {
        "io_bytes" : 0,
        "io_kbytes" : 0,
        "bw_bytes" : 0,
        "bw" : 0,
        "iops" : 0.000000,
        "runtime" : 0,
        "total_ios" : 0,
        "short_ios" : 0,
        "drop_ios" : 0,
        "slat_ns" : {
          "min" : 0,
          "max" : 0,
          "mean" : 0.000000,
          "stddev" : 0.000000,
          "N" : 0
        },
        "clat_ns" : {
          "min" : 0,
          "max" : 0,
          "mean" : 0.000000,
          "stddev" : 0.000000,
          "N" : 0
        },
        "lat_ns" : {
          "min" : 0,
          "max" : 0,
          "mean" : 0.000000,
          "stddev" : 0.000000,
          "N" : 0
        },
        "bw_min" : 0,
        "bw_max" : 0,
        "bw_agg" : 0.000000,
        "bw_mean" : 0.000000,
        "bw_dev" : 0.000000,
        "bw_samples" : 0,
        "iops_min" : 0,
        "iops_max" : 0,
        "iops_mean" : 0.000000,
        "iops_stddev" : 0.000000,
        "iops_samples" : 0
      },
      "sync" : {
        "total_ios" : 0,
        "lat_ns" : {
          "min" : 0,
          "max" : 0,
          "mean" : 0.000000,
          "stddev" : 0.000000,
          "N" : 0
        }
      },
      "job_runtime" : 441001,
      "usr_cpu" : 2.276185,
      "sys_cpu" : 16.697921,
      "ctx" : 8447477,
      "majf" : 0,
      "minf" : 383644,
      "iodepth_level" : {
        "1" : 100.000000,
        "2" : 0.000000,
        "4" : 0.000000,
        "8" : 0.000000,
        "16" : 0.000000,
        "32" : 0.000000,
        ">=64" : 0.000000
      },
      "iodepth_submit" : {
        "0" : 0.000000,
        "4" : 100.000000,
        "8" : 0.000000,
        "16" : 0.000000,
        "32" : 0.000000,
        "64" : 0.000000,
        ">=64" : 0.000000
      },
      "iodepth_complete" : {
        "0" : 0.000000,
        "4" : 100.000000,
        "8" : 0.000000,
        "16" : 0.000000,
        "32" : 0.000000,
        "64" : 0.000000,
        ">=64" : 0.000000
      },
      "latency_ns" : {
        "2" : 0.000000,
        "4" : 0.000000,
        "10" : 0.000000,
        "20" : 0.000000,
        "50" : 0.000000,
        "100" : 0.000000,
        "250" : 0.010000,
        "500" : 0.010000,
        "750" : 0.010000,
        "1000" : 0.010000
      },
      "latency_us" : {
        "2" : 0.010000,
        "4" : 0.010000,
        "10" : 8.486771,
        "20" : 9.301621,
        "50" : 46.170207,
        "100" : 35.087696,
        "250" : 0.948995,
        "500" : 0.010000,
        "750" : 0.000000,
        "1000" : 0.000000
      },
      "latency_ms" : {
        "2" : 0.000000,
        "4" : 0.010000,
        "10" : 0.010000,
        "20" : 0.000000,
        "50" : 0.000000,
        "100" : 0.000000,
        "250" : 0.000000,
        "500" : 0.000000,
        "750" : 0.000000,
        "1000" : 0.000000,
        "2000" : 0.000000,
        ">=2000" : 0.010000
      },
      "latency_depth" : 1,
      "latency_target" : 0,
      "latency_percentile" : 100.000000,
      "latency_window" : 0
    }
  ],
  "disk_util" : [
    {
      "name" : "nvme0n1",
      "read_ios" : 8259715,
      "write_ios" : 0,
      "read_sectors" : 66077720,
      "write_sectors" : 0,
      "read_merges" : 0,
      "write_merges" : 0,
      "read_ticks" : 316248,
      "write_ticks" : 0,
      "in_queue" : 316248,
      "util" : 97.911302
    }
  ]
}
