{
  "fio version" : "fio-3.37-1-gae6be",
  "timestamp" : 1744290666,
  "timestamp_ms" : 1744290666295,
  "time" : "Thu Apr 10 13:11:06 2025",
  "global options" : {
    "lat_percentiles" : "1",
    "clat_percentiles" : "0",
    "cpus_allowed_policy" : "shared",
    "ioengine" : "io_uring",
    "rw" : "randread",
    "thread" : "1",
    "group_reporting" : "1",
    "percentile_list" : "50:99:99.5:99.9:99.99:99.999",
    "direct" : "1",
    "verify" : "0",
    "runtime" : "7s",
    "filename" : "/dev/nvme0n1"
  },
  "jobs" : [
    {
      "jobname" : "test",
      "groupid" : 0,
      "job_start" : 1744290659163,
      "error" : 0,
      "eta" : 0,
      "elapsed" : 8,
      "job options" : {
        "iodepth" : "1",
        "bs" : "4K",
        "numjobs" : "8",
        "cpus_allowed" : "110-113",
        "nice" : "0",
        "hipri" : "1"
      },
      "read" : {
        "io_bytes" : 9080463360,
        "io_kbytes" : 8867640,
        "bw_bytes" : 1296838526,
        "bw" : 1266443,
        "iops" : 316610.968295,
        "runtime" : 7002,
        "total_ios" : 2216910,
        "short_ios" : 0,
        "drop_ios" : 0,
        "slat_ns" : {
          "min" : 1312,
          "max" : 10887679,
          "mean" : 5352.706084,
          "stddev" : 129494.939302,
          "N" : 2216910
        },
        "clat_ns" : {
          "min" : 170,
          "max" : 16009959,
          "mean" : 19115.456960,
          "stddev" : 236761.727902,
          "N" : 2216910
        },
        "lat_ns" : {
          "min" : 5225,
          "max" : 16012201,
          "mean" : 24468.163044,
          "stddev" : 269956.277740,
          "N" : 2216910,
          "percentile" : {
            "50.000000" : 7648,
            "99.000000" : 142336,
            "99.500000" : 158720,
            "99.900000" : 4145152,
            "99.990000" : 8093696,
            "99.999000" : 8159232
          }
        },
        "bw_min" : 1191656,
        "bw_max" : 1348952,
        "bw_agg" : 100.000000,
        "bw_mean" : 1266828.428571,
        "bw_dev" : 6035.851911,
        "bw_samples" : 112,
        "iops_min" : 297914,
        "iops_max" : 337238,
        "iops_mean" : 316706.928571,
        "iops_stddev" : 1508.974392,
        "iops_samples" : 112
      },
      "write" : {
        "io_bytes" : 0,
        "io_kbytes" : 0,
        "bw_bytes" : 0,
        "bw" : 0,
        "iops" : 0.000000,
        "runtime" : 0,
        "total_ios" : 0,
        "short_ios" : 0,
        "drop_ios" : 0,
        "slat_ns" : {
          "min" : 0,
          "max" : 0,
          "mean" : 0.000000,
          "stddev" : 0.000000,
          "N" : 0
        },
        "clat_ns" : {
          "min" : 0,
          "max" : 0,
          "mean" : 0.000000,
          "stddev" : 0.000000,
          "N" : 0
        },
        "lat_ns" : {
          "min" : 0,
          "max" : 0,
          "mean" : 0.000000,
          "stddev" : 0.000000,
          "N" : 0
        },
        "bw_min" : 0,
        "bw_max" : 0,
        "bw_agg" : 0.000000,
        "bw_mean" : 0.000000,
        "bw_dev" : 0.000000,
        "bw_samples" : 0,
        "iops_min" : 0,
        "iops_max" : 0,
        "iops_mean" : 0.000000,
        "iops_stddev" : 0.000000,
        "iops_samples" : 0
      },
      "trim" : {
        "io_bytes" : 0,
        "io_kbytes" : 0,
        "bw_bytes" : 0,
        "bw" : 0,
        "iops" : 0.000000,
        "runtime" : 0,
        "total_ios" : 0,
        "short_ios" : 0,
        "drop_ios" : 0,
        "slat_ns" : {
          "min" : 0,
          "max" : 0,
          "mean" : 0.000000,
          "stddev" : 0.000000,
          "N" : 0
        },
        "clat_ns" : {
          "min" : 0,
          "max" : 0,
          "mean" : 0.000000,
          "stddev" : 0.000000,
          "N" : 0
        },
        "lat_ns" : {
          "min" : 0,
          "max" : 0,
          "mean" : 0.000000,
          "stddev" : 0.000000,
          "N" : 0
        },
        "bw_min" : 0,
        "bw_max" : 0,
        "bw_agg" : 0.000000,
        "bw_mean" : 0.000000,
        "bw_dev" : 0.000000,
        "bw_samples" : 0,
        "iops_min" : 0,
        "iops_max" : 0,
        "iops_mean" : 0.000000,
        "iops_stddev" : 0.000000,
        "iops_samples" : 0
      },
      "sync" : {
        "total_ios" : 0,
        "lat_ns" : {
          "min" : 0,
          "max" : 0,
          "mean" : 0.000000,
          "stddev" : 0.000000,
          "N" : 0
        }
      },
      "job_runtime" : 56001,
      "usr_cpu" : 3.823146,
      "sys_cpu" : 42.308173,
      "ctx" : 167853,
      "majf" : 0,
      "minf" : 48342,
      "iodepth_level" : {
        "1" : 100.000000,
        "2" : 0.000000,
        "4" : 0.000000,
        "8" : 0.000000,
        "16" : 0.000000,
        "32" : 0.000000,
        ">=64" : 0.000000
      },
      "iodepth_submit" : {
        "0" : 0.000000,
        "4" : 100.000000,
        "8" : 0.000000,
        "16" : 0.000000,
        "32" : 0.000000,
        "64" : 0.000000,
        ">=64" : 0.000000
      },
      "iodepth_complete" : {
        "0" : 0.000000,
        "4" : 100.000000,
        "8" : 0.000000,
        "16" : 0.000000,
        "32" : 0.000000,
        "64" : 0.000000,
        ">=64" : 0.000000
      },
      "latency_ns" : {
        "2" : 0.000000,
        "4" : 0.000000,
        "10" : 0.000000,
        "20" : 0.000000,
        "50" : 0.000000,
        "100" : 0.000000,
        "250" : 0.015066,
        "500" : 0.012811,
        "750" : 0.026027,
        "1000" : 0.016149
      },
      "latency_us" : {
        "2" : 0.409399,
        "4" : 9.175429,
        "10" : 86.007235,
        "20" : 0.267670,
        "50" : 0.115702,
        "100" : 0.130542,
        "250" : 3.651208,
        "500" : 0.010000,
        "750" : 0.000000,
        "1000" : 0.000000
      },
      "latency_ms" : {
        "2" : 0.010000,
        "4" : 0.037124,
        "10" : 0.134647,
        "20" : 0.010000,
        "50" : 0.000000,
        "100" : 0.000000,
        "250" : 0.000000,
        "500" : 0.000000,
        "750" : 0.000000,
        "1000" : 0.000000,
        "2000" : 0.000000,
        ">=2000" : 0.000000
      },
      "latency_depth" : 1,
      "latency_target" : 0,
      "latency_percentile" : 100.000000,
      "latency_window" : 0
    },
    {
      "jobname" : "tapp",
      "groupid" : 1,
      "job_start" : 1744290659169,
      "error" : 0,
      "eta" : 0,
      "elapsed" : 8,
      "job options" : {
        "iodepth" : "16",
        "bs" : "64K",
        "numjobs" : "1",
        "cpus_allowed" : "110-113",
        "nice" : "0"
      },
      "read" : {
        "io_bytes" : 19829358592,
        "io_kbytes" : 19364608,
        "bw_bytes" : 2832360890,
        "bw" : 2765977,
        "iops" : 43218.397372,
        "runtime" : 7001,
        "total_ios" : 302572,
        "short_ios" : 0,
        "drop_ios" : 0,
        "slat_ns" : {
          "min" : 3691,
          "max" : 35954,
          "mean" : 4434.262972,
          "stddev" : 331.421524,
          "N" : 302572
        },
        "clat_ns" : {
          "min" : 67010,
          "max" : 11515948,
          "mean" : 365379.177422,
          "stddev" : 1272360.181399,
          "N" : 302572
        },
        "lat_ns" : {
          "min" : 71029,
          "max" : 11520029,
          "mean" : 369813.440394,
          "stddev" : 1272356.411192,
          "N" : 302572,
          "percentile" : {
            "50.000000" : 144384,
            "99.000000" : 7569408,
            "99.500000" : 7569408,
            "99.900000" : 7569408,
            "99.990000" : 9633792,
            "99.999000" : 11468800
          }
        },
        "bw_min" : 2724992,
        "bw_max" : 2879616,
        "bw_agg" : 100.000000,
        "bw_mean" : 2766372.571429,
        "bw_dev" : 37509.273154,
        "bw_samples" : 14,
        "iops_min" : 42578,
        "iops_max" : 44994,
        "iops_mean" : 43224.571429,
        "iops_stddev" : 586.082393,
        "iops_samples" : 14
      },