{
  "fio version" : "fio-3.37-1-gae6be",
  "timestamp" : 1744290640,
  "timestamp_ms" : 1744290640503,
  "time" : "Thu Apr 10 13:10:40 2025",
  "global options" : {
    "lat_percentiles" : "1",
    "clat_percentiles" : "0",
    "cpus_allowed_policy" : "shared",
    "ioengine" : "io_uring",
    "rw" : "randread",
    "thread" : "1",
    "group_reporting" : "1",
    "percentile_list" : "50:99:99.5:99.9:99.99:99.999",
    "direct" : "1",
    "verify" : "0",
    "runtime" : "7s",
    "filename" : "/dev/nvme0n1"
  },
  "jobs" : [
    {
      "jobname" : "test",
      "groupid" : 0,
      "job_start" : 1744290633362,
      "error" : 0,
      "eta" : 0,
      "elapsed" : 8,
      "job options" : {
        "iodepth" : "1",
        "bs" : "4K",
        "numjobs" : "1",
        "cpus_allowed" : "110-113",
        "nice" : "0",
        "hipri" : "1"
      },
      "read" : {
        "io_bytes" : 219938816,
        "io_kbytes" : 214784,
        "bw_bytes" : 31419830,
        "bw" : 30683,
        "iops" : 7670.857143,
        "runtime" : 7000,
        "total_ios" : 53696,
        "short_ios" : 0,
        "drop_ios" : 0,
        "slat_ns" : {
          "min" : 1310,
          "max" : 13890,
          "mean" : 1408.451598,
          "stddev" : 121.322107,
          "N" : 53696
        },
        "clat_ns" : {
          "min" : 2811,
          "max" : 617423,
          "mean" : 128382.540320,
          "stddev" : 19272.489275,
          "N" : 53696
        },
        "lat_ns" : {
          "min" : 5260,
          "max" : 618776,
          "mean" : 129790.991917,
          "stddev" : 19274.949187,
          "N" : 53696,
          "percentile" : {
            "50.000000" : 132096,
            "99.000000" : 146432,
            "99.500000" : 148480,
            "99.900000" : 154624,
            "99.990000" : 164864,
            "99.999000" : 618496
          }
        },
        "bw_min" : 29960,
        "bw_max" : 38880,
        "bw_agg" : 99.998606,
        "bw_mean" : 30683.428571,
        "bw_dev" : 2360.244502,
        "bw_samples" : 14,
        "iops_min" : 7490,
        "iops_max" : 9720,
        "iops_mean" : 7670.857143,
        "iops_stddev" : 590.061126,
        "iops_samples" : 14
      },
      "write" : {
        "io_bytes" : 0,
        "io_kbytes" : 0,
        "bw_bytes" : 0,
        "bw" : 0,
        "iops" : 0.000000,
        "runtime" : 0,
        "total_ios" : 0,
        "short_ios" : 0,
        "drop_ios" : 0,
        "slat_ns" : {
          "min" : 0,
          "max" : 0,
          "mean" : 0.000000,
          "stddev" : 0.000000,
          "N" : 0
        },
        "clat_ns" : {
          "min" : 0,
          "max" : 0,
          "mean" : 0.000000,
          "stddev" : 0.000000,
          "N" : 0
        },
        "lat_ns" : {
          "min" : 0,
          "max" : 0,
          "mean" : 0.000000,
          "stddev" : 0.000000,
          "N" : 0
        },
        "bw_min" : 0,
        "bw_max" : 0,
        "bw_agg" : 0.000000,
        "bw_mean" : 0.000000,
        "bw_dev" : 0.000000,
        "bw_samples" : 0,
        "iops_min" : 0,
        "iops_max" : 0,
        "iops_mean" : 0.000000,
        "iops_stddev" : 0.000000,
        "iops_samples" : 0
      },
      "trim" : {
        "io_bytes" : 0,
        "io_kbytes" : 0,
        "bw_bytes" : 0,
        "bw" : 0,
        "iops" : 0.000000,
        "runtime" : 0,
        "total_ios" : 0,
        "short_ios" : 0,
        "drop_ios" : 0,
        "slat_ns" : {
          "min" : 0,
          "max" : 0,
          "mean" : 0.000000,
          "stddev" : 0.000000,
          "N" : 0
        },
        "clat_ns" : {
          "min" : 0,
          "max" : 0,
          "mean" : 0.000000,
          "stddev" : 0.000000,
          "N" : 0
        },
        "lat_ns" : {
          "min" : 0,
          "max" : 0,
          "mean" : 0.000000,
          "stddev" : 0.000000,
          "N" : 0
        },
        "bw_min" : 0,
        "bw_max" : 0,
        "bw_agg" : 0.000000,
        "bw_mean" : 0.000000,
        "bw_dev" : 0.000000,
        "bw_samples" : 0,
        "iops_min" : 0,
        "iops_max" : 0,
        "iops_mean" : 0.000000,
        "iops_stddev" : 0.000000,
        "iops_samples" : 0
      },
      "sync" : {
        "total_ios" : 0,
        "lat_ns" : {
          "min" : 0,
          "max" : 0,
          "mean" : 0.000000,
          "stddev" : 0.000000,
          "N" : 0
        }
      },
      "job_runtime" : 7000,
      "usr_cpu" : 0.500000,
      "sys_cpu" : 99.457143,
      "ctx" : 744,
      "majf" : 0,
      "minf" : 9360,
      "iodepth_level" : {
        "1" : 100.000000,
        "2" : 0.000000,
        "4" : 0.000000,
        "8" : 0.000000,
        "16" : 0.000000,
        "32" : 0.000000,
        ">=64" : 0.000000
      },
      "iodepth_submit" : {
        "0" : 0.000000,
        "4" : 100.000000,
        "8" : 0.000000,
        "16" : 0.000000,
        "32" : 0.000000,
        "64" : 0.000000,
        ">=64" : 0.000000
      },
      "iodepth_complete" : {
        "0" : 0.000000,
        "4" : 100.000000,
        "8" : 0.000000,
        "16" : 0.000000,
        "32" : 0.000000,
        "64" : 0.000000,
        ">=64" : 0.000000
      },
      "latency_ns" : {
        "2" : 0.000000,
        "4" : 0.000000,
        "10" : 0.000000,
        "20" : 0.000000,
        "50" : 0.000000,
        "100" : 0.000000,
        "250" : 0.000000,
        "500" : 0.000000,
        "750" : 0.000000,
        "1000" : 0.000000
      },
      "latency_us" : {
        "2" : 0.000000,
        "4" : 1.592297,
        "10" : 0.627607,
        "20" : 0.010000,
        "50" : 0.011174,
        "100" : 0.016761,
        "250" : 97.740986,
        "500" : 0.010000,
        "750" : 0.010000,
        "1000" : 0.000000
      },
      "latency_ms" : {
        "2" : 0.000000,
        "4" : 0.000000,
        "10" : 0.000000,
        "20" : 0.000000,
        "50" : 0.000000,
        "100" : 0.000000,
        "250" : 0.000000,
        "500" : 0.000000,
        "750" : 0.000000,
        "1000" : 0.000000,
        "2000" : 0.000000,
        ">=2000" : 0.000000
      },
      "latency_depth" : 1,
      "latency_target" : 0,
      "latency_percentile" : 100.000000,
      "latency_window" : 0
    },
    {
      "jobname" : "tapp",
      "groupid" : 1,
      "job_start" : 1744290633355,
      "error" : 0,
      "eta" : 0,
      "elapsed" : 8,
      "job options" : {
        "iodepth" : "16",
        "bs" : "64K",
        "numjobs" : "1",
        "cpus_allowed" : "110-113",
        "nice" : "0"
      },
      "read" : {
        "io_bytes" : 51364364288,
        "io_kbytes" : 50160512,
        "bw_bytes" : 7336718224,
        "bw" : 7164763,
        "iops" : 111949.435795,
        "runtime" : 7001,
        "total_ios" : 783758,
        "short_ios" : 0,
        "drop_ios" : 0,
        "slat_ns" : {
          "min" : 4034,
          "max" : 83194,
          "mean" : 4828.142396,
          "stddev" : 420.319933,
          "N" : 783758
        },
        "clat_ns" : {
          "min" : 81451,
          "max" : 1451473,
          "mean" : 137721.849559,
          "stddev" : 6998.714058,
          "N" : 783758
        },
        "lat_ns" : {
          "min" : 86495,
          "max" : 1456806,
          "mean" : 142549.991955,
          "stddev" : 6965.324581,
          "N" : 783758,
          "percentile" : {
            "50.000000" : 142336,
            "99.000000" : 156672,
            "99.500000" : 158720,
            "99.900000" : 166912,
            "99.990000" : 187392,
            "99.999000" : 1449984
          }
        },
        "bw_min" : 7148032,
        "bw_max" : 7169920,
        "bw_agg" : 100.000000,
        "bw_mean" : 7165787.428571,
        "bw_dev" : 6231.263086,
        "bw_samples" : 14,
        "iops_min" : 111688,
        "iops_max" : 112030,
        "iops_mean" : 111965.428571,
        "iops_stddev" : 97.363486,
        "iops_samples" : 14
      },
      "write" : {
        "io_bytes" : 0,