{
  "fio version" : "fio-3.37-2-g07f73",
  "timestamp" : 1744377412,
  "timestamp_ms" : 1744377412552,
  "time" : "Fri Apr 11 13:16:52 2025",
  "global options" : {
    "lat_percentiles" : "1",
    "clat_percentiles" : "0",
    "cpus_allowed_policy" : "shared",
    "ioengine" : "io_uring",
    "rw" : "randread",
    "thread" : "1",
    "group_reporting" : "1",
    "percentile_list" : "50:99:99.5:99.9:99.99:99.999",
    "direct" : "1",
    "verify" : "0",
    "runtime" : "7s",
    "filename" : "/dev/nvme0n1"
  },
  "jobs" : [
    {
      "jobname" : "test",
      "groupid" : 0,
      "job_start" : 1744377405434,
      "error" : 0,
      "eta" : 0,
      "elapsed" : 8,
      "job options" : {
        "iodepth" : "1",
        "bs" : "4K",
        "numjobs" : "12",
        "cpus_allowed" : "110-113",
        "nice" : "0",
        "hipri" : "1"
      },
      "read" : {
        "io_bytes" : 10419466240,
        "io_kbytes" : 10175260,
        "bw_bytes" : 1487432725,
        "bw" : 1452571,
        "iops" : 363142.755175,
        "runtime" : 7005,
        "total_ios" : 2543815,
        "short_ios" : 0,
        "drop_ios" : 0,
        "slat_ns" : {
          "min" : 1319,
          "max" : 24169301,
          "mean" : 7999.839865,
          "stddev" : 226675.845527,
          "N" : 2543815
        },
        "clat_ns" : {
          "min" : 193,
          "max" : 28182214,
          "mean" : 23819.581700,
          "stddev" : 380424.413016,
          "N" : 2543815
        },
        "lat_ns" : {
          "min" : 5258,
          "max" : 28184341,
          "mean" : 31819.421565,
          "stddev" : 442838.051023,
          "N" : 2543815,
          "percentile" : {
            "50.000000" : 7584,
            "99.000000" : 136192,
            "99.500000" : 154624,
            "99.900000" : 8093696,
            "99.990000" : 12124160,
            "99.999000" : 20054016
          }
        },
        "bw_min" : 1091648,
        "bw_max" : 1726384,
        "bw_agg" : 99.786102,
        "bw_mean" : 1449464.879121,
        "bw_dev" : 22330.570689,
        "bw_samples" : 163,
        "iops_min" : 272912,
        "iops_max" : 431595,
        "iops_mean" : 362366.148352,
        "iops_stddev" : 5582.636131,
        "iops_samples" : 163
      },
      "write" : {
        "io_bytes" : 0,
        "io_kbytes" : 0,
        "bw_bytes" : 0,
        "bw" : 0,
        "iops" : 0.000000,
        "runtime" : 0,
        "total_ios" : 0,
        "short_ios" : 0,
        "drop_ios" : 0,
        "slat_ns" : {
          "min" : 0,
          "max" : 0,
          "mean" : 0.000000,
          "stddev" : 0.000000,
          "N" : 0
        },
        "clat_ns" : {
          "min" : 0,
          "max" : 0,
          "mean" : 0.000000,
          "stddev" : 0.000000,
          "N" : 0
        },
        "lat_ns" : {
          "min" : 0,
          "max" : 0,
          "mean" : 0.000000,
          "stddev" : 0.000000,
          "N" : 0
        },
        "bw_min" : 0,
        "bw_max" : 0,
        "bw_agg" : 0.000000,
        "bw_mean" : 0.000000,
        "bw_dev" : 0.000000,
        "bw_samples" : 0,
        "iops_min" : 0,
        "iops_max" : 0,
        "iops_mean" : 0.000000,
        "iops_stddev" : 0.000000,
        "iops_samples" : 0
      },
      "trim" : {
        "io_bytes" : 0,
        "io_kbytes" : 0,
        "bw_bytes" : 0,
        "bw" : 0,
        "iops" : 0.000000,
        "runtime" : 0,
        "total_ios" : 0,
        "short_ios" : 0,
        "drop_ios" : 0,
        "slat_ns" : {
          "min" : 0,
          "max" : 0,
          "mean" : 0.000000,
          "stddev" : 0.000000,
          "N" : 0
        },
        "clat_ns" : {
          "min" : 0,
          "max" : 0,
          "mean" : 0.000000,
          "stddev" : 0.000000,
          "N" : 0
        },
        "lat_ns" : {
          "min" : 0,
          "max" : 0,
          "mean" : 0.000000,
          "stddev" : 0.000000,
          "N" : 0
        },
        "bw_min" : 0,
        "bw_max" : 0,
        "bw_agg" : 0.000000,
        "bw_mean" : 0.000000,
        "bw_dev" : 0.000000,
        "bw_samples" : 0,
        "iops_min" : 0,
        "iops_max" : 0,
        "iops_mean" : 0.000000,
        "iops_stddev" : 0.000000,
        "iops_samples" : 0
      },
      "sync" : {
        "total_ios" : 0,
        "lat_ns" : {
          "min" : 0,
          "max" : 0,
          "mean" : 0.000000,
          "stddev" : 0.000000,
          "N" : 0
        }
      },
      "job_runtime" : 84008,
      "usr_cpu" : 2.481906,
      "sys_cpu" : 28.974621,
      "ctx" : 124414,
      "majf" : 0,
      "minf" : 72809,
      "iodepth_level" : {
        "1" : 100.000000,
        "2" : 0.000000,
        "4" : 0.000000,
        "8" : 0.000000,
        "16" : 0.000000,
        "32" : 0.000000,
        ">=64" : 0.000000
      },
      "iodepth_submit" : {
        "0" : 0.000000,
        "4" : 100.000000,
        "8" : 0.000000,
        "16" : 0.000000,
        "32" : 0.000000,
        "64" : 0.000000,
        ">=64" : 0.000000
      },
      "iodepth_complete" : {
        "0" : 0.000000,
        "4" : 100.000000,
        "8" : 0.000000,
        "16" : 0.000000,
        "32" : 0.000000,
        "64" : 0.000000,
        ">=64" : 0.000000
      },
      "latency_ns" : {
        "2" : 0.000000,
        "4" : 0.000000,
        "10" : 0.000000,
        "20" : 0.000000,
        "50" : 0.000000,
        "100" : 0.000000,
        "250" : 0.010000,
        "500" : 0.012973,
        "750" : 0.029247,
        "1000" : 0.017887
      },
      "latency_us" : {
        "2" : 0.430692,
        "4" : 9.019406,
        "10" : 87.440675,
        "20" : 0.216604,
        "50" : 0.109560,
        "100" : 0.165893,
        "250" : 2.349385,
        "500" : 0.010000,
        "750" : 0.010000,
        "1000" : 0.010000
      },
      "latency_ms" : {
        "2" : 0.010000,
        "4" : 0.014113,
        "10" : 0.127722,
        "20" : 0.055035,
        "50" : 0.010000,
        "100" : 0.000000,
        "250" : 0.000000,
        "500" : 0.000000,
        "750" : 0.000000,
        "1000" : 0.000000,
        "2000" : 0.000000,
        ">=2000" : 0.000000
      },
      "latency_depth" : 1,
      "latency_target" : 0,
      "latency_percentile" : 100.000000,
      "latency_window" : 0
    },
    {
      "jobname" : "tapp",
      "groupid" : 1,
      "job_start" : 1744377405451,
      "error" : 0,
      "eta" : 0,
      "elapsed" : 8,
      "job options" : {
        "iodepth" : "16",
        "bs" : "64K",
        "numjobs" : "1",
        "cpus_allowed" : "110-113",
        "nice" : "0"
      },
      "read" : {
        "io_bytes" : 15064367104,
        "io_kbytes" : 14711296,
        "bw_bytes" : 2151745051,
        "bw" : 2101313,
        "iops" : 32833.023854,
        "runtime" : 7001,
        "total_ios" : 229864,
        "short_ios" : 0,
        "drop_ios" : 0,
        "slat_ns" : {
          "min" : 3319,
          "max" : 112188,
          "mean" : 4433.065282,
          "stddev" : 655.232539,
          "N" : 229864
        },
        "clat_ns" : {
          "min" : 63935,
          "max" : 14642710,
          "mean" : 482465.008475,
          "stddev" : 1706680.686477,
          "N" : 229864
        },
        "lat_ns" : {
          "min" : 68117,
          "max" : 14646495,
          "mean" : 486898.073757,
          "stddev" : 1706677.931353,
          "N" : 229864,
          "percentile" : {
            "50.000000" : 144384,
            "99.000000" : 11468800,
            "99.500000" : 11468800,
            "99.900000" : 13172736,
            "99.990000" : 14614528,
            "99.999000" : 14614528
          }
        },
        "bw_min" : 2049920,
        "bw_max" : 2185472,
        "bw_agg" : 100.000000,
        "bw_mean" : 2101613.714286,
        "bw_dev" : 38695.848466,
        "bw_samples" : 14,
        "iops_min" : 32030,
        "iops_max" : 34148,
        "iops_mean" : 32837.714286,
        "iops_stddev" : 604.622632,