{
  "fio version" : "fio-3.37-1-gae6be",
  "timestamp" : 1744290657,
  "timestamp_ms" : 1744290657690,
  "time" : "Thu Apr 10 13:10:57 2025",
  "global options" : {
    "lat_percentiles" : "1",
    "clat_percentiles" : "0",
    "cpus_allowed_policy" : "shared",
    "ioengine" : "io_uring",
    "rw" : "randread",
    "thread" : "1",
    "group_reporting" : "1",
    "percentile_list" : "50:99:99.5:99.9:99.99:99.999",
    "direct" : "1",
    "verify" : "0",
    "runtime" : "7s",
    "filename" : "/dev/nvme0n1"
  },
  "jobs" : [
    {
      "jobname" : "test",
      "groupid" : 0,
      "job_start" : 1744290650549,
      "error" : 0,
      "eta" : 0,
      "elapsed" : 8,
      "job options" : {
        "iodepth" : "1",
        "bs" : "4K",
        "numjobs" : "4",
        "cpus_allowed" : "110-113",
        "nice" : "0",
        "hipri" : "1"
      },
      "read" : {
        "io_bytes" : 6764380160,
        "io_kbytes" : 6605840,
        "bw_bytes" : 966201994,
        "bw" : 943556,
        "iops" : 235889.158692,
        "runtime" : 7001,
        "total_ios" : 1651460,
        "short_ios" : 0,
        "drop_ios" : 0,
        "slat_ns" : {
          "min" : 1333,
          "max" : 1256638,
          "mean" : 2605.793290,
          "stddev" : 2871.154595,
          "N" : 1651460
        },
        "clat_ns" : {
          "min" : 172,
          "max" : 1612476,
          "mean" : 13977.958923,
          "stddev" : 32047.294569,
          "N" : 1651460
        },
        "lat_ns" : {
          "min" : 5235,
          "max" : 1614196,
          "mean" : 16583.752213,
          "stddev" : 32815.148896,
          "N" : 1651460,
          "percentile" : {
            "50.000000" : 7712,
            "99.000000" : 144384,
            "99.500000" : 152576,
            "99.900000" : 160768,
            "99.990000" : 173056,
            "99.999000" : 296960
          }
        },
        "bw_min" : 928800,
        "bw_max" : 963696,
        "bw_agg" : 100.000000,
        "bw_mean" : 943725.500000,
        "bw_dev" : 2345.713173,
        "bw_samples" : 56,
        "iops_min" : 232200,
        "iops_max" : 240924,
        "iops_mean" : 235931.357143,
        "iops_stddev" : 586.424332,
        "iops_samples" : 56
      },
      "write" : {
        "io_bytes" : 0,
        "io_kbytes" : 0,
        "bw_bytes" : 0,
        "bw" : 0,
        "iops" : 0.000000,
        "runtime" : 0,
        "total_ios" : 0,
        "short_ios" : 0,
        "drop_ios" : 0,
        "slat_ns" : {
          "min" : 0,
          "max" : 0,
          "mean" : 0.000000,
          "stddev" : 0.000000,
          "N" : 0
        },
        "clat_ns" : {
          "min" : 0,
          "max" : 0,
          "mean" : 0.000000,
          "stddev" : 0.000000,
          "N" : 0
        },
        "lat_ns" : {
          "min" : 0,
          "max" : 0,
          "mean" : 0.000000,
          "stddev" : 0.000000,
          "N" : 0
        },
        "bw_min" : 0,
        "bw_max" : 0,
        "bw_agg" : 0.000000,
        "bw_mean" : 0.000000,
        "bw_dev" : 0.000000,
        "bw_samples" : 0,
        "iops_min" : 0,
        "iops_max" : 0,
        "iops_mean" : 0.000000,
        "iops_stddev" : 0.000000,
        "iops_samples" : 0
      },
      "trim" : {
        "io_bytes" : 0,
        "io_kbytes" : 0,
        "bw_bytes" : 0,
        "bw" : 0,
        "iops" : 0.000000,
        "runtime" : 0,
        "total_ios" : 0,
        "short_ios" : 0,
        "drop_ios" : 0,
        "slat_ns" : {
          "min" : 0,
          "max" : 0,
          "mean" : 0.000000,
          "stddev" : 0.000000,
          "N" : 0
        },
        "clat_ns" : {
          "min" : 0,
          "max" : 0,
          "mean" : 0.000000,
          "stddev" : 0.000000,
          "N" : 0
        },
        "lat_ns" : {
          "min" : 0,
          "max" : 0,
          "mean" : 0.000000,
          "stddev" : 0.000000,
          "N" : 0
        },
        "bw_min" : 0,
        "bw_max" : 0,
        "bw_agg" : 0.000000,
        "bw_mean" : 0.000000,
        "bw_dev" : 0.000000,
        "bw_samples" : 0,
        "iops_min" : 0,
        "iops_max" : 0,
        "iops_mean" : 0.000000,
        "iops_stddev" : 0.000000,
        "iops_samples" : 0
      },
      "sync" : {
        "total_ios" : 0,
        "lat_ns" : {
          "min" : 0,
          "max" : 0,
          "mean" : 0.000000,
          "stddev" : 0.000000,
          "N" : 0
        }
      },
      "job_runtime" : 28000,
      "usr_cpu" : 8.032143,
      "sys_cpu" : 80.660714,
      "ctx" : 228052,
      "majf" : 0,
      "minf" : 24639,
      "iodepth_level" : {
        "1" : 100.000000,
        "2" : 0.000000,
        "4" : 0.000000,
        "8" : 0.000000,
        "16" : 0.000000,
        "32" : 0.000000,
        ">=64" : 0.000000
      },
      "iodepth_submit" : {
        "0" : 0.000000,
        "4" : 100.000000,
        "8" : 0.000000,
        "16" : 0.000000,
        "32" : 0.000000,
        "64" : 0.000000,
        ">=64" : 0.000000
      },
      "iodepth_complete" : {
        "0" : 0.000000,
        "4" : 100.000000,
        "8" : 0.000000,
        "16" : 0.000000,
        "32" : 0.000000,
        "64" : 0.000000,
        ">=64" : 0.000000
      },
      "latency_ns" : {
        "2" : 0.000000,
        "4" : 0.000000,
        "10" : 0.000000,
        "20" : 0.000000,
        "50" : 0.000000,
        "100" : 0.000000,
        "250" : 0.020406,
        "500" : 0.024766,
        "750" : 0.023010,
        "1000" : 0.010000
      },
      "latency_us" : {
        "2" : 0.324259,
        "4" : 8.755768,
        "10" : 83.261357,
        "20" : 0.383358,
        "50" : 0.223136,
        "100" : 0.295799,
        "250" : 6.682814,
        "500" : 0.010000,
        "750" : 0.010000,
        "1000" : 0.000000
      },
      "latency_ms" : {
        "2" : 0.010000,
        "4" : 0.000000,
        "10" : 0.000000,
        "20" : 0.000000,
        "50" : 0.000000,
        "100" : 0.000000,
        "250" : 0.000000,
        "500" : 0.000000,
        "750" : 0.000000,
        "1000" : 0.000000,
        "2000" : 0.000000,
        ">=2000" : 0.000000
      },
      "latency_depth" : 1,
      "latency_target" : 0,
      "latency_percentile" : 100.000000,
      "latency_window" : 0
    },
    {
      "jobname" : "tapp",
      "groupid" : 1,
      "job_start" : 1744290650543,
      "error" : 0,
      "eta" : 0,
      "elapsed" : 8,
      "job options" : {
        "iodepth" : "16",
        "bs" : "64K",
        "numjobs" : "1",
        "cpus_allowed" : "110-113",
        "nice" : "0"
      },
      "read" : {
        "io_bytes" : 28359852032,
        "io_kbytes" : 27695168,
        "bw_bytes" : 4050828743,
        "bw" : 3955887,
        "iops" : 61810.741323,
        "runtime" : 7001,
        "total_ios" : 432737,
        "short_ios" : 0,
        "drop_ios" : 0,
        "slat_ns" : {
          "min" : 3956,
          "max" : 103681,
          "mean" : 4702.940835,
          "stddev" : 536.031339,
          "N" : 432737
        },
        "clat_ns" : {
          "min" : 71038,
          "max" : 6529136,
          "mean" : 253778.480719,
          "stddev" : 704877.208908,
          "N" : 432737
        },
        "lat_ns" : {
          "min" : 75924,
          "max" : 6534102,
          "mean" : 258481.421554,
          "stddev" : 704878.378506,
          "N" : 432737,
          "percentile" : {
            "50.000000" : 144384,
            "99.000000" : 5210112,
            "99.500000" : 5603328,
            "99.900000" : 5996544,
            "99.990000" : 6258688,
            "99.999000" : 6520832
          }
        },
        "bw_min" : 3908480,
        "bw_max" : 4001920,
        "bw_agg" : 100.000000,
        "bw_mean" : 3956452.571429,
        "bw_dev" : 26932.329596,
        "bw_samples" : 14,
        "iops_min" : 61070,
        "iops_max" : 62530,
        "iops_mean" : 61819.571429,
        "iops_stddev" : 420.817650,
        "iops_samples" : 14
      },