{
  "fio version" : "fio-3.37-1-gae6be",
  "timestamp" : 1744290729,
  "timestamp_ms" : 1744290729793,
  "time" : "Thu Apr 10 13:12:09 2025",
  "global options" : {
    "lat_percentiles" : "1",
    "clat_percentiles" : "0",
    "cpus_allowed_policy" : "shared",
    "ioengine" : "io_uring",
    "rw" : "randread",
    "thread" : "1",
    "group_reporting" : "1",
    "percentile_list" : "50:99:99.5:99.9:99.99:99.999",
    "direct" : "1",
    "verify" : "0",
    "runtime" : "7s",
    "filename" : "/dev/nvme0n1"
  },
  "jobs" : [
    {
      "jobname" : "test",
      "groupid" : 0,
      "job_start" : 1744290722688,
      "error" : 0,
      "eta" : 0,
      "elapsed" : 8,
      "job options" : {
        "iodepth" : "1",
        "bs" : "4K",
        "numjobs" : "12",
        "cpus_allowed" : "110-112",
        "nice" : "0",
        "hipri" : "1"
      },
      "read" : {
        "io_bytes" : 11628617728,
        "io_kbytes" : 11356072,
        "bw_bytes" : 1658388152,
        "bw" : 1619519,
        "iops" : 404879.920137,
        "runtime" : 7012,
        "total_ios" : 2839018,
        "short_ios" : 0,
        "drop_ios" : 0,
        "slat_ns" : {
          "min" : 1292,
          "max" : 28007736,
          "mean" : 8380.742408,
          "stddev" : 316872.021060,
          "N" : 2839018
        },
        "clat_ns" : {
          "min" : 219,
          "max" : 28020023,
          "mean" : 19622.249548,
          "stddev" : 482398.476301,
          "N" : 2839018
        },
        "lat_ns" : {
          "min" : 5212,
          "max" : 28021993,
          "mean" : 28002.991957,
          "stddev" : 576967.026951,
          "N" : 2839018,
          "percentile" : {
            "50.000000" : 7008,
            "99.000000" : 8640,
            "99.500000" : 9024,
            "99.900000" : 8028160,
            "99.990000" : 23986176,
            "99.999000" : 23986176
          }
        },
        "bw_min" : 1313528,
        "bw_max" : 1931240,
        "bw_agg" : 100.000000,
        "bw_mean" : 1621862.824176,
        "bw_dev" : 31119.142786,
        "bw_samples" : 167,
        "iops_min" : 328382,
        "iops_max" : 482810,
        "iops_mean" : 405465.670330,
        "iops_stddev" : 7779.782442,
        "iops_samples" : 167
      },
      "write" : {
        "io_bytes" : 0,
        "io_kbytes" : 0,
        "bw_bytes" : 0,
        "bw" : 0,
        "iops" : 0.000000,
        "runtime" : 0,
        "total_ios" : 0,
        "short_ios" : 0,
        "drop_ios" : 0,
        "slat_ns" : {
          "min" : 0,
          "max" : 0,
          "mean" : 0.000000,
          "stddev" : 0.000000,
          "N" : 0
        },
        "clat_ns" : {
          "min" : 0,
          "max" : 0,
          "mean" : 0.000000,
          "stddev" : 0.000000,
          "N" : 0
        },
        "lat_ns" : {
          "min" : 0,
          "max" : 0,
          "mean" : 0.000000,
          "stddev" : 0.000000,
          "N" : 0
        },
        "bw_min" : 0,
        "bw_max" : 0,
        "bw_agg" : 0.000000,
        "bw_mean" : 0.000000,
        "bw_dev" : 0.000000,
        "bw_samples" : 0,
        "iops_min" : 0,
        "iops_max" : 0,
        "iops_mean" : 0.000000,
        "iops_stddev" : 0.000000,
        "iops_samples" : 0
      },
      "trim" : {
        "io_bytes" : 0,
        "io_kbytes" : 0,
        "bw_bytes" : 0,
        "bw" : 0,
        "iops" : 0.000000,
        "runtime" : 0,
        "total_ios" : 0,
        "short_ios" : 0,
        "drop_ios" : 0,
        "slat_ns" : {
          "min" : 0,
          "max" : 0,
          "mean" : 0.000000,
          "stddev" : 0.000000,
          "N" : 0
        },
        "clat_ns" : {
          "min" : 0,
          "max" : 0,
          "mean" : 0.000000,
          "stddev" : 0.000000,
          "N" : 0
        },
        "lat_ns" : {
          "min" : 0,
          "max" : 0,
          "mean" : 0.000000,
          "stddev" : 0.000000,
          "N" : 0
        },
        "bw_min" : 0,
        "bw_max" : 0,
        "bw_agg" : 0.000000,
        "bw_mean" : 0.000000,
        "bw_dev" : 0.000000,
        "bw_samples" : 0,
        "iops_min" : 0,
        "iops_max" : 0,
        "iops_mean" : 0.000000,
        "iops_stddev" : 0.000000,
        "iops_samples" : 0
      },
      "sync" : {
        "total_ios" : 0,
        "lat_ns" : {
          "min" : 0,
          "max" : 0,
          "mean" : 0.000000,
          "stddev" : 0.000000,
          "N" : 0
        }
      },
      "job_runtime" : 84031,
      "usr_cpu" : 2.910831,
      "sys_cpu" : 22.152539,
      "ctx" : 5283,
      "majf" : 0,
      "minf" : 73142,
      "iodepth_level" : {
        "1" : 100.000000,
        "2" : 0.000000,
        "4" : 0.000000,
        "8" : 0.000000,
        "16" : 0.000000,
        "32" : 0.000000,
        ">=64" : 0.000000
      },
      "iodepth_submit" : {
        "0" : 0.000000,
        "4" : 100.000000,
        "8" : 0.000000,
        "16" : 0.000000,
        "32" : 0.000000,
        "64" : 0.000000,
        ">=64" : 0.000000
      },
      "iodepth_complete" : {
        "0" : 0.000000,
        "4" : 100.000000,
        "8" : 0.000000,
        "16" : 0.000000,
        "32" : 0.000000,
        "64" : 0.000000,
        ">=64" : 0.000000
      },
      "latency_ns" : {
        "2" : 0.000000,
        "4" : 0.000000,
        "10" : 0.000000,
        "20" : 0.000000,
        "50" : 0.000000,
        "100" : 0.000000,
        "250" : 0.010000,
        "500" : 0.010000,
        "750" : 0.016238,
        "1000" : 0.013491
      },
      "latency_us" : {
        "2" : 0.010000,
        "4" : 3.393850,
        "10" : 96.348456,
        "20" : 0.094434,
        "50" : 0.010000,
        "100" : 0.010000,
        "250" : 0.010000,
        "500" : 0.000000,
        "750" : 0.000000,
        "1000" : 0.000000
      },
      "latency_ms" : {
        "2" : 0.000000,
        "4" : 0.010000,
        "10" : 0.064248,
        "20" : 0.035188,
        "50" : 0.023107,
        "100" : 0.000000,
        "250" : 0.000000,
        "500" : 0.000000,
        "750" : 0.000000,
        "1000" : 0.000000,
        "2000" : 0.000000,
        ">=2000" : 0.000000
      },
      "latency_depth" : 1,
      "latency_target" : 0,
      "latency_percentile" : 100.000000,
      "latency_window" : 0
    }
  ],
  "disk_util" : [
    {
      "name" : "nvme0n1",
      "read_ios" : 2775942,
      "write_ios" : 0,
      "read_sectors" : 22207544,
      "write_sectors" : 0,
      "read_merges" : 0,
      "write_merges" : 0,
      "read_ticks" : 14282,
      "write_ticks" : 0,
      "in_queue" : 14282,
      "util" : 91.894210
    }
  ]
}
