{
  "fio version" : "fio-3.37-2-g07f73",
  "timestamp" : 1744395006,
  "timestamp_ms" : 1744395006902,
  "time" : "Fri Apr 11 18:10:06 2025",
  "global options" : {
    "lat_percentiles" : "1",
    "clat_percentiles" : "0",
    "cpus_allowed_policy" : "split",
    "ioengine" : "libstorage",
    "rw" : "randread",
    "thread" : "1",
    "group_reporting" : "1",
    "percentile_list" : "50:99:99.5:99.9:99.99:99.999",
    "direct" : "1",
    "verify" : "0",
    "runtime" : "7s",
    "filename" : "/dev/nvme0"
  },
  "jobs" : [
    {
      "jobname" : "test",
      "groupid" : 0,
      "job_start" : 1744394999516,
      "error" : 0,
      "eta" : 0,
      "elapsed" : 8,
      "job options" : {
        "iodepth" : "1",
        "bs" : "4K",
        "numjobs" : "4",
        "cpus_allowed" : "110-113",
        "nice" : "0",
        "type" : "0",
        "intr" : "1",
        "coalescing" : "1"
      },
      "read" : {
        "io_bytes" : 12040900608,
        "io_kbytes" : 11758692,
        "bw_bytes" : 1719391776,
        "bw" : 1679093,
        "iops" : 419773.382836,
        "runtime" : 7003,
        "total_ios" : 2939673,
        "short_ios" : 0,
        "drop_ios" : 0,
        "slat_ns" : {
          "min" : 124,
          "max" : 4013864,
          "mean" : 278.724224,
          "stddev" : 13830.376650,
          "N" : 2939673
        },
        "clat_ns" : {
          "min" : 166,
          "max" : 6216820,
          "mean" : 8971.801405,
          "stddev" : 66716.398621,
          "N" : 2939673
        },
        "lat_ns" : {
          "min" : 4452,
          "max" : 6217078,
          "mean" : 9250.525629,
          "stddev" : 68140.779818,
          "N" : 2939673,
          "percentile" : {
            "50.000000" : 5152,
            "99.000000" : 33024,
            "99.500000" : 34048,
            "99.900000" : 41216,
            "99.990000" : 4014080,
            "99.999000" : 4014080
          }
        },
        "bw_min" : 1660920,
        "bw_max" : 1687240,
        "bw_agg" : 100.000000,
        "bw_mean" : 1679874.214286,
        "bw_dev" : 2001.875053,
        "bw_samples" : 56,
        "iops_min" : 415230,
        "iops_max" : 421810,
        "iops_mean" : 419968.500000,
        "iops_stddev" : 500.497193,
        "iops_samples" : 56
      },
      "write" : {
        "io_bytes" : 0,
        "io_kbytes" : 0,
        "bw_bytes" : 0,
        "bw" : 0,
        "iops" : 0.000000,
        "runtime" : 0,
        "total_ios" : 0,
        "short_ios" : 0,
        "drop_ios" : 0,
        "slat_ns" : {
          "min" : 0,
          "max" : 0,
          "mean" : 0.000000,
          "stddev" : 0.000000,
          "N" : 0
        },
        "clat_ns" : {
          "min" : 0,
          "max" : 0,
          "mean" : 0.000000,
          "stddev" : 0.000000,
          "N" : 0
        },
        "lat_ns" : {
          "min" : 0,
          "max" : 0,
          "mean" : 0.000000,
          "stddev" : 0.000000,
          "N" : 0
        },
        "bw_min" : 0,
        "bw_max" : 0,
        "bw_agg" : 0.000000,
        "bw_mean" : 0.000000,
        "bw_dev" : 0.000000,
        "bw_samples" : 0,
        "iops_min" : 0,
        "iops_max" : 0,
        "iops_mean" : 0.000000,
        "iops_stddev" : 0.000000,
        "iops_samples" : 0
      },
      "trim" : {
        "io_bytes" : 0,
        "io_kbytes" : 0,
        "bw_bytes" : 0,
        "bw" : 0,
        "iops" : 0.000000,
        "runtime" : 0,
        "total_ios" : 0,
        "short_ios" : 0,
        "drop_ios" : 0,
        "slat_ns" : {
          "min" : 0,
          "max" : 0,
          "mean" : 0.000000,
          "stddev" : 0.000000,
          "N" : 0
        },
        "clat_ns" : {
          "min" : 0,
          "max" : 0,
          "mean" : 0.000000,
          "stddev" : 0.000000,
          "N" : 0
        },
        "lat_ns" : {
          "min" : 0,
          "max" : 0,
          "mean" : 0.000000,
          "stddev" : 0.000000,
          "N" : 0
        },
        "bw_min" : 0,
        "bw_max" : 0,
        "bw_agg" : 0.000000,
        "bw_mean" : 0.000000,
        "bw_dev" : 0.000000,
        "bw_samples" : 0,
        "iops_min" : 0,
        "iops_max" : 0,
        "iops_mean" : 0.000000,
        "iops_stddev" : 0.000000,
        "iops_samples" : 0
      },
      "sync" : {
        "total_ios" : 0,
        "lat_ns" : {
          "min" : 0,
          "max" : 0,
          "mean" : 0.000000,
          "stddev" : 0.000000,
          "N" : 0
        }
      },
      "job_runtime" : 28002,
      "usr_cpu" : 87.440183,
      "sys_cpu" : 0.010714,
      "ctx" : 2949,
      "majf" : 0,
      "minf" : 3045,
      "iodepth_level" : {
        "1" : 100.000000,
        "2" : 0.000000,
        "4" : 0.000000,
        "8" : 0.000000,
        "16" : 0.000000,
        "32" : 0.000000,
        ">=64" : 0.000000
      },
      "iodepth_submit" : {
        "0" : 0.000000,
        "4" : 100.000000,
        "8" : 0.000000,
        "16" : 0.000000,
        "32" : 0.000000,
        "64" : 0.000000,
        ">=64" : 0.000000
      },
      "iodepth_complete" : {
        "0" : 0.000000,
        "4" : 100.000000,
        "8" : 0.000000,
        "16" : 0.000000,
        "32" : 0.000000,
        "64" : 0.000000,
        ">=64" : 0.000000
      },
      "latency_ns" : {
        "2" : 0.000000,
        "4" : 0.000000,
        "10" : 0.000000,
        "20" : 0.000000,
        "50" : 0.000000,
        "100" : 0.000000,
        "250" : 0.010000,
        "500" : 0.000000,
        "750" : 0.000000,
        "1000" : 0.000000
      },
      "latency_us" : {
        "2" : 0.010000,
        "4" : 0.000000,
        "10" : 87.353491,
        "20" : 1.080494,
        "50" : 11.525942,
        "100" : 0.012280,
        "250" : 0.010000,
        "500" : 0.010000,
        "750" : 0.000000,
        "1000" : 0.000000
      },
      "latency_ms" : {
        "2" : 0.000000,
        "4" : 0.000000,
        "10" : 0.027350,
        "20" : 0.000000,
        "50" : 0.000000,
        "100" : 0.000000,
        "250" : 0.000000,
        "500" : 0.000000,
        "750" : 0.000000,
        "1000" : 0.000000,
        "2000" : 0.000000,
        ">=2000" : 0.000000
      },
      "latency_depth" : 1,
      "latency_target" : 0,
      "latency_percentile" : 100.000000,
      "latency_window" : 0
    },
    {
      "jobname" : "tapp",
      "groupid" : 1,
      "job_start" : 1744394999519,
      "error" : 0,
      "eta" : 0,
      "elapsed" : 8,
      "job options" : {
        "iodepth" : "16",
        "bs" : "64K",
        "numjobs" : "1",
        "cpus_allowed" : "110-113",
        "nice" : "0",
        "type" : "0",
        "intr" : "1"
      },
      "read" : {
        "io_bytes" : 23352246272,
        "io_kbytes" : 22804928,
        "bw_bytes" : 3335558673,
        "bw" : 3257381,
        "iops" : 50896.586202,
        "runtime" : 7001,
        "total_ios" : 356327,
        "short_ios" : 0,
        "drop_ios" : 0,
        "slat_ns" : {
          "min" : 240,
          "max" : 8017351,
          "mean" : 18938.948547,
          "stddev" : 194730.733305,
          "N" : 356327
        },
        "clat_ns" : {
          "min" : 32659,
          "max" : 8155838,
          "mean" : 182642.755898,
          "stddev" : 593621.560873,
          "N" : 356327
        },
        "lat_ns" : {
          "min" : 40683,
          "max" : 8164912,
          "mean" : 201581.704446,
          "stddev" : 623348.657237,
          "N" : 356327,
          "percentile" : {
            "50.000000" : 104960,
            "99.000000" : 4145152,
            "99.500000" : 4145152,
            "99.900000" : 4177920,
            "99.990000" : 4177920,
            "99.999000" : 8159232
          }
        },
        "bw_min" : 3241216,
        "bw_max" : 3269888,
        "bw_agg" : 100.000000,
        "bw_mean" : 3257846.857143,
        "bw_dev" : 10413.964049,
        "bw_samples" : 14,
        "iops_min" : 50644,
        "iops_max" : 51092,
        "iops_mean" : 50903.857143,