{
  "fio version" : "fio-3.37-2-g07f73",
  "timestamp" : 1744395017,
  "timestamp_ms" : 1744395017751,
  "time" : "Fri Apr 11 18:10:17 2025",
  "global options" : {
    "lat_percentiles" : "1",
    "clat_percentiles" : "0",
    "cpus_allowed_policy" : "split",
    "ioengine" : "libstorage",
    "rw" : "randread",
    "thread" : "1",
    "group_reporting" : "1",
    "percentile_list" : "50:99:99.5:99.9:99.99:99.999",
    "direct" : "1",
    "verify" : "0",
    "runtime" : "7s",
    "filename" : "/dev/nvme0"
  },
  "jobs" : [
    {
      "jobname" : "test",
      "groupid" : 0,
      "job_start" : 1744395010297,
      "error" : 0,
      "eta" : 0,
      "elapsed" : 8,
      "job options" : {
        "iodepth" : "1",
        "bs" : "4K",
        "numjobs" : "8",
        "cpus_allowed" : "110-113",
        "nice" : "0",
        "type" : "0",
        "intr" : "1",
        "coalescing" : "1"
      },
      "read" : {
        "io_bytes" : 15306977280,
        "io_kbytes" : 14948220,
        "bw_bytes" : 2185150218,
        "bw" : 2133935,
        "iops" : 533483.940043,
        "runtime" : 7005,
        "total_ios" : 3737055,
        "short_ios" : 0,
        "drop_ios" : 0,
        "slat_ns" : {
          "min" : 123,
          "max" : 8013924,
          "mean" : 393.996425,
          "stddev" : 31744.985409,
          "N" : 3737055
        },
        "clat_ns" : {
          "min" : 144,
          "max" : 8033363,
          "mean" : 14048.826444,
          "stddev" : 199169.147164,
          "N" : 3737055
        },
        "lat_ns" : {
          "min" : 4464,
          "max" : 8033570,
          "mean" : 14442.822869,
          "stddev" : 201682.232824,
          "N" : 3737055,
          "percentile" : {
            "50.000000" : 5088,
            "99.000000" : 31104,
            "99.500000" : 33536,
            "99.900000" : 4014080,
            "99.990000" : 8028160,
            "99.999000" : 8028160
          }
        },
        "bw_min" : 2091768,
        "bw_max" : 2165016,
        "bw_agg" : 100.000000,
        "bw_mean" : 2135458.857143,
        "bw_dev" : 2910.890089,
        "bw_samples" : 112,
        "iops_min" : 522942,
        "iops_max" : 541254,
        "iops_mean" : 533864.571429,
        "iops_stddev" : 727.732187,
        "iops_samples" : 112
      },
      "write" : {
        "io_bytes" : 0,
        "io_kbytes" : 0,
        "bw_bytes" : 0,
        "bw" : 0,
        "iops" : 0.000000,
        "runtime" : 0,
        "total_ios" : 0,
        "short_ios" : 0,
        "drop_ios" : 0,
        "slat_ns" : {
          "min" : 0,
          "max" : 0,
          "mean" : 0.000000,
          "stddev" : 0.000000,
          "N" : 0
        },
        "clat_ns" : {
          "min" : 0,
          "max" : 0,
          "mean" : 0.000000,
          "stddev" : 0.000000,
          "N" : 0
        },
        "lat_ns" : {
          "min" : 0,
          "max" : 0,
          "mean" : 0.000000,
          "stddev" : 0.000000,
          "N" : 0
        },
        "bw_min" : 0,
        "bw_max" : 0,
        "bw_agg" : 0.000000,
        "bw_mean" : 0.000000,
        "bw_dev" : 0.000000,
        "bw_samples" : 0,
        "iops_min" : 0,
        "iops_max" : 0,
        "iops_mean" : 0.000000,
        "iops_stddev" : 0.000000,
        "iops_samples" : 0
      },
      "trim" : {
        "io_bytes" : 0,
        "io_kbytes" : 0,
        "bw_bytes" : 0,
        "bw" : 0,
        "iops" : 0.000000,
        "runtime" : 0,
        "total_ios" : 0,
        "short_ios" : 0,
        "drop_ios" : 0,
        "slat_ns" : {
          "min" : 0,
          "max" : 0,
          "mean" : 0.000000,
          "stddev" : 0.000000,
          "N" : 0
        },
        "clat_ns" : {
          "min" : 0,
          "max" : 0,
          "mean" : 0.000000,
          "stddev" : 0.000000,
          "N" : 0
        },
        "lat_ns" : {
          "min" : 0,
          "max" : 0,
          "mean" : 0.000000,
          "stddev" : 0.000000,
          "N" : 0
        },
        "bw_min" : 0,
        "bw_max" : 0,
        "bw_agg" : 0.000000,
        "bw_mean" : 0.000000,
        "bw_dev" : 0.000000,
        "bw_samples" : 0,
        "iops_min" : 0,
        "iops_max" : 0,
        "iops_mean" : 0.000000,
        "iops_stddev" : 0.000000,
        "iops_samples" : 0
      },
      "sync" : {
        "total_ios" : 0,
        "lat_ns" : {
          "min" : 0,
          "max" : 0,
          "mean" : 0.000000,
          "stddev" : 0.000000,
          "N" : 0
        }
      },
      "job_runtime" : 56005,
      "usr_cpu" : 45.845907,
      "sys_cpu" : 0.000000,
      "ctx" : 6443,
      "majf" : 0,
      "minf" : 5768,
      "iodepth_level" : {
        "1" : 100.000000,
        "2" : 0.000000,
        "4" : 0.000000,
        "8" : 0.000000,
        "16" : 0.000000,
        "32" : 0.000000,
        ">=64" : 0.000000
      },
      "iodepth_submit" : {
        "0" : 0.000000,
        "4" : 100.000000,
        "8" : 0.000000,
        "16" : 0.000000,
        "32" : 0.000000,
        "64" : 0.000000,
        ">=64" : 0.000000
      },
      "iodepth_complete" : {
        "0" : 0.000000,
        "4" : 100.000000,
        "8" : 0.000000,
        "16" : 0.000000,
        "32" : 0.000000,
        "64" : 0.000000,
        ">=64" : 0.000000
      },
      "latency_ns" : {
        "2" : 0.000000,
        "4" : 0.000000,
        "10" : 0.000000,
        "20" : 0.000000,
        "50" : 0.000000,
        "100" : 0.000000,
        "250" : 0.010000,
        "500" : 0.000000,
        "750" : 0.000000,
        "1000" : 0.000000
      },
      "latency_us" : {
        "2" : 0.000000,
        "4" : 0.000000,
        "10" : 93.032562,
        "20" : 1.074081,
        "50" : 5.726889,
        "100" : 0.010000,
        "250" : 0.010000,
        "500" : 0.010000,
        "750" : 0.000000,
        "1000" : 0.000000
      },
      "latency_ms" : {
        "2" : 0.010000,
        "4" : 0.010000,
        "10" : 0.160822,
        "20" : 0.000000,
        "50" : 0.000000,
        "100" : 0.000000,
        "250" : 0.000000,
        "500" : 0.000000,
        "750" : 0.000000,
        "1000" : 0.000000,
        "2000" : 0.000000,
        ">=2000" : 0.000000
      },
      "latency_depth" : 1,
      "latency_target" : 0,
      "latency_percentile" : 100.000000,
      "latency_window" : 0
    },
    {
      "jobname" : "tapp",
      "groupid" : 1,
      "job_start" : 1744395010311,
      "error" : 0,
      "eta" : 0,
      "elapsed" : 8,
      "job options" : {
        "iodepth" : "16",
        "bs" : "64K",
        "numjobs" : "1",
        "cpus_allowed" : "110-113",
        "nice" : "0",
        "type" : "0",
        "intr" : "1"
      },
      "read" : {
        "io_bytes" : 15573975040,
        "io_kbytes" : 15208960,
        "bw_bytes" : 2224535786,
        "bw" : 2172398,
        "iops" : 33943.722325,
        "runtime" : 7001,
        "total_ios" : 237640,
        "short_ios" : 0,
        "drop_ios" : 0,
        "slat_ns" : {
          "min" : 242,
          "max" : 12016344,
          "mean" : 28579.923376,
          "stddev" : 390411.121530,
          "N" : 237640
        },
        "clat_ns" : {
          "min" : 35303,
          "max" : 12154509,
          "mean" : 273571.626262,
          "stddev" : 1188479.014620,
          "N" : 237640
        },
        "lat_ns" : {
          "min" : 41037,
          "max" : 12163773,
          "mean" : 302151.549638,
          "stddev" : 1248167.204919,
          "N" : 237640,
          "percentile" : {
            "50.000000" : 104960,
            "99.000000" : 8159232,
            "99.500000" : 8159232,
            "99.900000" : 8159232,
            "99.990000" : 8159232,
            "99.999000" : 12124160
          }
        },
        "bw_min" : 2140032,
        "bw_max" : 2260352,
        "bw_agg" : 100.000000,
        "bw_mean" : 2172708.571429,
        "bw_dev" : 30583.921321,
        "bw_samples" : 14,
        "iops_min" : 33438,
        "iops_max" : 35318,