{
  "fio version" : "fio-3.37-2-g07f73",
  "timestamp" : 1744395029,
  "timestamp_ms" : 1744395029347,
  "time" : "Fri Apr 11 18:10:29 2025",
  "global options" : {
    "lat_percentiles" : "1",
    "clat_percentiles" : "0",
    "cpus_allowed_policy" : "split",
    "ioengine" : "libstorage",
    "rw" : "randread",
    "thread" : "1",
    "group_reporting" : "1",
    "percentile_list" : "50:99:99.5:99.9:99.99:99.999",
    "direct" : "1",
    "verify" : "0",
    "runtime" : "7s",
    "filename" : "/dev/nvme0"
  },
  "jobs" : [
    {
      "jobname" : "test",
      "groupid" : 0,
      "job_start" : 1744395021929,
      "error" : 0,
      "eta" : 0,
      "elapsed" : 8,
      "job options" : {
        "iodepth" : "1",
        "bs" : "4K",
        "numjobs" : "12",
        "cpus_allowed" : "110-113",
        "nice" : "0",
        "type" : "0",
        "intr" : "1",
        "coalescing" : "1"
      },
      "read" : {
        "io_bytes" : 16955981824,
        "io_kbytes" : 16558576,
        "bw_bytes" : 2420208653,
        "bw" : 2363485,
        "iops" : 590871.253212,
        "runtime" : 7006,
        "total_ios" : 4139644,
        "short_ios" : 0,
        "drop_ios" : 0,
        "slat_ns" : {
          "min" : 123,
          "max" : 12012604,
          "mean" : 605.059568,
          "stddev" : 62493.369995,
          "N" : 4139644
        },
        "clat_ns" : {
          "min" : 157,
          "max" : 24010652,
          "mean" : 18951.249257,
          "stddev" : 343717.207741,
          "N" : 4139644
        },
        "lat_ns" : {
          "min" : 4366,
          "max" : 24010897,
          "mean" : 19556.308825,
          "stddev" : 349341.414926,
          "N" : 4139644,
          "percentile" : {
            "50.000000" : 5024,
            "99.000000" : 30080,
            "99.500000" : 32384,
            "99.900000" : 8028160,
            "99.990000" : 11993088,
            "99.999000" : 11993088
          }
        },
        "bw_min" : 2302656,
        "bw_max" : 2435248,
        "bw_agg" : 100.000000,
        "bw_mean" : 2365567.714286,
        "bw_dev" : 3208.991151,
        "bw_samples" : 168,
        "iops_min" : 575664,
        "iops_max" : 608812,
        "iops_mean" : 591391.785714,
        "iops_stddev" : 802.231057,
        "iops_samples" : 168
      },
      "write" : {
        "io_bytes" : 0,
        "io_kbytes" : 0,
        "bw_bytes" : 0,
        "bw" : 0,
        "iops" : 0.000000,
        "runtime" : 0,
        "total_ios" : 0,
        "short_ios" : 0,
        "drop_ios" : 0,
        "slat_ns" : {
          "min" : 0,
          "max" : 0,
          "mean" : 0.000000,
          "stddev" : 0.000000,
          "N" : 0
        },
        "clat_ns" : {
          "min" : 0,
          "max" : 0,
          "mean" : 0.000000,
          "stddev" : 0.000000,
          "N" : 0
        },
        "lat_ns" : {
          "min" : 0,
          "max" : 0,
          "mean" : 0.000000,
          "stddev" : 0.000000,
          "N" : 0
        },
        "bw_min" : 0,
        "bw_max" : 0,
        "bw_agg" : 0.000000,
        "bw_mean" : 0.000000,
        "bw_dev" : 0.000000,
        "bw_samples" : 0,
        "iops_min" : 0,
        "iops_max" : 0,
        "iops_mean" : 0.000000,
        "iops_stddev" : 0.000000,
        "iops_samples" : 0
      },
      "trim" : {
        "io_bytes" : 0,
        "io_kbytes" : 0,
        "bw_bytes" : 0,
        "bw" : 0,
        "iops" : 0.000000,
        "runtime" : 0,
        "total_ios" : 0,
        "short_ios" : 0,
        "drop_ios" : 0,
        "slat_ns" : {
          "min" : 0,
          "max" : 0,
          "mean" : 0.000000,
          "stddev" : 0.000000,
          "N" : 0
        },
        "clat_ns" : {
          "min" : 0,
          "max" : 0,
          "mean" : 0.000000,
          "stddev" : 0.000000,
          "N" : 0
        },
        "lat_ns" : {
          "min" : 0,
          "max" : 0,
          "mean" : 0.000000,
          "stddev" : 0.000000,
          "N" : 0
        },
        "bw_min" : 0,
        "bw_max" : 0,
        "bw_agg" : 0.000000,
        "bw_mean" : 0.000000,
        "bw_dev" : 0.000000,
        "bw_samples" : 0,
        "iops_min" : 0,
        "iops_max" : 0,
        "iops_mean" : 0.000000,
        "iops_stddev" : 0.000000,
        "iops_samples" : 0
      },
      "sync" : {
        "total_ios" : 0,
        "lat_ns" : {
          "min" : 0,
          "max" : 0,
          "mean" : 0.000000,
          "stddev" : 0.000000,
          "N" : 0
        }
      },
      "job_runtime" : 84010,
      "usr_cpu" : 31.285561,
      "sys_cpu" : 0.008332,
      "ctx" : 6601,
      "majf" : 0,
      "minf" : 8672,
      "iodepth_level" : {
        "1" : 100.000000,
        "2" : 0.000000,
        "4" : 0.000000,
        "8" : 0.000000,
        "16" : 0.000000,
        "32" : 0.000000,
        ">=64" : 0.000000
      },
      "iodepth_submit" : {
        "0" : 0.000000,
        "4" : 100.000000,
        "8" : 0.000000,
        "16" : 0.000000,
        "32" : 0.000000,
        "64" : 0.000000,
        ">=64" : 0.000000
      },
      "iodepth_complete" : {
        "0" : 0.000000,
        "4" : 100.000000,
        "8" : 0.000000,
        "16" : 0.000000,
        "32" : 0.000000,
        "64" : 0.000000,
        ">=64" : 0.000000
      },
      "latency_ns" : {
        "2" : 0.000000,
        "4" : 0.000000,
        "10" : 0.000000,
        "20" : 0.000000,
        "50" : 0.000000,
        "100" : 0.000000,
        "250" : 0.010000,
        "500" : 0.000000,
        "750" : 0.000000,
        "1000" : 0.000000
      },
      "latency_us" : {
        "2" : 0.000000,
        "4" : 0.010000,
        "10" : 95.186712,
        "20" : 0.853358,
        "50" : 3.808516,
        "100" : 0.010000,
        "250" : 0.010000,
        "500" : 0.000000,
        "750" : 0.000000,
        "1000" : 0.010000
      },
      "latency_ms" : {
        "2" : 0.000000,
        "4" : 0.010000,
        "10" : 0.119237,
        "20" : 0.028891,
        "50" : 0.010000,
        "100" : 0.000000,
        "250" : 0.000000,
        "500" : 0.000000,
        "750" : 0.000000,
        "1000" : 0.000000,
        "2000" : 0.000000,
        ">=2000" : 0.000000
      },
      "latency_depth" : 1,
      "latency_target" : 0,
      "latency_percentile" : 100.000000,
      "latency_window" : 0
    },
    {
      "jobname" : "tapp",
      "groupid" : 1,
      "job_start" : 1744395021935,
      "error" : 0,
      "eta" : 0,
      "elapsed" : 8,
      "job options" : {
        "iodepth" : "16",
        "bs" : "64K",
        "numjobs" : "1",
        "cpus_allowed" : "110-113",
        "nice" : "0",
        "type" : "0",
        "intr" : "1"
      },
      "read" : {
        "io_bytes" : 11656626176,
        "io_kbytes" : 11383424,
        "bw_bytes" : 1663331360,
        "bw" : 1624347,
        "iops" : 25380.422374,
        "runtime" : 7008,
        "total_ios" : 177866,
        "short_ios" : 0,
        "drop_ios" : 0,
        "slat_ns" : {
          "min" : 245,
          "max" : 24016931,
          "mean" : 37756.748682,
          "stddev" : 583133.806102,
          "N" : 177866
        },
        "clat_ns" : {
          "min" : 33880,
          "max" : 24156136,
          "mean" : 370953.008951,
          "stddev" : 1809805.863699,
          "N" : 177866
        },
        "lat_ns" : {
          "min" : 39876,
          "max" : 24166736,
          "mean" : 408709.757632,
          "stddev" : 1897286.087611,
          "N" : 177866,
          "percentile" : {
            "50.000000" : 104960,
            "99.000000" : 12124160,
            "99.500000" : 12124160,
            "99.900000" : 12124160,
            "99.990000" : 16187392,
            "99.999000" : 24248320
          }
        },
        "bw_min" : 1586560,
        "bw_max" : 1662592,
        "bw_agg" : 100.000000,
        "bw_mean" : 1626075.428571,
        "bw_dev" : 22733.575514,
        "bw_samples" : 14,
        "iops_min" : 24790,
        "iops_max" : 25978,