{
  "fio version" : "fio-3.37-2-g07f73",
  "timestamp" : 1744394997,
  "timestamp_ms" : 1744394997044,
  "time" : "Fri Apr 11 18:09:57 2025",
  "global options" : {
    "lat_percentiles" : "1",
    "clat_percentiles" : "0",
    "cpus_allowed_policy" : "split",
    "ioengine" : "libstorage",
    "rw" : "randread",
    "thread" : "1",
    "group_reporting" : "1",
    "percentile_list" : "50:99:99.5:99.9:99.99:99.999",
    "direct" : "1",
    "verify" : "0",
    "runtime" : "7s",
    "filename" : "/dev/nvme0"
  },
  "jobs" : [
    {
      "jobname" : "test",
      "groupid" : 0,
      "job_start" : 1744394989804,
      "error" : 0,
      "eta" : 0,
      "elapsed" : 8,
      "job options" : {
        "iodepth" : "1",
        "bs" : "4K",
        "numjobs" : "2",
        "cpus_allowed" : "110-113",
        "nice" : "0",
        "type" : "0",
        "intr" : "1",
        "coalescing" : "1"
      },
      "read" : {
        "io_bytes" : 2020667392,
        "io_kbytes" : 1973308,
        "bw_bytes" : 288625538,
        "bw" : 281860,
        "iops" : 70465.219254,
        "runtime" : 7001,
        "total_ios" : 493327,
        "short_ios" : 0,
        "drop_ios" : 0,
        "slat_ns" : {
          "min" : 128,
          "max" : 45925,
          "mean" : 278.345756,
          "stddev" : 131.115171,
          "N" : 493327
        },
        "clat_ns" : {
          "min" : 3350,
          "max" : 397322,
          "mean" : 27875.500417,
          "stddev" : 2920.560703,
          "N" : 493327
        },
        "lat_ns" : {
          "min" : 4707,
          "max" : 397635,
          "mean" : 28153.846173,
          "stddev" : 2926.315332,
          "N" : 493327,
          "percentile" : {
            "50.000000" : 27776,
            "99.000000" : 35584,
            "99.500000" : 36608,
            "99.900000" : 39168,
            "99.990000" : 45312,
            "99.999000" : 55040
          }
        },
        "bw_min" : 278696,
        "bw_max" : 282904,
        "bw_agg" : 100.000000,
        "bw_mean" : 281881.285714,
        "bw_dev" : 825.130812,
        "bw_samples" : 28,
        "iops_min" : 69674,
        "iops_max" : 70726,
        "iops_mean" : 70470.285714,
        "iops_stddev" : 206.284080,
        "iops_samples" : 28
      },
      "write" : {
        "io_bytes" : 0,
        "io_kbytes" : 0,
        "bw_bytes" : 0,
        "bw" : 0,
        "iops" : 0.000000,
        "runtime" : 0,
        "total_ios" : 0,
        "short_ios" : 0,
        "drop_ios" : 0,
        "slat_ns" : {
          "min" : 0,
          "max" : 0,
          "mean" : 0.000000,
          "stddev" : 0.000000,
          "N" : 0
        },
        "clat_ns" : {
          "min" : 0,
          "max" : 0,
          "mean" : 0.000000,
          "stddev" : 0.000000,
          "N" : 0
        },
        "lat_ns" : {
          "min" : 0,
          "max" : 0,
          "mean" : 0.000000,
          "stddev" : 0.000000,
          "N" : 0
        },
        "bw_min" : 0,
        "bw_max" : 0,
        "bw_agg" : 0.000000,
        "bw_mean" : 0.000000,
        "bw_dev" : 0.000000,
        "bw_samples" : 0,
        "iops_min" : 0,
        "iops_max" : 0,
        "iops_mean" : 0.000000,
        "iops_stddev" : 0.000000,
        "iops_samples" : 0
      },
      "trim" : {
        "io_bytes" : 0,
        "io_kbytes" : 0,
        "bw_bytes" : 0,
        "bw" : 0,
        "iops" : 0.000000,
        "runtime" : 0,
        "total_ios" : 0,
        "short_ios" : 0,
        "drop_ios" : 0,
        "slat_ns" : {
          "min" : 0,
          "max" : 0,
          "mean" : 0.000000,
          "stddev" : 0.000000,
          "N" : 0
        },
        "clat_ns" : {
          "min" : 0,
          "max" : 0,
          "mean" : 0.000000,
          "stddev" : 0.000000,
          "N" : 0
        },
        "lat_ns" : {
          "min" : 0,
          "max" : 0,
          "mean" : 0.000000,
          "stddev" : 0.000000,
          "N" : 0
        },
        "bw_min" : 0,
        "bw_max" : 0,
        "bw_agg" : 0.000000,
        "bw_mean" : 0.000000,
        "bw_dev" : 0.000000,
        "bw_samples" : 0,
        "iops_min" : 0,
        "iops_max" : 0,
        "iops_mean" : 0.000000,
        "iops_stddev" : 0.000000,
        "iops_samples" : 0
      },
      "sync" : {
        "total_ios" : 0,
        "lat_ns" : {
          "min" : 0,
          "max" : 0,
          "mean" : 0.000000,
          "stddev" : 0.000000,
          "N" : 0
        }
      },
      "job_runtime" : 14000,
      "usr_cpu" : 99.928571,
      "sys_cpu" : 0.021429,
      "ctx" : 1390,
      "majf" : 0,
      "minf" : 1935,
      "iodepth_level" : {
        "1" : 100.000000,
        "2" : 0.000000,
        "4" : 0.000000,
        "8" : 0.000000,
        "16" : 0.000000,
        "32" : 0.000000,
        ">=64" : 0.000000
      },
      "iodepth_submit" : {
        "0" : 0.000000,
        "4" : 100.000000,
        "8" : 0.000000,
        "16" : 0.000000,
        "32" : 0.000000,
        "64" : 0.000000,
        ">=64" : 0.000000
      },
      "iodepth_complete" : {
        "0" : 0.000000,
        "4" : 100.000000,
        "8" : 0.000000,
        "16" : 0.000000,
        "32" : 0.000000,
        "64" : 0.000000,
        ">=64" : 0.000000
      },
      "latency_ns" : {
        "2" : 0.000000,
        "4" : 0.000000,
        "10" : 0.000000,
        "20" : 0.000000,
        "50" : 0.000000,
        "100" : 0.000000,
        "250" : 0.000000,
        "500" : 0.000000,
        "750" : 0.000000,
        "1000" : 0.000000
      },
      "latency_us" : {
        "2" : 0.000000,
        "4" : 0.010000,
        "10" : 0.023311,
        "20" : 4.428908,
        "50" : 95.545956,
        "100" : 0.010000,
        "250" : 0.010000,
        "500" : 0.010000,
        "750" : 0.000000,
        "1000" : 0.000000
      },
      "latency_ms" : {
        "2" : 0.000000,
        "4" : 0.000000,
        "10" : 0.000000,
        "20" : 0.000000,
        "50" : 0.000000,
        "100" : 0.000000,
        "250" : 0.000000,
        "500" : 0.000000,
        "750" : 0.000000,
        "1000" : 0.000000,
        "2000" : 0.000000,
        ">=2000" : 0.000000
      },
      "latency_depth" : 1,
      "latency_target" : 0,
      "latency_percentile" : 100.000000,
      "latency_window" : 0
    },
    {
      "jobname" : "tapp",
      "groupid" : 1,
      "job_start" : 1744394989804,
      "error" : 0,
      "eta" : 0,
      "elapsed" : 8,
      "job options" : {
        "iodepth" : "16",
        "bs" : "64K",
        "numjobs" : "1",
        "cpus_allowed" : "110-113",
        "nice" : "0",
        "type" : "0",
        "intr" : "1"
      },
      "read" : {
        "io_bytes" : 47720103936,
        "io_kbytes" : 46601664,
        "bw_bytes" : 6816183964,
        "bw" : 6656429,
        "iops" : 104006.713327,
        "runtime" : 7001,
        "total_ios" : 728151,
        "short_ios" : 0,
        "drop_ios" : 0,
        "slat_ns" : {
          "min" : 238,
          "max" : 145168,
          "mean" : 9269.128425,
          "stddev" : 1359.240155,
          "N" : 728151
        },
        "clat_ns" : {
          "min" : 26479,
          "max" : 326445,
          "mean" : 91759.866540,
          "stddev" : 33362.681163,
          "N" : 728151
        },
        "lat_ns" : {
          "min" : 34517,
          "max" : 335118,
          "mean" : 101028.994965,
          "stddev" : 33345.544004,
          "N" : 728151,
          "percentile" : {
            "50.000000" : 101888,
            "99.000000" : 156672,
            "99.500000" : 160768,
            "99.900000" : 173056,
            "99.990000" : 185344,
            "99.999000" : 240640
          }
        },
        "bw_min" : 6637952,
        "bw_max" : 6672640,
        "bw_agg" : 100.000000,
        "bw_mean" : 6657380.571429,
        "bw_dev" : 7148.135741,
        "bw_samples" : 14,
        "iops_min" : 103718,
        "iops_max" : 104260,
        "iops_mean" : 104021.571429,
        "iops_stddev" : 111.689621,