{
  "fio version" : "fio-3.37-2-g07f73",
  "timestamp" : 1744394987,
  "timestamp_ms" : 1744394987690,
  "time" : "Fri Apr 11 18:09:47 2025",
  "global options" : {
    "lat_percentiles" : "1",
    "clat_percentiles" : "0",
    "cpus_allowed_policy" : "split",
    "ioengine" : "libstorage",
    "rw" : "randread",
    "thread" : "1",
    "group_reporting" : "1",
    "percentile_list" : "50:99:99.5:99.9:99.99:99.999",
    "direct" : "1",
    "verify" : "0",
    "runtime" : "7s",
    "filename" : "/dev/nvme0"
  },
  "jobs" : [
    {
      "jobname" : "test",
      "groupid" : 0,
      "job_start" : 1744394980419,
      "error" : 0,
      "eta" : 0,
      "elapsed" : 8,
      "job options" : {
        "iodepth" : "1",
        "bs" : "4K",
        "numjobs" : "1",
        "cpus_allowed" : "110-113",
        "nice" : "0",
        "type" : "0",
        "intr" : "1",
        "coalescing" : "1"
      },
      "read" : {
        "io_bytes" : 1017520128,
        "io_kbytes" : 993672,
        "bw_bytes" : 145339255,
        "bw" : 141932,
        "iops" : 35483.216683,
        "runtime" : 7001,
        "total_ios" : 248418,
        "short_ios" : 0,
        "drop_ios" : 0,
        "slat_ns" : {
          "min" : 132,
          "max" : 21434,
          "mean" : 328.195799,
          "stddev" : 127.801828,
          "N" : 248418
        },
        "clat_ns" : {
          "min" : 4542,
          "max" : 368518,
          "mean" : 27616.081141,
          "stddev" : 2277.005123,
          "N" : 248418
        },
        "lat_ns" : {
          "min" : 4732,
          "max" : 368908,
          "mean" : 27944.276940,
          "stddev" : 2278.613988,
          "N" : 248418,
          "percentile" : {
            "50.000000" : 27264,
            "99.000000" : 35072,
            "99.500000" : 36096,
            "99.900000" : 38144,
            "99.990000" : 44800,
            "99.999000" : 76288
          }
        },
        "bw_min" : 141560,
        "bw_max" : 142096,
        "bw_agg" : 100.000000,
        "bw_mean" : 141953.142857,
        "bw_dev" : 152.528866,
        "bw_samples" : 14,
        "iops_min" : 35390,
        "iops_max" : 35524,
        "iops_mean" : 35488.285714,
        "iops_stddev" : 38.132216,
        "iops_samples" : 14
      },
      "write" : {
        "io_bytes" : 0,
        "io_kbytes" : 0,
        "bw_bytes" : 0,
        "bw" : 0,
        "iops" : 0.000000,
        "runtime" : 0,
        "total_ios" : 0,
        "short_ios" : 0,
        "drop_ios" : 0,
        "slat_ns" : {
          "min" : 0,
          "max" : 0,
          "mean" : 0.000000,
          "stddev" : 0.000000,
          "N" : 0
        },
        "clat_ns" : {
          "min" : 0,
          "max" : 0,
          "mean" : 0.000000,
          "stddev" : 0.000000,
          "N" : 0
        },
        "lat_ns" : {
          "min" : 0,
          "max" : 0,
          "mean" : 0.000000,
          "stddev" : 0.000000,
          "N" : 0
        },
        "bw_min" : 0,
        "bw_max" : 0,
        "bw_agg" : 0.000000,
        "bw_mean" : 0.000000,
        "bw_dev" : 0.000000,
        "bw_samples" : 0,
        "iops_min" : 0,
        "iops_max" : 0,
        "iops_mean" : 0.000000,
        "iops_stddev" : 0.000000,
        "iops_samples" : 0
      },
      "trim" : {
        "io_bytes" : 0,
        "io_kbytes" : 0,
        "bw_bytes" : 0,
        "bw" : 0,
        "iops" : 0.000000,
        "runtime" : 0,
        "total_ios" : 0,
        "short_ios" : 0,
        "drop_ios" : 0,
        "slat_ns" : {
          "min" : 0,
          "max" : 0,
          "mean" : 0.000000,
          "stddev" : 0.000000,
          "N" : 0
        },
        "clat_ns" : {
          "min" : 0,
          "max" : 0,
          "mean" : 0.000000,
          "stddev" : 0.000000,
          "N" : 0
        },
        "lat_ns" : {
          "min" : 0,
          "max" : 0,
          "mean" : 0.000000,
          "stddev" : 0.000000,
          "N" : 0
        },
        "bw_min" : 0,
        "bw_max" : 0,
        "bw_agg" : 0.000000,
        "bw_mean" : 0.000000,
        "bw_dev" : 0.000000,
        "bw_samples" : 0,
        "iops_min" : 0,
        "iops_max" : 0,
        "iops_mean" : 0.000000,
        "iops_stddev" : 0.000000,
        "iops_samples" : 0
      },
      "sync" : {
        "total_ios" : 0,
        "lat_ns" : {
          "min" : 0,
          "max" : 0,
          "mean" : 0.000000,
          "stddev" : 0.000000,
          "N" : 0
        }
      },
      "job_runtime" : 7000,
      "usr_cpu" : 99.900000,
      "sys_cpu" : 0.042857,
      "ctx" : 701,
      "majf" : 0,
      "minf" : 1072,
      "iodepth_level" : {
        "1" : 100.000000,
        "2" : 0.000000,
        "4" : 0.000000,
        "8" : 0.000000,
        "16" : 0.000000,
        "32" : 0.000000,
        ">=64" : 0.000000
      },
      "iodepth_submit" : {
        "0" : 0.000000,
        "4" : 100.000000,
        "8" : 0.000000,
        "16" : 0.000000,
        "32" : 0.000000,
        "64" : 0.000000,
        ">=64" : 0.000000
      },
      "iodepth_complete" : {
        "0" : 0.000000,
        "4" : 100.000000,
        "8" : 0.000000,
        "16" : 0.000000,
        "32" : 0.000000,
        "64" : 0.000000,
        ">=64" : 0.000000
      },
      "latency_ns" : {
        "2" : 0.000000,
        "4" : 0.000000,
        "10" : 0.000000,
        "20" : 0.000000,
        "50" : 0.000000,
        "100" : 0.000000,
        "250" : 0.000000,
        "500" : 0.000000,
        "750" : 0.000000,
        "1000" : 0.000000
      },
      "latency_us" : {
        "2" : 0.000000,
        "4" : 0.000000,
        "10" : 0.014492,
        "20" : 0.627169,
        "50" : 99.355119,
        "100" : 0.010000,
        "250" : 0.010000,
        "500" : 0.010000,
        "750" : 0.000000,
        "1000" : 0.000000
      },
      "latency_ms" : {
        "2" : 0.000000,
        "4" : 0.000000,
        "10" : 0.000000,
        "20" : 0.000000,
        "50" : 0.000000,
        "100" : 0.000000,
        "250" : 0.000000,
        "500" : 0.000000,
        "750" : 0.000000,
        "1000" : 0.000000,
        "2000" : 0.000000,
        ">=2000" : 0.000000
      },
      "latency_depth" : 1,
      "latency_target" : 0,
      "latency_percentile" : 100.000000,
      "latency_window" : 0
    },
    {
      "jobname" : "tapp",
      "groupid" : 1,
      "job_start" : 1744394980419,
      "error" : 0,
      "eta" : 0,
      "elapsed" : 8,
      "job options" : {
        "iodepth" : "16",
        "bs" : "64K",
        "numjobs" : "1",
        "cpus_allowed" : "110-113",
        "nice" : "0",
        "type" : "0",
        "intr" : "1"
      },
      "read" : {
        "io_bytes" : 48735846400,
        "io_kbytes" : 47593600,
        "bw_bytes" : 6961269304,
        "bw" : 6798114,
        "iops" : 106220.539923,
        "runtime" : 7001,
        "total_ios" : 743650,
        "short_ios" : 0,
        "drop_ios" : 0,
        "slat_ns" : {
          "min" : 227,
          "max" : 165859,
          "mean" : 9066.493223,
          "stddev" : 1332.353004,
          "N" : 743650
        },
        "clat_ns" : {
          "min" : 23873,
          "max" : 316342,
          "mean" : 89839.684690,
          "stddev" : 32681.624619,
          "N" : 743650
        },
        "lat_ns" : {
          "min" : 40250,
          "max" : 324955,
          "mean" : 98906.177913,
          "stddev" : 32654.620287,
          "N" : 743650,
          "percentile" : {
            "50.000000" : 99840,
            "99.000000" : 154624,
            "99.500000" : 158720,
            "99.900000" : 168960,
            "99.990000" : 181248,
            "99.999000" : 238592
          }
        },
        "bw_min" : 6779392,
        "bw_max" : 6810752,
        "bw_agg" : 100.000000,
        "bw_mean" : 6799085.714286,
        "bw_dev" : 6479.429740,
        "bw_samples" : 14,
        "iops_min" : 105928,
        "iops_max" : 106418,
        "iops_mean" : 106235.714286,
        "iops_stddev" : 101.241090,