{
  "fio version" : "fio-3.37-2-g07f73",
  "timestamp" : 1744424395,
  "timestamp_ms" : 1744424395976,
  "time" : "Sat Apr 12 02:19:55 2025",
  "global options" : {
    "lat_percentiles" : "1",
    "clat_percentiles" : "0",
    "cpus_allowed_policy" : "shared",
    "ioengine" : "spdk",
    "rw" : "randread",
    "thread" : "1",
    "group_reporting" : "1",
    "percentile_list" : "50:99:99.5:99.9:99.99:99.999",
    "direct" : "1",
    "verify" : "0",
    "runtime" : "7s",
    "filename" : "trtype=PCIe traddr=0000.c8.00.0"
  },
  "jobs" : [
    {
      "jobname" : "test",
      "groupid" : 0,
      "job_start" : 1744424388713,
      "error" : 0,
      "eta" : 0,
      "elapsed" : 8,
      "job options" : {
        "iodepth" : "1",
        "bs" : "4K",
        "numjobs" : "1",
        "cpus_allowed" : "110",
        "nice" : "0"
      },
      "read" : {
        "io_bytes" : 3011629056,
        "io_kbytes" : 2941044,
        "bw_bytes" : 430171269,
        "bw" : 420089,
        "iops" : 105022.282531,
        "runtime" : 7001,
        "total_ios" : 735261,
        "short_ios" : 0,
        "drop_ios" : 0,
        "slat_ns" : {
          "min" : 126,
          "max" : 4011272,
          "mean" : 324.014279,
          "stddev" : 26021.029074,
          "N" : 735261
        },
        "clat_ns" : {
          "min" : 3977,
          "max" : 8008664,
          "mean" : 8521.882632,
          "stddev" : 130338.672347,
          "N" : 735261
        },
        "lat_ns" : {
          "min" : 4127,
          "max" : 8008819,
          "mean" : 8845.896911,
          "stddev" : 133065.211890,
          "N" : 735261,
          "percentile" : {
            "50.000000" : 4256,
            "99.000000" : 4448,
            "99.500000" : 8512,
            "99.900000" : 4014080,
            "99.990000" : 4014080,
            "99.999000" : 4145152
          }
        },
        "bw_min" : 411752,
        "bw_max" : 424176,
        "bw_agg" : 100.000000,
        "bw_mean" : 420149.142857,
        "bw_dev" : 4349.109455,
        "bw_samples" : 14,
        "iops_min" : 102938,
        "iops_max" : 106044,
        "iops_mean" : 105037.285714,
        "iops_stddev" : 1087.277364,
        "iops_samples" : 14
      },
      "write" : {
        "io_bytes" : 0,
        "io_kbytes" : 0,
        "bw_bytes" : 0,
        "bw" : 0,
        "iops" : 0.000000,
        "runtime" : 0,
        "total_ios" : 0,
        "short_ios" : 0,
        "drop_ios" : 0,
        "slat_ns" : {
          "min" : 0,
          "max" : 0,
          "mean" : 0.000000,
          "stddev" : 0.000000,
          "N" : 0
        },
        "clat_ns" : {
          "min" : 0,
          "max" : 0,
          "mean" : 0.000000,
          "stddev" : 0.000000,
          "N" : 0
        },
        "lat_ns" : {
          "min" : 0,
          "max" : 0,
          "mean" : 0.000000,
          "stddev" : 0.000000,
          "N" : 0
        },
        "bw_min" : 0,
        "bw_max" : 0,
        "bw_agg" : 0.000000,
        "bw_mean" : 0.000000,
        "bw_dev" : 0.000000,
        "bw_samples" : 0,
        "iops_min" : 0,
        "iops_max" : 0,
        "iops_mean" : 0.000000,
        "iops_stddev" : 0.000000,
        "iops_samples" : 0
      },
      "trim" : {
        "io_bytes" : 0,
        "io_kbytes" : 0,
        "bw_bytes" : 0,
        "bw" : 0,
        "iops" : 0.000000,
        "runtime" : 0,
        "total_ios" : 0,
        "short_ios" : 0,
        "drop_ios" : 0,
        "slat_ns" : {
          "min" : 0,
          "max" : 0,
          "mean" : 0.000000,
          "stddev" : 0.000000,
          "N" : 0
        },
        "clat_ns" : {
          "min" : 0,
          "max" : 0,
          "mean" : 0.000000,
          "stddev" : 0.000000,
          "N" : 0
        },
        "lat_ns" : {
          "min" : 0,
          "max" : 0,
          "mean" : 0.000000,
          "stddev" : 0.000000,
          "N" : 0
        },
        "bw_min" : 0,
        "bw_max" : 0,
        "bw_agg" : 0.000000,
        "bw_mean" : 0.000000,
        "bw_dev" : 0.000000,
        "bw_samples" : 0,
        "iops_min" : 0,
        "iops_max" : 0,
        "iops_mean" : 0.000000,
        "iops_stddev" : 0.000000,
        "iops_samples" : 0
      },
      "sync" : {
        "total_ios" : 0,
        "lat_ns" : {
          "min" : 0,
          "max" : 0,
          "mean" : 0.000000,
          "stddev" : 0.000000,
          "N" : 0
        }
      },
      "job_runtime" : 7000,
      "usr_cpu" : 49.900000,
      "sys_cpu" : 0.085714,
      "ctx" : 877,
      "majf" : 0,
      "minf" : 6102,
      "iodepth_level" : {
        "1" : 100.000000,
        "2" : 0.000000,
        "4" : 0.000000,
        "8" : 0.000000,
        "16" : 0.000000,
        "32" : 0.000000,
        ">=64" : 0.000000
      },
      "iodepth_submit" : {
        "0" : 0.000000,
        "4" : 100.000000,
        "8" : 0.000000,
        "16" : 0.000000,
        "32" : 0.000000,
        "64" : 0.000000,
        ">=64" : 0.000000
      },
      "iodepth_complete" : {
        "0" : 0.000000,
        "4" : 100.000000,
        "8" : 0.000000,
        "16" : 0.000000,
        "32" : 0.000000,
        "64" : 0.000000,
        ">=64" : 0.000000
      },
      "latency_ns" : {
        "2" : 0.000000,
        "4" : 0.000000,
        "10" : 0.000000,
        "20" : 0.000000,
        "50" : 0.000000,
        "100" : 0.000000,
        "250" : 0.000000,
        "500" : 0.000000,
        "750" : 0.000000,
        "1000" : 0.000000
      },
      "latency_us" : {
        "2" : 0.000000,
        "4" : 0.010000,
        "10" : 99.749885,
        "20" : 0.021081,
        "50" : 0.010000,
        "100" : 0.010000,
        "250" : 0.117509,
        "500" : 0.000000,
        "750" : 0.000000,
        "1000" : 0.000000
      },
      "latency_ms" : {
        "2" : 0.000000,
        "4" : 0.010000,
        "10" : 0.105269,
        "20" : 0.000000,
        "50" : 0.000000,
        "100" : 0.000000,
        "250" : 0.000000,
        "500" : 0.000000,
        "750" : 0.000000,
        "1000" : 0.000000,
        "2000" : 0.000000,
        ">=2000" : 0.000000
      },
      "latency_depth" : 1,
      "latency_target" : 0,
      "latency_percentile" : 100.000000,
      "latency_window" : 0
    },
    {
      "jobname" : "tapp",
      "groupid" : 1,
      "job_start" : 1744424388709,
      "error" : 0,
      "eta" : 0,
      "elapsed" : 8,
      "job options" : {
        "iodepth" : "16",
        "bs" : "64K",
        "numjobs" : "1",
        "cpus_allowed" : "110",
        "nice" : "0"
      },
      "read" : {
        "io_bytes" : 26416054272,
        "io_kbytes" : 25796928,
        "bw_bytes" : 3773183012,
        "bw" : 3684749,
        "iops" : 57574.203685,
        "runtime" : 7001,
        "total_ios" : 403077,
        "short_ios" : 0,
        "drop_ios" : 0,
        "slat_ns" : {
          "min" : 218,
          "max" : 4020438,
          "mean" : 461.775311,
          "stddev" : 28927.830624,
          "N" : 403077
        },
        "clat_ns" : {
          "min" : 35942,
          "max" : 5155785,
          "mean" : 276448.172215,
          "stddev" : 721110.887939,
          "N" : 403077
        },
        "lat_ns" : {
          "min" : 38450,
          "max" : 5156013,
          "mean" : 276909.947526,
          "stddev" : 721622.581937,
          "N" : 403077,
          "percentile" : {
            "50.000000" : 140288,
            "99.000000" : 4112384,
            "99.500000" : 4145152,
            "99.900000" : 4145152,
            "99.990000" : 4227072,
            "99.999000" : 5144576
          }
        },
        "bw_min" : 3652608,
        "bw_max" : 3714432,
        "bw_agg" : 100.000000,
        "bw_mean" : 3685275.428571,
        "bw_dev" : 24940.233142,
        "bw_samples" : 14,
        "iops_min" : 57072,
        "iops_max" : 58038,
        "iops_mean" : 57582.428571,
        "iops_stddev" : 389.691143,
        "iops_samples" : 14
      },
      "write" : {
        "io_bytes" : 0,