{
  "fio version" : "fio-3.37-2-g07f73",
  "timestamp" : 1744378252,
  "timestamp_ms" : 1744378252869,
  "time" : "Fri Apr 11 13:30:52 2025",
  "global options" : {
    "lat_percentiles" : "1",
    "clat_percentiles" : "0",
    "cpus_allowed_policy" : "split",
    "ioengine" : "spdk",
    "rw" : "randread",
    "thread" : "1",
    "group_reporting" : "1",
    "percentile_list" : "50:99:99.5:99.9:99.99:99.999",
    "direct" : "1",
    "verify" : "0",
    "runtime" : "7s",
    "filename" : "trtype=PCIe traddr=0000.c8.00.0"
  },
  "jobs" : [
    {
      "jobname" : "test",
      "groupid" : 0,
      "job_start" : 1744378245594,
      "error" : 0,
      "eta" : 0,
      "elapsed" : 8,
      "job options" : {
        "iodepth" : "1",
        "bs" : "4K",
        "numjobs" : "3",
        "cpus_allowed" : "110",
        "nice" : "0"
      },
      "read" : {
        "io_bytes" : 4408954880,
        "io_kbytes" : 4305620,
        "bw_bytes" : 629401124,
        "bw" : 614649,
        "iops" : 153662.384011,
        "runtime" : 7005,
        "total_ios" : 1076405,
        "short_ios" : 0,
        "drop_ios" : 0,
        "slat_ns" : {
          "min" : 125,
          "max" : 12028914,
          "mean" : 645.005118,
          "stddev" : 76287.442250,
          "N" : 1076405
        },
        "clat_ns" : {
          "min" : 4167,
          "max" : 16011437,
          "mean" : 17512.700472,
          "stddev" : 396413.790745,
          "N" : 1076405
        },
        "lat_ns" : {
          "min" : 4328,
          "max" : 16011609,
          "mean" : 18157.705590,
          "stddev" : 403719.821155,
          "N" : 1076405,
          "percentile" : {
            "50.000000" : 4512,
            "99.000000" : 4768,
            "99.500000" : 7840,
            "99.900000" : 11993088,
            "99.990000" : 11993088,
            "99.999000" : 12124160
          }
        },
        "bw_min" : 597912,
        "bw_max" : 633192,
        "bw_agg" : 99.957938,
        "bw_mean" : 614391.780220,
        "bw_dev" : 3151.829905,
        "bw_samples" : 40,
        "iops_min" : 149478,
        "iops_max" : 158298,
        "iops_mean" : 153597.945055,
        "iops_stddev" : 787.957476,
        "iops_samples" : 40
      },
      "write" : {
        "io_bytes" : 0,
        "io_kbytes" : 0,
        "bw_bytes" : 0,
        "bw" : 0,
        "iops" : 0.000000,
        "runtime" : 0,
        "total_ios" : 0,
        "short_ios" : 0,
        "drop_ios" : 0,
        "slat_ns" : {
          "min" : 0,
          "max" : 0,
          "mean" : 0.000000,
          "stddev" : 0.000000,
          "N" : 0
        },
        "clat_ns" : {
          "min" : 0,
          "max" : 0,
          "mean" : 0.000000,
          "stddev" : 0.000000,
          "N" : 0
        },
        "lat_ns" : {
          "min" : 0,
          "max" : 0,
          "mean" : 0.000000,
          "stddev" : 0.000000,
          "N" : 0
        },
        "bw_min" : 0,
        "bw_max" : 0,
        "bw_agg" : 0.000000,
        "bw_mean" : 0.000000,
        "bw_dev" : 0.000000,
        "bw_samples" : 0,
        "iops_min" : 0,
        "iops_max" : 0,
        "iops_mean" : 0.000000,
        "iops_stddev" : 0.000000,
        "iops_samples" : 0
      },
      "trim" : {
        "io_bytes" : 0,
        "io_kbytes" : 0,
        "bw_bytes" : 0,
        "bw" : 0,
        "iops" : 0.000000,
        "runtime" : 0,
        "total_ios" : 0,
        "short_ios" : 0,
        "drop_ios" : 0,
        "slat_ns" : {
          "min" : 0,
          "max" : 0,
          "mean" : 0.000000,
          "stddev" : 0.000000,
          "N" : 0
        },
        "clat_ns" : {
          "min" : 0,
          "max" : 0,
          "mean" : 0.000000,
          "stddev" : 0.000000,
          "N" : 0
        },
        "lat_ns" : {
          "min" : 0,
          "max" : 0,
          "mean" : 0.000000,
          "stddev" : 0.000000,
          "N" : 0
        },
        "bw_min" : 0,
        "bw_max" : 0,
        "bw_agg" : 0.000000,
        "bw_mean" : 0.000000,
        "bw_dev" : 0.000000,
        "bw_samples" : 0,
        "iops_min" : 0,
        "iops_max" : 0,
        "iops_mean" : 0.000000,
        "iops_stddev" : 0.000000,
        "iops_samples" : 0
      },
      "sync" : {
        "total_ios" : 0,
        "lat_ns" : {
          "min" : 0,
          "max" : 0,
          "mean" : 0.000000,
          "stddev" : 0.000000,
          "N" : 0
        }
      },
      "job_runtime" : 21005,
      "usr_cpu" : 24.989288,
      "sys_cpu" : 0.042847,
      "ctx" : 1316,
      "majf" : 0,
      "minf" : 9131,
      "iodepth_level" : {
        "1" : 100.000000,
        "2" : 0.000000,
        "4" : 0.000000,
        "8" : 0.000000,
        "16" : 0.000000,
        "32" : 0.000000,
        ">=64" : 0.000000
      },
      "iodepth_submit" : {
        "0" : 0.000000,
        "4" : 100.000000,
        "8" : 0.000000,
        "16" : 0.000000,
        "32" : 0.000000,
        "64" : 0.000000,
        ">=64" : 0.000000
      },
      "iodepth_complete" : {
        "0" : 0.000000,
        "4" : 100.000000,
        "8" : 0.000000,
        "16" : 0.000000,
        "32" : 0.000000,
        "64" : 0.000000,
        ">=64" : 0.000000
      },
      "latency_ns" : {
        "2" : 0.000000,
        "4" : 0.000000,
        "10" : 0.000000,
        "20" : 0.000000,
        "50" : 0.000000,
        "100" : 0.000000,
        "250" : 0.000000,
        "500" : 0.000000,
        "750" : 0.000000,
        "1000" : 0.000000
      },
      "latency_us" : {
        "2" : 0.000000,
        "4" : 0.000000,
        "10" : 99.819306,
        "20" : 0.031215,
        "50" : 0.000000,
        "100" : 0.010000,
        "250" : 0.040041,
        "500" : 0.000000,
        "750" : 0.000000,
        "1000" : 0.000000
      },
      "latency_ms" : {
        "2" : 0.000000,
        "4" : 0.000000,
        "10" : 0.010000,
        "20" : 0.108509,
        "50" : 0.000000,
        "100" : 0.000000,
        "250" : 0.000000,
        "500" : 0.000000,
        "750" : 0.000000,
        "1000" : 0.000000,
        "2000" : 0.000000,
        ">=2000" : 0.000000
      },
      "latency_depth" : 1,
      "latency_target" : 0,
      "latency_percentile" : 100.000000,
      "latency_window" : 0
    },
    {
      "jobname" : "tapp",
      "groupid" : 1,
      "job_start" : 1744378245583,
      "error" : 0,
      "eta" : 0,
      "elapsed" : 8,
      "job options" : {
        "iodepth" : "16",
        "bs" : "64K",
        "numjobs" : "1",
        "cpus_allowed" : "110",
        "nice" : "0"
      },
      "read" : {
        "io_bytes" : 13232832512,
        "io_kbytes" : 12922688,
        "bw_bytes" : 1889325030,
        "bw" : 1845043,
        "iops" : 28828.812107,
        "runtime" : 7004,
        "total_ios" : 201917,
        "short_ios" : 0,
        "drop_ios" : 0,
        "slat_ns" : {
          "min" : 220,
          "max" : 12013522,
          "mean" : 729.582165,
          "stddev" : 75581.667240,
          "N" : 201917
        },
        "clat_ns" : {
          "min" : 36087,
          "max" : 16159265,
          "mean" : 553003.117494,
          "stddev" : 2185819.014796,
          "N" : 201917
        },
        "lat_ns" : {
          "min" : 36447,
          "max" : 16159541,
          "mean" : 553732.699659,
          "stddev" : 2187013.324597,
          "N" : 201917,
          "percentile" : {
            "50.000000" : 140288,
            "99.000000" : 12124160,
            "99.500000" : 12124160,
            "99.900000" : 12124160,
            "99.990000" : 16056320,
            "99.999000" : 16187392
          }
        },
        "bw_min" : 1828736,
        "bw_max" : 1871232,
        "bw_agg" : 100.000000,
        "bw_mean" : 1845952.000000,
        "bw_dev" : 16878.741769,
        "bw_samples" : 14,
        "iops_min" : 28574,
        "iops_max" : 29238,
        "iops_mean" : 28843.000000,
        "iops_stddev" : 263.730340,
        "iops_samples" : 14
      },