{
  "fio version" : "fio-3.37-2-g07f73",
  "timestamp" : 1744424404,
  "timestamp_ms" : 1744424404819,
  "time" : "Sat Apr 12 02:20:04 2025",
  "global options" : {
    "lat_percentiles" : "1",
    "clat_percentiles" : "0",
    "cpus_allowed_policy" : "shared",
    "ioengine" : "spdk",
    "rw" : "randread",
    "thread" : "1",
    "group_reporting" : "1",
    "percentile_list" : "50:99:99.5:99.9:99.99:99.999",
    "direct" : "1",
    "verify" : "0",
    "runtime" : "7s",
    "filename" : "trtype=PCIe traddr=0000.c8.00.0"
  },
  "jobs" : [
    {
      "jobname" : "test",
      "groupid" : 0,
      "job_start" : 1744424397553,
      "error" : 0,
      "eta" : 0,
      "elapsed" : 8,
      "job options" : {
        "iodepth" : "1",
        "bs" : "4K",
        "numjobs" : "2",
        "cpus_allowed" : "110",
        "nice" : "0"
      },
      "read" : {
        "io_bytes" : 4069830656,
        "io_kbytes" : 3974444,
        "bw_bytes" : 581321333,
        "bw" : 567696,
        "iops" : 141924.153692,
        "runtime" : 7001,
        "total_ios" : 993611,
        "short_ios" : 0,
        "drop_ios" : 0,
        "slat_ns" : {
          "min" : 124,
          "max" : 8017124,
          "mean" : 453.276523,
          "stddev" : 48766.631410,
          "N" : 993611
        },
        "clat_ns" : {
          "min" : 3966,
          "max" : 12009610,
          "mean" : 12637.173392,
          "stddev" : 259763.675743,
          "N" : 993611
        },
        "lat_ns" : {
          "min" : 4112,
          "max" : 12009762,
          "mean" : 13090.449915,
          "stddev" : 264353.891021,
          "N" : 993611,
          "percentile" : {
            "50.000000" : 4256,
            "99.000000" : 4448,
            "99.500000" : 7968,
            "99.900000" : 8028160,
            "99.990000" : 8028160,
            "99.999000" : 8159232
          }
        },
        "bw_min" : 552144,
        "bw_max" : 575736,
        "bw_agg" : 99.929079,
        "bw_mean" : 567294.153846,
        "bw_dev" : 4026.143048,
        "bw_samples" : 26,
        "iops_min" : 138036,
        "iops_max" : 143934,
        "iops_mean" : 141823.538462,
        "iops_stddev" : 1006.535762,
        "iops_samples" : 26
      },
      "write" : {
        "io_bytes" : 0,
        "io_kbytes" : 0,
        "bw_bytes" : 0,
        "bw" : 0,
        "iops" : 0.000000,
        "runtime" : 0,
        "total_ios" : 0,
        "short_ios" : 0,
        "drop_ios" : 0,
        "slat_ns" : {
          "min" : 0,
          "max" : 0,
          "mean" : 0.000000,
          "stddev" : 0.000000,
          "N" : 0
        },
        "clat_ns" : {
          "min" : 0,
          "max" : 0,
          "mean" : 0.000000,
          "stddev" : 0.000000,
          "N" : 0
        },
        "lat_ns" : {
          "min" : 0,
          "max" : 0,
          "mean" : 0.000000,
          "stddev" : 0.000000,
          "N" : 0
        },
        "bw_min" : 0,
        "bw_max" : 0,
        "bw_agg" : 0.000000,
        "bw_mean" : 0.000000,
        "bw_dev" : 0.000000,
        "bw_samples" : 0,
        "iops_min" : 0,
        "iops_max" : 0,
        "iops_mean" : 0.000000,
        "iops_stddev" : 0.000000,
        "iops_samples" : 0
      },
      "trim" : {
        "io_bytes" : 0,
        "io_kbytes" : 0,
        "bw_bytes" : 0,
        "bw" : 0,
        "iops" : 0.000000,
        "runtime" : 0,
        "total_ios" : 0,
        "short_ios" : 0,
        "drop_ios" : 0,
        "slat_ns" : {
          "min" : 0,
          "max" : 0,
          "mean" : 0.000000,
          "stddev" : 0.000000,
          "N" : 0
        },
        "clat_ns" : {
          "min" : 0,
          "max" : 0,
          "mean" : 0.000000,
          "stddev" : 0.000000,
          "N" : 0
        },
        "lat_ns" : {
          "min" : 0,
          "max" : 0,
          "mean" : 0.000000,
          "stddev" : 0.000000,
          "N" : 0
        },
        "bw_min" : 0,
        "bw_max" : 0,
        "bw_agg" : 0.000000,
        "bw_mean" : 0.000000,
        "bw_dev" : 0.000000,
        "bw_samples" : 0,
        "iops_min" : 0,
        "iops_max" : 0,
        "iops_mean" : 0.000000,
        "iops_stddev" : 0.000000,
        "iops_samples" : 0
      },
      "sync" : {
        "total_ios" : 0,
        "lat_ns" : {
          "min" : 0,
          "max" : 0,
          "mean" : 0.000000,
          "stddev" : 0.000000,
          "N" : 0
        }
      },
      "job_runtime" : 14000,
      "usr_cpu" : 33.185714,
      "sys_cpu" : 0.121429,
      "ctx" : 1168,
      "majf" : 0,
      "minf" : 12184,
      "iodepth_level" : {
        "1" : 100.000000,
        "2" : 0.000000,
        "4" : 0.000000,
        "8" : 0.000000,
        "16" : 0.000000,
        "32" : 0.000000,
        ">=64" : 0.000000
      },
      "iodepth_submit" : {
        "0" : 0.000000,
        "4" : 100.000000,
        "8" : 0.000000,
        "16" : 0.000000,
        "32" : 0.000000,
        "64" : 0.000000,
        ">=64" : 0.000000
      },
      "iodepth_complete" : {
        "0" : 0.000000,
        "4" : 100.000000,
        "8" : 0.000000,
        "16" : 0.000000,
        "32" : 0.000000,
        "64" : 0.000000,
        ">=64" : 0.000000
      },
      "latency_ns" : {
        "2" : 0.000000,
        "4" : 0.000000,
        "10" : 0.000000,
        "20" : 0.000000,
        "50" : 0.000000,
        "100" : 0.000000,
        "250" : 0.000000,
        "500" : 0.000000,
        "750" : 0.000000,
        "1000" : 0.000000
      },
      "latency_us" : {
        "2" : 0.000000,
        "4" : 0.016505,
        "10" : 99.800827,
        "20" : 0.020229,
        "50" : 0.010000,
        "100" : 0.010000,
        "250" : 0.056763,
        "500" : 0.000000,
        "750" : 0.000000,
        "1000" : 0.000000
      },
      "latency_ms" : {
        "2" : 0.000000,
        "4" : 0.000000,
        "10" : 0.105172,
        "20" : 0.010000,
        "50" : 0.000000,
        "100" : 0.000000,
        "250" : 0.000000,
        "500" : 0.000000,
        "750" : 0.000000,
        "1000" : 0.000000,
        "2000" : 0.000000,
        ">=2000" : 0.000000
      },
      "latency_depth" : 1,
      "latency_target" : 0,
      "latency_percentile" : 100.000000,
      "latency_window" : 0
    },
    {
      "jobname" : "tapp",
      "groupid" : 1,
      "job_start" : 1744424397548,
      "error" : 0,
      "eta" : 0,
      "elapsed" : 8,
      "job options" : {
        "iodepth" : "16",
        "bs" : "64K",
        "numjobs" : "1",
        "cpus_allowed" : "110",
        "nice" : "0"
      },
      "read" : {
        "io_bytes" : 17610899456,
        "io_kbytes" : 17198144,
        "bw_bytes" : 2515483424,
        "bw" : 2456526,
        "iops" : 38383.230967,
        "runtime" : 7001,
        "total_ios" : 268721,
        "short_ios" : 0,
        "drop_ios" : 0,
        "slat_ns" : {
          "min" : 220,
          "max" : 8017515,
          "mean" : 819.675195,
          "stddev" : 67337.140450,
          "N" : 268721
        },
        "clat_ns" : {
          "min" : 20961,
          "max" : 12145220,
          "mean" : 414784.496768,
          "stddev" : 1452870.828845,
          "N" : 268721
        },
        "lat_ns" : {
          "min" : 21296,
          "max" : 12145472,
          "mean" : 415604.171963,
          "stddev" : 1454284.653254,
          "N" : 268721,
          "percentile" : {
            "50.000000" : 140288,
            "99.000000" : 8093696,
            "99.500000" : 8159232,
            "99.900000" : 8159232,
            "99.990000" : 9240576,
            "99.999000" : 12124160
          }
        },
        "bw_min" : 2427904,
        "bw_max" : 2480384,
        "bw_agg" : 100.000000,
        "bw_mean" : 2456877.714286,
        "bw_dev" : 19562.372026,
        "bw_samples" : 14,
        "iops_min" : 37936,
        "iops_max" : 38756,
        "iops_mean" : 38388.714286,
        "iops_stddev" : 305.662063,
        "iops_samples" : 14
      },