{
  "fio version" : "fio-3.37-2-g07f73",
  "timestamp" : 1744424422,
  "timestamp_ms" : 1744424422539,
  "time" : "Sat Apr 12 02:20:22 2025",
  "global options" : {
    "lat_percentiles" : "1",
    "clat_percentiles" : "0",
    "cpus_allowed_policy" : "shared",
    "ioengine" : "spdk",
    "rw" : "randread",
    "thread" : "1",
    "group_reporting" : "1",
    "percentile_list" : "50:99:99.5:99.9:99.99:99.999",
    "direct" : "1",
    "verify" : "0",
    "runtime" : "7s",
    "filename" : "trtype=PCIe traddr=0000.c8.00.0"
  },
  "jobs" : [
    {
      "jobname" : "test",
      "groupid" : 0,
      "job_start" : 1744424415308,
      "error" : 0,
      "eta" : 0,
      "elapsed" : 8,
      "job options" : {
        "iodepth" : "1",
        "bs" : "4K",
        "numjobs" : "8",
        "cpus_allowed" : "110",
        "nice" : "0"
      },
      "read" : {
        "io_bytes" : 5512466432,
        "io_kbytes" : 5383268,
        "bw_bytes" : 785139785,
        "bw" : 766738,
        "iops" : 191684.517875,
        "runtime" : 7021,
        "total_ios" : 1345817,
        "short_ios" : 0,
        "drop_ios" : 0,
        "slat_ns" : {
          "min" : 129,
          "max" : 36006926,
          "mean" : 1113.221617,
          "stddev" : 173477.461555,
          "N" : 1345817
        },
        "clat_ns" : {
          "min" : 3968,
          "max" : 52014432,
          "mean" : 37773.434550,
          "stddev" : 1036137.984492,
          "N" : 1345817
        },
        "lat_ns" : {
          "min" : 4116,
          "max" : 52014578,
          "mean" : 38886.656167,
          "stddev" : 1050547.992106,
          "N" : 1345817,
          "percentile" : {
            "50.000000" : 4256,
            "99.000000" : 4512,
            "99.500000" : 7648,
            "99.900000" : 32112640,
            "99.990000" : 32112640,
            "99.999000" : 35913728
          }
        },
        "bw_min" : 679400,
        "bw_max" : 784117,
        "bw_agg" : 99.937910,
        "bw_mean" : 766262.247253,
        "bw_dev" : 3815.107347,
        "bw_samples" : 110,
        "iops_min" : 169850,
        "iops_max" : 196029,
        "iops_mean" : 191565.472527,
        "iops_stddev" : 953.773996,
        "iops_samples" : 110
      },
      "write" : {
        "io_bytes" : 0,
        "io_kbytes" : 0,
        "bw_bytes" : 0,
        "bw" : 0,
        "iops" : 0.000000,
        "runtime" : 0,
        "total_ios" : 0,
        "short_ios" : 0,
        "drop_ios" : 0,
        "slat_ns" : {
          "min" : 0,
          "max" : 0,
          "mean" : 0.000000,
          "stddev" : 0.000000,
          "N" : 0
        },
        "clat_ns" : {
          "min" : 0,
          "max" : 0,
          "mean" : 0.000000,
          "stddev" : 0.000000,
          "N" : 0
        },
        "lat_ns" : {
          "min" : 0,
          "max" : 0,
          "mean" : 0.000000,
          "stddev" : 0.000000,
          "N" : 0
        },
        "bw_min" : 0,
        "bw_max" : 0,
        "bw_agg" : 0.000000,
        "bw_mean" : 0.000000,
        "bw_dev" : 0.000000,
        "bw_samples" : 0,
        "iops_min" : 0,
        "iops_max" : 0,
        "iops_mean" : 0.000000,
        "iops_stddev" : 0.000000,
        "iops_samples" : 0
      },
      "trim" : {
        "io_bytes" : 0,
        "io_kbytes" : 0,
        "bw_bytes" : 0,
        "bw" : 0,
        "iops" : 0.000000,
        "runtime" : 0,
        "total_ios" : 0,
        "short_ios" : 0,
        "drop_ios" : 0,
        "slat_ns" : {
          "min" : 0,
          "max" : 0,
          "mean" : 0.000000,
          "stddev" : 0.000000,
          "N" : 0
        },
        "clat_ns" : {
          "min" : 0,
          "max" : 0,
          "mean" : 0.000000,
          "stddev" : 0.000000,
          "N" : 0
        },
        "lat_ns" : {
          "min" : 0,
          "max" : 0,
          "mean" : 0.000000,
          "stddev" : 0.000000,
          "N" : 0
        },
        "bw_min" : 0,
        "bw_max" : 0,
        "bw_agg" : 0.000000,
        "bw_mean" : 0.000000,
        "bw_dev" : 0.000000,
        "bw_samples" : 0,
        "iops_min" : 0,
        "iops_max" : 0,
        "iops_mean" : 0.000000,
        "iops_stddev" : 0.000000,
        "iops_samples" : 0
      },
      "sync" : {
        "total_ios" : 0,
        "lat_ns" : {
          "min" : 0,
          "max" : 0,
          "mean" : 0.000000,
          "stddev" : 0.000000,
          "N" : 0
        }
      },
      "job_runtime" : 56064,
      "usr_cpu" : 11.106949,
      "sys_cpu" : 0.026755,
      "ctx" : 1568,
      "majf" : 0,
      "minf" : 99,
      "iodepth_level" : {
        "1" : 100.000000,
        "2" : 0.000000,
        "4" : 0.000000,
        "8" : 0.000000,
        "16" : 0.000000,
        "32" : 0.000000,
        ">=64" : 0.000000
      },
      "iodepth_submit" : {
        "0" : 0.000000,
        "4" : 100.000000,
        "8" : 0.000000,
        "16" : 0.000000,
        "32" : 0.000000,
        "64" : 0.000000,
        ">=64" : 0.000000
      },
      "iodepth_complete" : {
        "0" : 0.000000,
        "4" : 100.000000,
        "8" : 0.000000,
        "16" : 0.000000,
        "32" : 0.000000,
        "64" : 0.000000,
        ">=64" : 0.000000
      },
      "latency_ns" : {
        "2" : 0.000000,
        "4" : 0.000000,
        "10" : 0.000000,
        "20" : 0.000000,
        "50" : 0.000000,
        "100" : 0.000000,
        "250" : 0.000000,
        "500" : 0.000000,
        "750" : 0.000000,
        "1000" : 0.000000
      },
      "latency_us" : {
        "2" : 0.000000,
        "4" : 0.018205,
        "10" : 99.840023,
        "20" : 0.021771,
        "50" : 0.000000,
        "100" : 0.010000,
        "250" : 0.014192,
        "500" : 0.000000,
        "750" : 0.010000,
        "1000" : 0.000000
      },
      "latency_ms" : {
        "2" : 0.000000,
        "4" : 0.000000,
        "10" : 0.010000,
        "20" : 0.010000,
        "50" : 0.104769,
        "100" : 0.010000,
        "250" : 0.000000,
        "500" : 0.000000,
        "750" : 0.000000,
        "1000" : 0.000000,
        "2000" : 0.000000,
        ">=2000" : 0.000000
      },
      "latency_depth" : 1,
      "latency_target" : 0,
      "latency_percentile" : 100.000000,
      "latency_window" : 0
    },
    {
      "jobname" : "tapp",
      "groupid" : 1,
      "job_start" : 1744424415343,
      "error" : 0,
      "eta" : 0,
      "elapsed" : 8,
      "job options" : {
        "iodepth" : "16",
        "bs" : "64K",
        "numjobs" : "1",
        "cpus_allowed" : "110",
        "nice" : "0"
      },
      "read" : {
        "io_bytes" : 5877858304,
        "io_kbytes" : 5740096,
        "bw_bytes" : 839334328,
        "bw" : 819662,
        "iops" : 12807.225475,
        "runtime" : 7003,
        "total_ios" : 89689,
        "short_ios" : 0,
        "drop_ios" : 0,
        "slat_ns" : {
          "min" : 243,
          "max" : 36007195,
          "mean" : 3909.195832,
          "stddev" : 342424.445107,
          "N" : 89689
        },
        "clat_ns" : {
          "min" : 36002,
          "max" : 36148132,
          "mean" : 1231297.798493,
          "stddev" : 5792599.701165,
          "N" : 89689
        },
        "lat_ns" : {
          "min" : 36309,
          "max" : 36148477,
          "mean" : 1235206.994325,
          "stddev" : 5801969.153735,
          "N" : 89689,
          "percentile" : {
            "50.000000" : 140288,
            "99.000000" : 32112640,
            "99.500000" : 32112640,
            "99.900000" : 32112640,
            "99.990000" : 35913728,
            "99.999000" : 35913728
          }
        },
        "bw_min" : 736256,
        "bw_max" : 943872,
        "bw_agg" : 100.000000,
        "bw_mean" : 819867.428571,
        "bw_dev" : 43976.385016,
        "bw_samples" : 14,
        "iops_min" : 11504,
        "iops_max" : 14748,
        "iops_mean" : 12810.428571,
        "iops_stddev" : 687.131016,
        "iops_samples" : 14
      },