{
  "fio version" : "fio-3.37-2-g07f73",
  "timestamp" : 1744378261,
  "timestamp_ms" : 1744378261733,
  "time" : "Fri Apr 11 13:31:01 2025",
  "global options" : {
    "lat_percentiles" : "1",
    "clat_percentiles" : "0",
    "cpus_allowed_policy" : "split",
    "ioengine" : "spdk",
    "rw" : "randread",
    "thread" : "1",
    "group_reporting" : "1",
    "percentile_list" : "50:99:99.5:99.9:99.99:99.999",
    "direct" : "1",
    "verify" : "0",
    "runtime" : "7s",
    "filename" : "trtype=PCIe traddr=0000.c8.00.0"
  },
  "jobs" : [
    {
      "jobname" : "test",
      "groupid" : 0,
      "job_start" : 1744378254462,
      "error" : 0,
      "eta" : 0,
      "elapsed" : 8,
      "job options" : {
        "iodepth" : "1",
        "bs" : "4K",
        "numjobs" : "6",
        "cpus_allowed" : "110",
        "nice" : "0"
      },
      "read" : {
        "io_bytes" : 5066088448,
        "io_kbytes" : 4947352,
        "bw_bytes" : 722694500,
        "bw" : 705756,
        "iops" : 176439.087019,
        "runtime" : 7010,
        "total_ios" : 1236838,
        "short_ios" : 0,
        "drop_ios" : 0,
        "slat_ns" : {
          "min" : 127,
          "max" : 24011052,
          "mean" : 778.826298,
          "stddev" : 122112.133294,
          "N" : 1236838
        },
        "clat_ns" : {
          "min" : 4176,
          "max" : 28010546,
          "mean" : 30987.942292,
          "stddev" : 797893.065233,
          "N" : 1236838
        },
        "lat_ns" : {
          "min" : 4326,
          "max" : 28010696,
          "mean" : 31766.768590,
          "stddev" : 807174.807446,
          "N" : 1236838,
          "percentile" : {
            "50.000000" : 4512,
            "99.000000" : 4768,
            "99.500000" : 7712,
            "99.900000" : 23986176,
            "99.990000" : 23986176,
            "99.999000" : 23986176
          }
        },
        "bw_min" : 668280,
        "bw_max" : 722976,
        "bw_agg" : 100.000000,
        "bw_mean" : 705797.181319,
        "bw_dev" : 2669.764458,
        "bw_samples" : 82,
        "iops_min" : 167070,
        "iops_max" : 180744,
        "iops_mean" : 176449.241758,
        "iops_stddev" : 667.445222,
        "iops_samples" : 82
      },
      "write" : {
        "io_bytes" : 0,
        "io_kbytes" : 0,
        "bw_bytes" : 0,
        "bw" : 0,
        "iops" : 0.000000,
        "runtime" : 0,
        "total_ios" : 0,
        "short_ios" : 0,
        "drop_ios" : 0,
        "slat_ns" : {
          "min" : 0,
          "max" : 0,
          "mean" : 0.000000,
          "stddev" : 0.000000,
          "N" : 0
        },
        "clat_ns" : {
          "min" : 0,
          "max" : 0,
          "mean" : 0.000000,
          "stddev" : 0.000000,
          "N" : 0
        },
        "lat_ns" : {
          "min" : 0,
          "max" : 0,
          "mean" : 0.000000,
          "stddev" : 0.000000,
          "N" : 0
        },
        "bw_min" : 0,
        "bw_max" : 0,
        "bw_agg" : 0.000000,
        "bw_mean" : 0.000000,
        "bw_dev" : 0.000000,
        "bw_samples" : 0,
        "iops_min" : 0,
        "iops_max" : 0,
        "iops_mean" : 0.000000,
        "iops_stddev" : 0.000000,
        "iops_samples" : 0
      },
      "trim" : {
        "io_bytes" : 0,
        "io_kbytes" : 0,
        "bw_bytes" : 0,
        "bw" : 0,
        "iops" : 0.000000,
        "runtime" : 0,
        "total_ios" : 0,
        "short_ios" : 0,
        "drop_ios" : 0,
        "slat_ns" : {
          "min" : 0,
          "max" : 0,
          "mean" : 0.000000,
          "stddev" : 0.000000,
          "N" : 0
        },
        "clat_ns" : {
          "min" : 0,
          "max" : 0,
          "mean" : 0.000000,
          "stddev" : 0.000000,
          "N" : 0
        },
        "lat_ns" : {
          "min" : 0,
          "max" : 0,
          "mean" : 0.000000,
          "stddev" : 0.000000,
          "N" : 0
        },
        "bw_min" : 0,
        "bw_max" : 0,
        "bw_agg" : 0.000000,
        "bw_mean" : 0.000000,
        "bw_dev" : 0.000000,
        "bw_samples" : 0,
        "iops_min" : 0,
        "iops_max" : 0,
        "iops_mean" : 0.000000,
        "iops_stddev" : 0.000000,
        "iops_samples" : 0
      },
      "sync" : {
        "total_ios" : 0,
        "lat_ns" : {
          "min" : 0,
          "max" : 0,
          "mean" : 0.000000,
          "stddev" : 0.000000,
          "N" : 0
        }
      },
      "job_runtime" : 42023,
      "usr_cpu" : 14.294553,
      "sys_cpu" : 0.011898,
      "ctx" : 1506,
      "majf" : 0,
      "minf" : 1427,
      "iodepth_level" : {
        "1" : 100.000000,
        "2" : 0.000000,
        "4" : 0.000000,
        "8" : 0.000000,
        "16" : 0.000000,
        "32" : 0.000000,
        ">=64" : 0.000000
      },
      "iodepth_submit" : {
        "0" : 0.000000,
        "4" : 100.000000,
        "8" : 0.000000,
        "16" : 0.000000,
        "32" : 0.000000,
        "64" : 0.000000,
        ">=64" : 0.000000
      },
      "iodepth_complete" : {
        "0" : 0.000000,
        "4" : 100.000000,
        "8" : 0.000000,
        "16" : 0.000000,
        "32" : 0.000000,
        "64" : 0.000000,
        ">=64" : 0.000000
      },
      "latency_ns" : {
        "2" : 0.000000,
        "4" : 0.000000,
        "10" : 0.000000,
        "20" : 0.000000,
        "50" : 0.000000,
        "100" : 0.000000,
        "250" : 0.000000,
        "500" : 0.000000,
        "750" : 0.000000,
        "1000" : 0.000000
      },
      "latency_us" : {
        "2" : 0.000000,
        "4" : 0.000000,
        "10" : 99.835468,
        "20" : 0.033392,
        "50" : 0.000000,
        "100" : 0.010000,
        "250" : 0.019889,
        "500" : 0.000000,
        "750" : 0.000000,
        "1000" : 0.000000
      },
      "latency_ms" : {
        "2" : 0.000000,
        "4" : 0.000000,
        "10" : 0.010000,
        "20" : 0.010000,
        "50" : 0.110443,
        "100" : 0.000000,
        "250" : 0.000000,
        "500" : 0.000000,
        "750" : 0.000000,
        "1000" : 0.000000,
        "2000" : 0.000000,
        ">=2000" : 0.000000
      },
      "latency_depth" : 1,
      "latency_target" : 0,
      "latency_percentile" : 100.000000,
      "latency_window" : 0
    },
    {
      "jobname" : "tapp",
      "groupid" : 1,
      "job_start" : 1744378254451,
      "error" : 0,
      "eta" : 0,
      "elapsed" : 8,
      "job options" : {
        "iodepth" : "16",
        "bs" : "64K",
        "numjobs" : "1",
        "cpus_allowed" : "110",
        "nice" : "0"
      },
      "read" : {
        "io_bytes" : 7554007040,
        "io_kbytes" : 7376960,
        "bw_bytes" : 1076682873,
        "bw" : 1051448,
        "iops" : 16428.876853,
        "runtime" : 7016,
        "total_ios" : 115265,
        "short_ios" : 0,
        "drop_ios" : 0,
        "slat_ns" : {
          "min" : 218,
          "max" : 24012726,
          "mean" : 2335.800312,
          "stddev" : 223601.638956,
          "N" : 115265
        },
        "clat_ns" : {
          "min" : 36039,
          "max" : 32152419,
          "mean" : 968797.031545,
          "stddev" : 4379960.548930,
          "N" : 115265
        },
        "lat_ns" : {
          "min" : 36418,
          "max" : 32152668,
          "mean" : 971132.831857,
          "stddev" : 4385222.703659,
          "N" : 115265,
          "percentile" : {
            "50.000000" : 140288,
            "99.000000" : 23986176,
            "99.500000" : 24248320,
            "99.900000" : 24248320,
            "99.990000" : 32112640,
            "99.999000" : 32112640
          }
        },
        "bw_min" : 1027840,
        "bw_max" : 1063040,
        "bw_agg" : 100.000000,
        "bw_mean" : 1053705.142857,
        "bw_dev" : 13685.594486,
        "bw_samples" : 14,
        "iops_min" : 16060,
        "iops_max" : 16610,
        "iops_mean" : 16464.142857,
        "iops_stddev" : 213.837414,
        "iops_samples" : 14
      },