{
  "fio version" : "fio-3.37-2-g07f73",
  "timestamp" : 1744378270,
  "timestamp_ms" : 1744378270579,
  "time" : "Fri Apr 11 13:31:10 2025",
  "global options" : {
    "lat_percentiles" : "1",
    "clat_percentiles" : "0",
    "cpus_allowed_policy" : "split",
    "ioengine" : "spdk",
    "rw" : "randread",
    "thread" : "1",
    "group_reporting" : "1",
    "percentile_list" : "50:99:99.5:99.9:99.99:99.999",
    "direct" : "1",
    "verify" : "0",
    "runtime" : "7s",
    "filename" : "trtype=PCIe traddr=0000.c8.00.0"
  },
  "jobs" : [
    {
      "jobname" : "test",
      "groupid" : 0,
      "job_start" : 1744378263316,
      "error" : 0,
      "eta" : 0,
      "elapsed" : 8,
      "job options" : {
        "iodepth" : "1",
        "bs" : "4K",
        "numjobs" : "9",
        "cpus_allowed" : "110",
        "nice" : "0"
      },
      "read" : {
        "io_bytes" : 5390290944,
        "io_kbytes" : 5263956,
        "bw_bytes" : 767738348,
        "bw" : 749744,
        "iops" : 187436.120211,
        "runtime" : 7021,
        "total_ios" : 1315989,
        "short_ios" : 0,
        "drop_ios" : 0,
        "slat_ns" : {
          "min" : 127,
          "max" : 56011915,
          "mean" : 1377.921273,
          "stddev" : 211053.521432,
          "N" : 1315989
        },
        "clat_ns" : {
          "min" : 4138,
          "max" : 44013364,
          "mean" : 44047.374434,
          "stddev" : 1192988.292938,
          "N" : 1315989
        },
        "lat_ns" : {
          "min" : 4322,
          "max" : 56016679,
          "mean" : 45425.295707,
          "stddev" : 1211490.291251,
          "N" : 1315989,
          "percentile" : {
            "50.000000" : 4512,
            "99.000000" : 4768,
            "99.500000" : 7712,
            "99.900000" : 35913728,
            "99.990000" : 35913728,
            "99.999000" : 40108032
          }
        },
        "bw_min" : 711680,
        "bw_max" : 777680,
        "bw_agg" : 99.480826,
        "bw_mean" : 745852.043956,
        "bw_dev" : 2837.006429,
        "bw_samples" : 123,
        "iops_min" : 177920,
        "iops_max" : 194420,
        "iops_mean" : 186463.010989,
        "iops_stddev" : 709.251607,
        "iops_samples" : 123
      },
      "write" : {
        "io_bytes" : 0,
        "io_kbytes" : 0,
        "bw_bytes" : 0,
        "bw" : 0,
        "iops" : 0.000000,
        "runtime" : 0,
        "total_ios" : 0,
        "short_ios" : 0,
        "drop_ios" : 0,
        "slat_ns" : {
          "min" : 0,
          "max" : 0,
          "mean" : 0.000000,
          "stddev" : 0.000000,
          "N" : 0
        },
        "clat_ns" : {
          "min" : 0,
          "max" : 0,
          "mean" : 0.000000,
          "stddev" : 0.000000,
          "N" : 0
        },
        "lat_ns" : {
          "min" : 0,
          "max" : 0,
          "mean" : 0.000000,
          "stddev" : 0.000000,
          "N" : 0
        },
        "bw_min" : 0,
        "bw_max" : 0,
        "bw_agg" : 0.000000,
        "bw_mean" : 0.000000,
        "bw_dev" : 0.000000,
        "bw_samples" : 0,
        "iops_min" : 0,
        "iops_max" : 0,
        "iops_mean" : 0.000000,
        "iops_stddev" : 0.000000,
        "iops_samples" : 0
      },
      "trim" : {
        "io_bytes" : 0,
        "io_kbytes" : 0,
        "bw_bytes" : 0,
        "bw" : 0,
        "iops" : 0.000000,
        "runtime" : 0,
        "total_ios" : 0,
        "short_ios" : 0,
        "drop_ios" : 0,
        "slat_ns" : {
          "min" : 0,
          "max" : 0,
          "mean" : 0.000000,
          "stddev" : 0.000000,
          "N" : 0
        },
        "clat_ns" : {
          "min" : 0,
          "max" : 0,
          "mean" : 0.000000,
          "stddev" : 0.000000,
          "N" : 0
        },
        "lat_ns" : {
          "min" : 0,
          "max" : 0,
          "mean" : 0.000000,
          "stddev" : 0.000000,
          "N" : 0
        },
        "bw_min" : 0,
        "bw_max" : 0,
        "bw_agg" : 0.000000,
        "bw_mean" : 0.000000,
        "bw_dev" : 0.000000,
        "bw_samples" : 0,
        "iops_min" : 0,
        "iops_max" : 0,
        "iops_mean" : 0.000000,
        "iops_stddev" : 0.000000,
        "iops_samples" : 0
      },
      "sync" : {
        "total_ios" : 0,
        "lat_ns" : {
          "min" : 0,
          "max" : 0,
          "mean" : 0.000000,
          "stddev" : 0.000000,
          "N" : 0
        }
      },
      "job_runtime" : 63053,
      "usr_cpu" : 10.077237,
      "sys_cpu" : 0.015860,
      "ctx" : 1601,
      "majf" : 0,
      "minf" : 12,
      "iodepth_level" : {
        "1" : 100.000000,
        "2" : 0.000000,
        "4" : 0.000000,
        "8" : 0.000000,
        "16" : 0.000000,
        "32" : 0.000000,
        ">=64" : 0.000000
      },
      "iodepth_submit" : {
        "0" : 0.000000,
        "4" : 100.000000,
        "8" : 0.000000,
        "16" : 0.000000,
        "32" : 0.000000,
        "64" : 0.000000,
        ">=64" : 0.000000
      },
      "iodepth_complete" : {
        "0" : 0.000000,
        "4" : 100.000000,
        "8" : 0.000000,
        "16" : 0.000000,
        "32" : 0.000000,
        "64" : 0.000000,
        ">=64" : 0.000000
      },
      "latency_ns" : {
        "2" : 0.000000,
        "4" : 0.000000,
        "10" : 0.000000,
        "20" : 0.000000,
        "50" : 0.000000,
        "100" : 0.000000,
        "250" : 0.000000,
        "500" : 0.000000,
        "750" : 0.000000,
        "1000" : 0.000000
      },
      "latency_us" : {
        "2" : 0.000000,
        "4" : 0.000000,
        "10" : 99.841944,
        "20" : 0.033511,
        "50" : 0.010000,
        "100" : 0.010000,
        "250" : 0.012994,
        "500" : 0.000000,
        "750" : 0.000000,
        "1000" : 0.000000
      },
      "latency_ms" : {
        "2" : 0.010000,
        "4" : 0.000000,
        "10" : 0.010000,
        "20" : 0.010000,
        "50" : 0.109955,
        "100" : 0.000000,
        "250" : 0.000000,
        "500" : 0.000000,
        "750" : 0.000000,
        "1000" : 0.000000,
        "2000" : 0.000000,
        ">=2000" : 0.000000
      },
      "latency_depth" : 1,
      "latency_target" : 0,
      "latency_percentile" : 100.000000,
      "latency_window" : 0
    },
    {
      "jobname" : "tapp",
      "groupid" : 1,
      "job_start" : 1744378263355,
      "error" : 0,
      "eta" : 0,
      "elapsed" : 8,
      "job options" : {
        "iodepth" : "16",
        "bs" : "64K",
        "numjobs" : "1",
        "cpus_allowed" : "110",
        "nice" : "0"
      },
      "read" : {
        "io_bytes" : 5316280320,
        "io_kbytes" : 5191680,
        "bw_bytes" : 758168899,
        "bw" : 740399,
        "iops" : 11568.739304,
        "runtime" : 7012,
        "total_ios" : 81120,
        "short_ios" : 0,
        "drop_ios" : 0,
        "slat_ns" : {
          "min" : 221,
          "max" : 36010926,
          "mean" : 3812.630091,
          "stddev" : 357561.478291,
          "N" : 81120
        },
        "clat_ns" : {
          "min" : 36056,
          "max" : 36165821,
          "mean" : 1369816.425123,
          "stddev" : 6518715.165299,
          "N" : 81120
        },
        "lat_ns" : {
          "min" : 36455,
          "max" : 36166090,
          "mean" : 1373629.055214,
          "stddev" : 6527789.966110,
          "N" : 81120,
          "percentile" : {
            "50.000000" : 140288,
            "99.000000" : 35913728,
            "99.500000" : 35913728,
            "99.900000" : 35913728,
            "99.990000" : 35913728,
            "99.999000" : 35913728
          }
        },
        "bw_min" : 707584,
        "bw_max" : 767872,
        "bw_agg" : 100.000000,
        "bw_mean" : 741522.285714,
        "bw_dev" : 29953.761196,
        "bw_samples" : 14,
        "iops_min" : 11056,
        "iops_max" : 11998,
        "iops_mean" : 11586.285714,
        "iops_stddev" : 468.027519,
        "iops_samples" : 14
      },