{
  "fio version" : "fio-3.37-2-g07f73",
  "timestamp" : 1744423836,
  "timestamp_ms" : 1744423836494,
  "time" : "Sat Apr 12 02:10:36 2025",
  "global options" : {
    "lat_percentiles" : "1",
    "clat_percentiles" : "0",
    "cpus_allowed_policy" : "split",
    "ioengine" : "libstorage",
    "rw" : "randread",
    "thread" : "1",
    "group_reporting" : "1",
    "percentile_list" : "50:99:99.5:99.9:99.99:99.999",
    "direct" : "1",
    "verify" : "0",
    "runtime" : "7s",
    "filename" : "/dev/nvme0"
  },
  "jobs" : [
    {
      "jobname" : "test",
      "groupid" : 0,
      "job_start" : 1744423829207,
      "error" : 0,
      "eta" : 0,
      "elapsed" : 8,
      "job options" : {
        "iodepth" : "1",
        "bs" : "4K",
        "numjobs" : "4",
        "cpus_allowed" : "110",
        "nice" : "0",
        "type" : "0",
        "intr" : "1",
        "coalescing" : "1"
      },
      "read" : {
        "io_bytes" : 4521570304,
        "io_kbytes" : 4415596,
        "bw_bytes" : 645569717,
        "bw" : 630439,
        "iops" : 157609.794403,
        "runtime" : 7004,
        "total_ios" : 1103899,
        "short_ios" : 0,
        "drop_ios" : 0,
        "slat_ns" : {
          "min" : 123,
          "max" : 16016006,
          "mean" : 692.806320,
          "stddev" : 91707.725004,
          "N" : 1103899
        },
        "clat_ns" : {
          "min" : 302,
          "max" : 24015408,
          "mean" : 23555.862547,
          "stddev" : 550303.526837,
          "N" : 1103899
        },
        "lat_ns" : {
          "min" : 4533,
          "max" : 24015572,
          "mean" : 24248.668867,
          "stddev" : 557899.647797,
          "N" : 1103899,
          "percentile" : {
            "50.000000" : 4832,
            "99.000000" : 4960,
            "99.500000" : 7072,
            "99.900000" : 16056320,
            "99.990000" : 16056320,
            "99.999000" : 20054016
          }
        },
        "bw_min" : 617064,
        "bw_max" : 647888,
        "bw_agg" : 100.000000,
        "bw_mean" : 630798.857143,
        "bw_dev" : 2238.003934,
        "bw_samples" : 56,
        "iops_min" : 154266,
        "iops_max" : 161972,
        "iops_mean" : 157699.714286,
        "iops_stddev" : 559.500984,
        "iops_samples" : 56
      },
      "write" : {
        "io_bytes" : 0,
        "io_kbytes" : 0,
        "bw_bytes" : 0,
        "bw" : 0,
        "iops" : 0.000000,
        "runtime" : 0,
        "total_ios" : 0,
        "short_ios" : 0,
        "drop_ios" : 0,
        "slat_ns" : {
          "min" : 0,
          "max" : 0,
          "mean" : 0.000000,
          "stddev" : 0.000000,
          "N" : 0
        },
        "clat_ns" : {
          "min" : 0,
          "max" : 0,
          "mean" : 0.000000,
          "stddev" : 0.000000,
          "N" : 0
        },
        "lat_ns" : {
          "min" : 0,
          "max" : 0,
          "mean" : 0.000000,
          "stddev" : 0.000000,
          "N" : 0
        },
        "bw_min" : 0,
        "bw_max" : 0,
        "bw_agg" : 0.000000,
        "bw_mean" : 0.000000,
        "bw_dev" : 0.000000,
        "bw_samples" : 0,
        "iops_min" : 0,
        "iops_max" : 0,
        "iops_mean" : 0.000000,
        "iops_stddev" : 0.000000,
        "iops_samples" : 0
      },
      "trim" : {
        "io_bytes" : 0,
        "io_kbytes" : 0,
        "bw_bytes" : 0,
        "bw" : 0,
        "iops" : 0.000000,
        "runtime" : 0,
        "total_ios" : 0,
        "short_ios" : 0,
        "drop_ios" : 0,
        "slat_ns" : {
          "min" : 0,
          "max" : 0,
          "mean" : 0.000000,
          "stddev" : 0.000000,
          "N" : 0
        },
        "clat_ns" : {
          "min" : 0,
          "max" : 0,
          "mean" : 0.000000,
          "stddev" : 0.000000,
          "N" : 0
        },
        "lat_ns" : {
          "min" : 0,
          "max" : 0,
          "mean" : 0.000000,
          "stddev" : 0.000000,
          "N" : 0
        },
        "bw_min" : 0,
        "bw_max" : 0,
        "bw_agg" : 0.000000,
        "bw_mean" : 0.000000,
        "bw_dev" : 0.000000,
        "bw_samples" : 0,
        "iops_min" : 0,
        "iops_max" : 0,
        "iops_mean" : 0.000000,
        "iops_stddev" : 0.000000,
        "iops_samples" : 0
      },
      "sync" : {
        "total_ios" : 0,
        "lat_ns" : {
          "min" : 0,
          "max" : 0,
          "mean" : 0.000000,
          "stddev" : 0.000000,
          "N" : 0
        }
      },
      "job_runtime" : 28003,
      "usr_cpu" : 19.994286,
      "sys_cpu" : 0.010713,
      "ctx" : 1403,
      "majf" : 0,
      "minf" : 1497,
      "iodepth_level" : {
        "1" : 100.000000,
        "2" : 0.000000,
        "4" : 0.000000,
        "8" : 0.000000,
        "16" : 0.000000,
        "32" : 0.000000,
        ">=64" : 0.000000
      },
      "iodepth_submit" : {
        "0" : 0.000000,
        "4" : 100.000000,
        "8" : 0.000000,
        "16" : 0.000000,
        "32" : 0.000000,
        "64" : 0.000000,
        ">=64" : 0.000000
      },
      "iodepth_complete" : {
        "0" : 0.000000,
        "4" : 100.000000,
        "8" : 0.000000,
        "16" : 0.000000,
        "32" : 0.000000,
        "64" : 0.000000,
        ">=64" : 0.000000
      },
      "latency_ns" : {
        "2" : 0.000000,
        "4" : 0.000000,
        "10" : 0.000000,
        "20" : 0.000000,
        "50" : 0.000000,
        "100" : 0.000000,
        "250" : 0.000000,
        "500" : 0.010000,
        "750" : 0.000000,
        "1000" : 0.000000
      },
      "latency_us" : {
        "2" : 0.000000,
        "4" : 0.000000,
        "10" : 99.836217,
        "20" : 0.013860,
        "50" : 0.000000,
        "100" : 0.010000,
        "250" : 0.031796,
        "500" : 0.000000,
        "750" : 0.000000,
        "1000" : 0.000000
      },
      "latency_ms" : {
        "2" : 0.000000,
        "4" : 0.000000,
        "10" : 0.010000,
        "20" : 0.113779,
        "50" : 0.010000,
        "100" : 0.000000,
        "250" : 0.000000,
        "500" : 0.000000,
        "750" : 0.000000,
        "1000" : 0.000000,
        "2000" : 0.000000,
        ">=2000" : 0.000000
      },
      "latency_depth" : 1,
      "latency_target" : 0,
      "latency_percentile" : 100.000000,
      "latency_window" : 0
    },
    {
      "jobname" : "tapp",
      "groupid" : 1,
      "job_start" : 1744423829214,
      "error" : 0,
      "eta" : 0,
      "elapsed" : 8,
      "job options" : {
        "iodepth" : "16",
        "bs" : "64K",
        "numjobs" : "1",
        "cpus_allowed" : "110",
        "nice" : "0",
        "type" : "0",
        "intr" : "1"
      },
      "read" : {
        "io_bytes" : 10597695488,
        "io_kbytes" : 10349312,
        "bw_bytes" : 1513091874,
        "bw" : 1477628,
        "iops" : 23087.949743,
        "runtime" : 7004,
        "total_ios" : 161708,
        "short_ios" : 0,
        "drop_ios" : 0,
        "slat_ns" : {
          "min" : 166,
          "max" : 20013519,
          "mean" : 631.764087,
          "stddev" : 81495.637494,
          "N" : 161708
        },
        "clat_ns" : {
          "min" : 20407,
          "max" : 20159004,
          "mean" : 691445.954579,
          "stddev" : 2916203.918310,
          "N" : 161708
        },
        "lat_ns" : {
          "min" : 33102,
          "max" : 20159271,
          "mean" : 692077.718666,
          "stddev" : 2917247.810276,
          "N" : 161708,
          "percentile" : {
            "50.000000" : 140288,
            "99.000000" : 16056320,
            "99.500000" : 16187392,
            "99.900000" : 16187392,
            "99.990000" : 20054016,
            "99.999000" : 20054016
          }
        },
        "bw_min" : 1471360,
        "bw_max" : 1526528,
        "bw_agg" : 100.000000,
        "bw_mean" : 1478326.857143,
        "bw_dev" : 16005.372285,
        "bw_samples" : 14,
        "iops_min" : 22990,
        "iops_max" : 23852,
        "iops_mean" : 23098.857143,