{
  "fio version" : "fio-3.37-2-g07f73",
  "timestamp" : 1744423807,
  "timestamp_ms" : 1744423807191,
  "time" : "Sat Apr 12 02:10:07 2025",
  "global options" : {
    "lat_percentiles" : "1",
    "clat_percentiles" : "0",
    "cpus_allowed_policy" : "split",
    "ioengine" : "libstorage",
    "rw" : "randread",
    "thread" : "1",
    "group_reporting" : "1",
    "percentile_list" : "50:99:99.5:99.9:99.99:99.999",
    "direct" : "1",
    "verify" : "0",
    "runtime" : "7s",
    "filename" : "/dev/nvme0"
  },
  "jobs" : [
    {
      "jobname" : "test",
      "groupid" : 0,
      "job_start" : 1744423799927,
      "error" : 0,
      "eta" : 0,
      "elapsed" : 8,
      "job options" : {
        "iodepth" : "1",
        "bs" : "4K",
        "numjobs" : "1",
        "cpus_allowed" : "110",
        "nice" : "0",
        "type" : "0",
        "intr" : "1",
        "coalescing" : "1"
      },
      "read" : {
        "io_bytes" : 2756550656,
        "io_kbytes" : 2691944,
        "bw_bytes" : 393792950,
        "bw" : 384563,
        "iops" : 96140.857143,
        "runtime" : 7000,
        "total_ios" : 672986,
        "short_ios" : 0,
        "drop_ios" : 0,
        "slat_ns" : {
          "min" : 125,
          "max" : 4076336,
          "mean" : 385.371615,
          "stddev" : 29735.077437,
          "N" : 672986
        },
        "clat_ns" : {
          "min" : 172,
          "max" : 8008815,
          "mean" : 9580.912841,
          "stddev" : 138438.821346,
          "N" : 672986
        },
        "lat_ns" : {
          "min" : 4542,
          "max" : 8008975,
          "mean" : 9966.284456,
          "stddev" : 141767.633653,
          "N" : 672986,
          "percentile" : {
            "50.000000" : 4832,
            "99.000000" : 5024,
            "99.500000" : 7520,
            "99.900000" : 4014080,
            "99.990000" : 4014080,
            "99.999000" : 4145152
          }
        },
        "bw_min" : 382744,
        "bw_max" : 386464,
        "bw_agg" : 99.999889,
        "bw_mean" : 384563.428571,
        "bw_dev" : 1037.847307,
        "bw_samples" : 14,
        "iops_min" : 95686,
        "iops_max" : 96616,
        "iops_mean" : 96140.857143,
        "iops_stddev" : 259.461827,
        "iops_samples" : 14
      },
      "write" : {
        "io_bytes" : 0,
        "io_kbytes" : 0,
        "bw_bytes" : 0,
        "bw" : 0,
        "iops" : 0.000000,
        "runtime" : 0,
        "total_ios" : 0,
        "short_ios" : 0,
        "drop_ios" : 0,
        "slat_ns" : {
          "min" : 0,
          "max" : 0,
          "mean" : 0.000000,
          "stddev" : 0.000000,
          "N" : 0
        },
        "clat_ns" : {
          "min" : 0,
          "max" : 0,
          "mean" : 0.000000,
          "stddev" : 0.000000,
          "N" : 0
        },
        "lat_ns" : {
          "min" : 0,
          "max" : 0,
          "mean" : 0.000000,
          "stddev" : 0.000000,
          "N" : 0
        },
        "bw_min" : 0,
        "bw_max" : 0,
        "bw_agg" : 0.000000,
        "bw_mean" : 0.000000,
        "bw_dev" : 0.000000,
        "bw_samples" : 0,
        "iops_min" : 0,
        "iops_max" : 0,
        "iops_mean" : 0.000000,
        "iops_stddev" : 0.000000,
        "iops_samples" : 0
      },
      "trim" : {
        "io_bytes" : 0,
        "io_kbytes" : 0,
        "bw_bytes" : 0,
        "bw" : 0,
        "iops" : 0.000000,
        "runtime" : 0,
        "total_ios" : 0,
        "short_ios" : 0,
        "drop_ios" : 0,
        "slat_ns" : {
          "min" : 0,
          "max" : 0,
          "mean" : 0.000000,
          "stddev" : 0.000000,
          "N" : 0
        },
        "clat_ns" : {
          "min" : 0,
          "max" : 0,
          "mean" : 0.000000,
          "stddev" : 0.000000,
          "N" : 0
        },
        "lat_ns" : {
          "min" : 0,
          "max" : 0,
          "mean" : 0.000000,
          "stddev" : 0.000000,
          "N" : 0
        },
        "bw_min" : 0,
        "bw_max" : 0,
        "bw_agg" : 0.000000,
        "bw_mean" : 0.000000,
        "bw_dev" : 0.000000,
        "bw_samples" : 0,
        "iops_min" : 0,
        "iops_max" : 0,
        "iops_mean" : 0.000000,
        "iops_stddev" : 0.000000,
        "iops_samples" : 0
      },
      "sync" : {
        "total_ios" : 0,
        "lat_ns" : {
          "min" : 0,
          "max" : 0,
          "mean" : 0.000000,
          "stddev" : 0.000000,
          "N" : 0
        }
      },
      "job_runtime" : 7000,
      "usr_cpu" : 49.971429,
      "sys_cpu" : 0.000000,
      "ctx" : 875,
      "majf" : 0,
      "minf" : 1043,
      "iodepth_level" : {
        "1" : 100.000000,
        "2" : 0.000000,
        "4" : 0.000000,
        "8" : 0.000000,
        "16" : 0.000000,
        "32" : 0.000000,
        ">=64" : 0.000000
      },
      "iodepth_submit" : {
        "0" : 0.000000,
        "4" : 100.000000,
        "8" : 0.000000,
        "16" : 0.000000,
        "32" : 0.000000,
        "64" : 0.000000,
        ">=64" : 0.000000
      },
      "iodepth_complete" : {
        "0" : 0.000000,
        "4" : 100.000000,
        "8" : 0.000000,
        "16" : 0.000000,
        "32" : 0.000000,
        "64" : 0.000000,
        ">=64" : 0.000000
      },
      "latency_ns" : {
        "2" : 0.000000,
        "4" : 0.000000,
        "10" : 0.000000,
        "20" : 0.000000,
        "50" : 0.000000,
        "100" : 0.000000,
        "250" : 0.010000,
        "500" : 0.000000,
        "750" : 0.000000,
        "1000" : 0.000000
      },
      "latency_us" : {
        "2" : 0.000000,
        "4" : 0.010000,
        "10" : 99.735953,
        "20" : 0.015305,
        "50" : 0.010000,
        "100" : 0.010000,
        "250" : 0.128234,
        "500" : 0.000000,
        "750" : 0.000000,
        "1000" : 0.000000
      },
      "latency_ms" : {
        "2" : 0.000000,
        "4" : 0.000000,
        "10" : 0.118873,
        "20" : 0.000000,
        "50" : 0.000000,
        "100" : 0.000000,
        "250" : 0.000000,
        "500" : 0.000000,
        "750" : 0.000000,
        "1000" : 0.000000,
        "2000" : 0.000000,
        ">=2000" : 0.000000
      },
      "latency_depth" : 1,
      "latency_target" : 0,
      "latency_percentile" : 100.000000,
      "latency_window" : 0
    },
    {
      "jobname" : "tapp",
      "groupid" : 1,
      "job_start" : 1744423799930,
      "error" : 0,
      "eta" : 0,
      "elapsed" : 8,
      "job options" : {
        "iodepth" : "16",
        "bs" : "64K",
        "numjobs" : "1",
        "cpus_allowed" : "110",
        "nice" : "0",
        "type" : "0",
        "intr" : "1"
      },
      "read" : {
        "io_bytes" : 26404257792,
        "io_kbytes" : 25785408,
        "bw_bytes" : 3771498041,
        "bw" : 3683103,
        "iops" : 57548.493072,
        "runtime" : 7001,
        "total_ios" : 402897,
        "short_ios" : 0,
        "drop_ios" : 0,
        "slat_ns" : {
          "min" : 165,
          "max" : 4024279,
          "mean" : 340.538775,
          "stddev" : 22819.204817,
          "N" : 402897
        },
        "clat_ns" : {
          "min" : 36671,
          "max" : 8154415,
          "mean" : 277024.228681,
          "stddev" : 722520.281329,
          "N" : 402897
        },
        "lat_ns" : {
          "min" : 39799,
          "max" : 8154633,
          "mean" : 277364.767457,
          "stddev" : 722837.594797,
          "N" : 402897,
          "percentile" : {
            "50.000000" : 140288,
            "99.000000" : 4112384,
            "99.500000" : 4145152,
            "99.900000" : 4145152,
            "99.990000" : 4177920,
            "99.999000" : 8093696
          }
        },
        "bw_min" : 3660544,
        "bw_max" : 3705472,
        "bw_agg" : 100.000000,
        "bw_mean" : 3683629.714286,
        "bw_dev" : 18299.118076,
        "bw_samples" : 14,
        "iops_min" : 57196,
        "iops_max" : 57898,
        "iops_mean" : 57556.714286,