{
  "fio version" : "fio-3.37-2-g07f73",
  "timestamp" : 1744423869,
  "timestamp_ms" : 1744423869051,
  "time" : "Sat Apr 12 02:11:09 2025",
  "global options" : {
    "lat_percentiles" : "1",
    "clat_percentiles" : "0",
    "cpus_allowed_policy" : "split",
    "ioengine" : "libstorage",
    "rw" : "randread",
    "thread" : "1",
    "group_reporting" : "1",
    "percentile_list" : "50:99:99.5:99.9:99.99:99.999",
    "direct" : "1",
    "verify" : "0",
    "runtime" : "7s",
    "filename" : "/dev/nvme0"
  },
  "jobs" : [
    {
      "jobname" : "test",
      "groupid" : 0,
      "job_start" : 1744423861755,
      "error" : 0,
      "eta" : 0,
      "elapsed" : 8,
      "job options" : {
        "iodepth" : "1",
        "bs" : "4K",
        "numjobs" : "12",
        "cpus_allowed" : "110",
        "nice" : "0",
        "type" : "0",
        "intr" : "1",
        "coalescing" : "1"
      },
      "read" : {
        "io_bytes" : 5272182784,
        "io_kbytes" : 5148616,
        "bw_bytes" : 751344275,
        "bw" : 733734,
        "iops" : 183433.661109,
        "runtime" : 7017,
        "total_ios" : 1287154,
        "short_ios" : 0,
        "drop_ios" : 0,
        "slat_ns" : {
          "min" : 123,
          "max" : 56009288,
          "mean" : 2001.930419,
          "stddev" : 298884.221229,
          "N" : 1287154
        },
        "clat_ns" : {
          "min" : 233,
          "max" : 88019023,
          "mean" : 59740.060316,
          "stddev" : 1625729.549442,
          "N" : 1287154
        },
        "lat_ns" : {
          "min" : 4539,
          "max" : 88019180,
          "mean" : 61741.990735,
          "stddev" : 1652927.686053,
          "N" : 1287154,
          "percentile" : {
            "50.000000" : 4832,
            "99.000000" : 5024,
            "99.500000" : 7008,
            "99.900000" : 47972352,
            "99.990000" : 52166656,
            "99.999000" : 55836672
          }
        },
        "bw_min" : 680936,
        "bw_max" : 795880,
        "bw_agg" : 100.000000,
        "bw_mean" : 735512.571429,
        "bw_dev" : 3225.115965,
        "bw_samples" : 168,
        "iops_min" : 170234,
        "iops_max" : 198970,
        "iops_mean" : 183878.142857,
        "iops_stddev" : 806.278991,
        "iops_samples" : 168
      },
      "write" : {
        "io_bytes" : 0,
        "io_kbytes" : 0,
        "bw_bytes" : 0,
        "bw" : 0,
        "iops" : 0.000000,
        "runtime" : 0,
        "total_ios" : 0,
        "short_ios" : 0,
        "drop_ios" : 0,
        "slat_ns" : {
          "min" : 0,
          "max" : 0,
          "mean" : 0.000000,
          "stddev" : 0.000000,
          "N" : 0
        },
        "clat_ns" : {
          "min" : 0,
          "max" : 0,
          "mean" : 0.000000,
          "stddev" : 0.000000,
          "N" : 0
        },
        "lat_ns" : {
          "min" : 0,
          "max" : 0,
          "mean" : 0.000000,
          "stddev" : 0.000000,
          "N" : 0
        },
        "bw_min" : 0,
        "bw_max" : 0,
        "bw_agg" : 0.000000,
        "bw_mean" : 0.000000,
        "bw_dev" : 0.000000,
        "bw_samples" : 0,
        "iops_min" : 0,
        "iops_max" : 0,
        "iops_mean" : 0.000000,
        "iops_stddev" : 0.000000,
        "iops_samples" : 0
      },
      "trim" : {
        "io_bytes" : 0,
        "io_kbytes" : 0,
        "bw_bytes" : 0,
        "bw" : 0,
        "iops" : 0.000000,
        "runtime" : 0,
        "total_ios" : 0,
        "short_ios" : 0,
        "drop_ios" : 0,
        "slat_ns" : {
          "min" : 0,
          "max" : 0,
          "mean" : 0.000000,
          "stddev" : 0.000000,
          "N" : 0
        },
        "clat_ns" : {
          "min" : 0,
          "max" : 0,
          "mean" : 0.000000,
          "stddev" : 0.000000,
          "N" : 0
        },
        "lat_ns" : {
          "min" : 0,
          "max" : 0,
          "mean" : 0.000000,
          "stddev" : 0.000000,
          "N" : 0
        },
        "bw_min" : 0,
        "bw_max" : 0,
        "bw_agg" : 0.000000,
        "bw_mean" : 0.000000,
        "bw_dev" : 0.000000,
        "bw_samples" : 0,
        "iops_min" : 0,
        "iops_max" : 0,
        "iops_mean" : 0.000000,
        "iops_stddev" : 0.000000,
        "iops_samples" : 0
      },
      "sync" : {
        "total_ios" : 0,
        "lat_ns" : {
          "min" : 0,
          "max" : 0,
          "mean" : 0.000000,
          "stddev" : 0.000000,
          "N" : 0
        }
      },
      "job_runtime" : 84062,
      "usr_cpu" : 7.730009,
      "sys_cpu" : 0.000000,
      "ctx" : 1629,
      "majf" : 0,
      "minf" : 0,
      "iodepth_level" : {
        "1" : 100.000000,
        "2" : 0.000000,
        "4" : 0.000000,
        "8" : 0.000000,
        "16" : 0.000000,
        "32" : 0.000000,
        ">=64" : 0.000000
      },
      "iodepth_submit" : {
        "0" : 0.000000,
        "4" : 100.000000,
        "8" : 0.000000,
        "16" : 0.000000,
        "32" : 0.000000,
        "64" : 0.000000,
        ">=64" : 0.000000
      },
      "iodepth_complete" : {
        "0" : 0.000000,
        "4" : 100.000000,
        "8" : 0.000000,
        "16" : 0.000000,
        "32" : 0.000000,
        "64" : 0.000000,
        ">=64" : 0.000000
      },
      "latency_ns" : {
        "2" : 0.000000,
        "4" : 0.000000,
        "10" : 0.000000,
        "20" : 0.000000,
        "50" : 0.000000,
        "100" : 0.000000,
        "250" : 0.010000,
        "500" : 0.010000,
        "750" : 0.000000,
        "1000" : 0.000000
      },
      "latency_us" : {
        "2" : 0.000000,
        "4" : 0.000000,
        "10" : 99.859924,
        "20" : 0.013518,
        "50" : 0.000000,
        "100" : 0.000000,
        "250" : 0.010333,
        "500" : 0.000000,
        "750" : 0.000000,
        "1000" : 0.010000
      },
      "latency_ms" : {
        "2" : 0.000000,
        "4" : 0.000000,
        "10" : 0.010000,
        "20" : 0.010000,
        "50" : 0.099289,
        "100" : 0.015694,
        "250" : 0.000000,
        "500" : 0.000000,
        "750" : 0.000000,
        "1000" : 0.000000,
        "2000" : 0.000000,
        ">=2000" : 0.000000
      },
      "latency_depth" : 1,
      "latency_target" : 0,
      "latency_percentile" : 100.000000,
      "latency_window" : 0
    },
    {
      "jobname" : "tapp",
      "groupid" : 1,
      "job_start" : 1744423861732,
      "error" : 0,
      "eta" : 0,
      "elapsed" : 8,
      "job options" : {
        "iodepth" : "16",
        "bs" : "64K",
        "numjobs" : "1",
        "cpus_allowed" : "110",
        "nice" : "0",
        "type" : "0",
        "intr" : "1"
      },
      "read" : {
        "io_bytes" : 4063232000,
        "io_kbytes" : 3968000,
        "bw_bytes" : 578560729,
        "bw" : 565000,
        "iops" : 8828.136124,
        "runtime" : 7023,
        "total_ios" : 62000,
        "short_ios" : 0,
        "drop_ios" : 0,
        "slat_ns" : {
          "min" : 170,
          "max" : 48017038,
          "mean" : 986.984403,
          "stddev" : 192840.243532,
          "N" : 62000
        },
        "clat_ns" : {
          "min" : 36285,
          "max" : 96160625,
          "mean" : 1808457.461000,
          "stddev" : 8856672.854166,
          "N" : 62000
        },
        "lat_ns" : {
          "min" : 39804,
          "max" : 96160836,
          "mean" : 1809444.445403,
          "stddev" : 8858616.316566,
          "N" : 62000,
          "percentile" : {
            "50.000000" : 140288,
            "99.000000" : 47972352,
            "99.500000" : 47972352,
            "99.900000" : 47972352,
            "99.990000" : 95944704,
            "99.999000" : 95944704
          }
        },
        "bw_min" : 529920,
        "bw_max" : 589184,
        "bw_agg" : 100.000000,
        "bw_mean" : 566710.857143,
        "bw_dev" : 26863.430581,
        "bw_samples" : 14,
        "iops_min" : 8280,
        "iops_max" : 9206,
        "iops_mean" : 8854.857143,