{
  "fio version" : "fio-3.37-1-g294e-dirty",
  "timestamp" : 1744123156,
  "timestamp_ms" : 1744123156253,
  "time" : "Tue Apr  8 14:39:16 2025",
  "global options" : {
    "lat_percentiles" : "1",
    "clat_percentiles" : "0",
    "cpus_allowed_policy" : "split",
    "ioengine" : "spdk",
    "rw" : "randread",
    "thread" : "1",
    "group_reporting" : "1",
    "percentile_list" : "50:99:99.5:99.9:99.99:99.999",
    "direct" : "1",
    "verify" : "0",
    "runtime" : "7s",
    "filename" : "trtype=PCIe traddr=0000.c8.00.0"
  },
  "jobs" : [
    {
      "jobname" : "test",
      "groupid" : 0,
      "job_start" : 1744123149220,
      "error" : 0,
      "eta" : 0,
      "elapsed" : 8,
      "job options" : {
        "iodepth" : "1",
        "bs" : "4K",
        "numjobs" : "8",
        "cpus_allowed" : "96-127",
        "nice" : "0"
      },
      "read" : {
        "io_bytes" : 39079927808,
        "io_kbytes" : 38163992,
        "bw_bytes" : 5582049394,
        "bw" : 5451220,
        "iops" : 1362805.027853,
        "runtime" : 7001,
        "total_ios" : 9540998,
        "short_ios" : 0,
        "drop_ios" : 0,
        "slat_ns" : {
          "min" : 124,
          "max" : 58499,
          "mean" : 206.660163,
          "stddev" : 69.502240,
          "N" : 9540998
        },
        "clat_ns" : {
          "min" : 4121,
          "max" : 2610722,
          "mean" : 5242.658645,
          "stddev" : 1182.432679,
          "N" : 9540998
        },
        "lat_ns" : {
          "min" : 4344,
          "max" : 2611005,
          "mean" : 5449.318808,
          "stddev" : 1184.036087,
          "N" : 9540998,
          "percentile" : {
            "50.000000" : 5344,
            "99.000000" : 8512,
            "99.500000" : 9920,
            "99.900000" : 12480,
            "99.990000" : 15424,
            "99.999000" : 20096
          }
        },
        "bw_min" : 5411392,
        "bw_max" : 5464680,
        "bw_agg" : 100.000000,
        "bw_mean" : 5452095.857143,
        "bw_dev" : 2181.784431,
        "bw_samples" : 112,
        "iops_min" : 1352848,
        "iops_max" : 1366170,
        "iops_mean" : 1363024.071429,
        "iops_stddev" : 545.445205,
        "iops_samples" : 112
      },
      "write" : {
        "io_bytes" : 0,
        "io_kbytes" : 0,
        "bw_bytes" : 0,
        "bw" : 0,
        "iops" : 0.000000,
        "runtime" : 0,
        "total_ios" : 0,
        "short_ios" : 0,
        "drop_ios" : 0,
        "slat_ns" : {
          "min" : 0,
          "max" : 0,
          "mean" : 0.000000,
          "stddev" : 0.000000,
          "N" : 0
        },
        "clat_ns" : {
          "min" : 0,
          "max" : 0,
          "mean" : 0.000000,
          "stddev" : 0.000000,
          "N" : 0
        },
        "lat_ns" : {
          "min" : 0,
          "max" : 0,
          "mean" : 0.000000,
          "stddev" : 0.000000,
          "N" : 0
        },
        "bw_min" : 0,
        "bw_max" : 0,
        "bw_agg" : 0.000000,
        "bw_mean" : 0.000000,
        "bw_dev" : 0.000000,
        "bw_samples" : 0,
        "iops_min" : 0,
        "iops_max" : 0,
        "iops_mean" : 0.000000,
        "iops_stddev" : 0.000000,
        "iops_samples" : 0
      },
      "trim" : {
        "io_bytes" : 0,
        "io_kbytes" : 0,
        "bw_bytes" : 0,
        "bw" : 0,
        "iops" : 0.000000,
        "runtime" : 0,
        "total_ios" : 0,
        "short_ios" : 0,
        "drop_ios" : 0,
        "slat_ns" : {
          "min" : 0,
          "max" : 0,
          "mean" : 0.000000,
          "stddev" : 0.000000,
          "N" : 0
        },
        "clat_ns" : {
          "min" : 0,
          "max" : 0,
          "mean" : 0.000000,
          "stddev" : 0.000000,
          "N" : 0
        },
        "lat_ns" : {
          "min" : 0,
          "max" : 0,
          "mean" : 0.000000,
          "stddev" : 0.000000,
          "N" : 0
        },
        "bw_min" : 0,
        "bw_max" : 0,
        "bw_agg" : 0.000000,
        "bw_mean" : 0.000000,
        "bw_dev" : 0.000000,
        "bw_samples" : 0,
        "iops_min" : 0,
        "iops_max" : 0,
        "iops_mean" : 0.000000,
        "iops_stddev" : 0.000000,
        "iops_samples" : 0
      },
      "sync" : {
        "total_ios" : 0,
        "lat_ns" : {
          "min" : 0,
          "max" : 0,
          "mean" : 0.000000,
          "stddev" : 0.000000,
          "N" : 0
        }
      },
      "job_runtime" : 56000,
      "usr_cpu" : 99.873214,
      "sys_cpu" : 0.080357,
      "ctx" : 5637,
      "majf" : 0,
      "minf" : 48723,
      "iodepth_level" : {
        "1" : 100.000000,
        "2" : 0.000000,
        "4" : 0.000000,
        "8" : 0.000000,
        "16" : 0.000000,
        "32" : 0.000000,
        ">=64" : 0.000000
      },
      "iodepth_submit" : {
        "0" : 0.000000,
        "4" : 100.000000,
        "8" : 0.000000,
        "16" : 0.000000,
        "32" : 0.000000,
        "64" : 0.000000,
        ">=64" : 0.000000
      },
      "iodepth_complete" : {
        "0" : 0.000000,
        "4" : 100.000000,
        "8" : 0.000000,
        "16" : 0.000000,
        "32" : 0.000000,
        "64" : 0.000000,
        ">=64" : 0.000000
      },
      "latency_ns" : {
        "2" : 0.000000,
        "4" : 0.000000,
        "10" : 0.000000,
        "20" : 0.000000,
        "50" : 0.000000,
        "100" : 0.000000,
        "250" : 0.000000,
        "500" : 0.000000,
        "750" : 0.000000,
        "1000" : 0.000000
      },
      "latency_us" : {
        "2" : 0.000000,
        "4" : 0.000000,
        "10" : 99.574908,
        "20" : 0.424264,
        "50" : 0.010000,
        "100" : 0.010000,
        "250" : 0.010000,
        "500" : 0.000000,
        "750" : 0.000000,
        "1000" : 0.000000
      },
      "latency_ms" : {
        "2" : 0.010000,
        "4" : 0.010000,
        "10" : 0.000000,
        "20" : 0.000000,
        "50" : 0.000000,
        "100" : 0.000000,
        "250" : 0.000000,
        "500" : 0.000000,
        "750" : 0.000000,
        "1000" : 0.000000,
        "2000" : 0.000000,
        ">=2000" : 0.000000
      },
      "latency_depth" : 1,
      "latency_target" : 0,
      "latency_percentile" : 100.000000,
      "latency_window" : 0
    }
  ]
}
