{
  "fio version" : "fio-3.37-2-g07f73",
  "timestamp" : 1744598869,
  "timestamp_ms" : 1744598869046,
  "time" : "Mon Apr 14 02:47:49 2025",
  "global options" : {
    "lat_percentiles" : "1",
    "clat_percentiles" : "0",
    "cpus_allowed_policy" : "split",
    "ioengine" : "libstorage",
    "rw" : "randread",
    "thread" : "1",
    "group_reporting" : "1",
    "percentile_list" : "50:99:99.5:99.9:99.99:99.999",
    "direct" : "1",
    "verify" : "0",
    "runtime" : "10s",
    "filename" : "/dev/nvme0"
  },
  "jobs" : [
    {
      "jobname" : "test",
      "groupid" : 0,
      "job_start" : 1744598859014,
      "error" : 0,
      "eta" : 0,
      "elapsed" : 11,
      "job options" : {
        "iodepth" : "1",
        "bs" : "4K",
        "numjobs" : "4",
        "cpus_allowed" : "111-113",
        "nice" : "0",
        "type" : "1",
        "intr" : "1",
        "coalescing" : "1"
      },
      "read" : {
        "io_bytes" : 18032672768,
        "io_kbytes" : 17610032,
        "bw_bytes" : 1803086968,
        "bw" : 1760827,
        "iops" : 440206.779322,
        "runtime" : 10001,
        "total_ios" : 4402508,
        "short_ios" : 0,
        "drop_ios" : 0,
        "slat_ns" : {
          "min" : 139,
          "max" : 50260,
          "mean" : 257.572709,
          "stddev" : 360.066153,
          "N" : 4402508
        },
        "clat_ns" : {
          "min" : 132,
          "max" : 597064,
          "mean" : 8485.576408,
          "stddev" : 1499.617092,
          "N" : 4402508
        },
        "lat_ns" : {
          "min" : 5122,
          "max" : 597583,
          "mean" : 8743.149116,
          "stddev" : 1527.464185,
          "N" : 4402508,
          "percentile" : {
            "50.000000" : 8096,
            "99.000000" : 13888,
            "99.500000" : 14272,
            "99.900000" : 16512,
            "99.990000" : 29824,
            "99.999000" : 44800
          }
        },
        "bw_min" : 1753568,
        "bw_max" : 1766976,
        "bw_agg" : 100.000000,
        "bw_mean" : 1761003.200000,
        "bw_dev" : 909.519923,
        "bw_samples" : 80,
        "iops_min" : 438392,
        "iops_max" : 441744,
        "iops_mean" : 440250.800000,
        "iops_stddev" : 227.379981,
        "iops_samples" : 80
      },
      "write" : {
        "io_bytes" : 0,
        "io_kbytes" : 0,
        "bw_bytes" : 0,
        "bw" : 0,
        "iops" : 0.000000,
        "runtime" : 0,
        "total_ios" : 0,
        "short_ios" : 0,
        "drop_ios" : 0,
        "slat_ns" : {
          "min" : 0,
          "max" : 0,
          "mean" : 0.000000,
          "stddev" : 0.000000,
          "N" : 0
        },
        "clat_ns" : {
          "min" : 0,
          "max" : 0,
          "mean" : 0.000000,
          "stddev" : 0.000000,
          "N" : 0
        },
        "lat_ns" : {
          "min" : 0,
          "max" : 0,
          "mean" : 0.000000,
          "stddev" : 0.000000,
          "N" : 0
        },
        "bw_min" : 0,
        "bw_max" : 0,
        "bw_agg" : 0.000000,
        "bw_mean" : 0.000000,
        "bw_dev" : 0.000000,
        "bw_samples" : 0,
        "iops_min" : 0,
        "iops_max" : 0,
        "iops_mean" : 0.000000,
        "iops_stddev" : 0.000000,
        "iops_samples" : 0
      },
      "trim" : {
        "io_bytes" : 0,
        "io_kbytes" : 0,
        "bw_bytes" : 0,
        "bw" : 0,
        "iops" : 0.000000,
        "runtime" : 0,
        "total_ios" : 0,
        "short_ios" : 0,
        "drop_ios" : 0,
        "slat_ns" : {
          "min" : 0,
          "max" : 0,
          "mean" : 0.000000,
          "stddev" : 0.000000,
          "N" : 0
        },
        "clat_ns" : {
          "min" : 0,
          "max" : 0,
          "mean" : 0.000000,
          "stddev" : 0.000000,
          "N" : 0
        },
        "lat_ns" : {
          "min" : 0,
          "max" : 0,
          "mean" : 0.000000,
          "stddev" : 0.000000,
          "N" : 0
        },
        "bw_min" : 0,
        "bw_max" : 0,
        "bw_agg" : 0.000000,
        "bw_mean" : 0.000000,
        "bw_dev" : 0.000000,
        "bw_samples" : 0,
        "iops_min" : 0,
        "iops_max" : 0,
        "iops_mean" : 0.000000,
        "iops_stddev" : 0.000000,
        "iops_samples" : 0
      },
      "sync" : {
        "total_ios" : 0,
        "lat_ns" : {
          "min" : 0,
          "max" : 0,
          "mean" : 0.000000,
          "stddev" : 0.000000,
          "N" : 0
        }
      },
      "job_runtime" : 40000,
      "usr_cpu" : 23.462500,
      "sys_cpu" : 22.152500,
      "ctx" : 4549749,
      "majf" : 0,
      "minf" : 4401,
      "iodepth_level" : {
        "1" : 100.000000,
        "2" : 0.000000,
        "4" : 0.000000,
        "8" : 0.000000,
        "16" : 0.000000,
        "32" : 0.000000,
        ">=64" : 0.000000
      },
      "iodepth_submit" : {
        "0" : 0.000000,
        "4" : 100.000000,
        "8" : 0.000000,
        "16" : 0.000000,
        "32" : 0.000000,
        "64" : 0.000000,
        ">=64" : 0.000000
      },
      "iodepth_complete" : {
        "0" : 0.000000,
        "4" : 100.000000,
        "8" : 0.000000,
        "16" : 0.000000,
        "32" : 0.000000,
        "64" : 0.000000,
        ">=64" : 0.000000
      },
      "latency_ns" : {
        "2" : 0.000000,
        "4" : 0.000000,
        "10" : 0.000000,
        "20" : 0.000000,
        "50" : 0.000000,
        "100" : 0.000000,
        "250" : 0.037774,
        "500" : 0.010000,
        "750" : 0.000000,
        "1000" : 0.000000
      },
      "latency_us" : {
        "2" : 0.010000,
        "4" : 0.010000,
        "10" : 95.069424,
        "20" : 4.852598,
        "50" : 0.039000,
        "100" : 0.010000,
        "250" : 0.010000,
        "500" : 0.000000,
        "750" : 0.010000,
        "1000" : 0.000000
      },
      "latency_ms" : {
        "2" : 0.000000,
        "4" : 0.000000,
        "10" : 0.000000,
        "20" : 0.000000,
        "50" : 0.000000,
        "100" : 0.000000,
        "250" : 0.000000,
        "500" : 0.000000,
        "750" : 0.000000,
        "1000" : 0.000000,
        "2000" : 0.000000,
        ">=2000" : 0.000000
      },
      "latency_depth" : 1,
      "latency_target" : 0,
      "latency_percentile" : 100.000000,
      "latency_window" : 0
    }
  ]
}
