{
  "fio version" : "fio-3.37-2-g07f73",
  "timestamp" : 1744378225,
  "timestamp_ms" : 1744378225453,
  "time" : "Fri Apr 11 13:30:25 2025",
  "global options" : {
    "lat_percentiles" : "1",
    "clat_percentiles" : "0",
    "cpus_allowed_policy" : "shared",
    "ioengine" : "io_uring",
    "rw" : "randread",
    "thread" : "1",
    "group_reporting" : "1",
    "percentile_list" : "50:99:99.5:99.9:99.99:99.999",
    "direct" : "1",
    "verify" : "0",
    "runtime" : "7s",
    "filename" : "/dev/nvme0n1"
  },
  "jobs" : [
    {
      "jobname" : "test",
      "groupid" : 0,
      "job_start" : 1744378218356,
      "error" : 0,
      "eta" : 0,
      "elapsed" : 8,
      "job options" : {
        "iodepth" : "1",
        "bs" : "4K",
        "numjobs" : "9",
        "cpus_allowed" : "110",
        "nice" : "0",
        "hipri" : "1"
      },
      "read" : {
        "io_bytes" : 4716462080,
        "io_kbytes" : 4605920,
        "bw_bytes" : 672915120,
        "bw" : 657143,
        "iops" : 164285.918105,
        "runtime" : 7009,
        "total_ios" : 1151480,
        "short_ios" : 0,
        "drop_ios" : 0,
        "slat_ns" : {
          "min" : 1296,
          "max" : 36139365,
          "mean" : 12651.029835,
          "stddev" : 601929.673954,
          "N" : 1151480
        },
        "clat_ns" : {
          "min" : 240,
          "max" : 60138761,
          "mean" : 38513.161410,
          "stddev" : 1049636.342241,
          "N" : 1151480
        },
        "lat_ns" : {
          "min" : 5176,
          "max" : 60140114,
          "mean" : 51164.191244,
          "stddev" : 1210135.918024,
          "N" : 1151480,
          "percentile" : {
            "50.000000" : 5344,
            "99.000000" : 5536,
            "99.500000" : 6624,
            "99.900000" : 32112640,
            "99.990000" : 32374784,
            "99.999000" : 35913728
          }
        },
        "bw_min" : 615096,
        "bw_max" : 663744,
        "bw_agg" : 99.597398,
        "bw_mean" : 654498.637363,
        "bw_dev" : 1729.594690,
        "bw_samples" : 120,
        "iops_min" : 153774,
        "iops_max" : 165936,
        "iops_mean" : 163624.659341,
        "iops_stddev" : 432.398673,
        "iops_samples" : 120
      },
      "write" : {
        "io_bytes" : 0,
        "io_kbytes" : 0,
        "bw_bytes" : 0,
        "bw" : 0,
        "iops" : 0.000000,
        "runtime" : 0,
        "total_ios" : 0,
        "short_ios" : 0,
        "drop_ios" : 0,
        "slat_ns" : {
          "min" : 0,
          "max" : 0,
          "mean" : 0.000000,
          "stddev" : 0.000000,
          "N" : 0
        },
        "clat_ns" : {
          "min" : 0,
          "max" : 0,
          "mean" : 0.000000,
          "stddev" : 0.000000,
          "N" : 0
        },
        "lat_ns" : {
          "min" : 0,
          "max" : 0,
          "mean" : 0.000000,
          "stddev" : 0.000000,
          "N" : 0
        },
        "bw_min" : 0,
        "bw_max" : 0,
        "bw_agg" : 0.000000,
        "bw_mean" : 0.000000,
        "bw_dev" : 0.000000,
        "bw_samples" : 0,
        "iops_min" : 0,
        "iops_max" : 0,
        "iops_mean" : 0.000000,
        "iops_stddev" : 0.000000,
        "iops_samples" : 0
      },
      "trim" : {
        "io_bytes" : 0,
        "io_kbytes" : 0,
        "bw_bytes" : 0,
        "bw" : 0,
        "iops" : 0.000000,
        "runtime" : 0,
        "total_ios" : 0,
        "short_ios" : 0,
        "drop_ios" : 0,
        "slat_ns" : {
          "min" : 0,
          "max" : 0,
          "mean" : 0.000000,
          "stddev" : 0.000000,
          "N" : 0
        },
        "clat_ns" : {
          "min" : 0,
          "max" : 0,
          "mean" : 0.000000,
          "stddev" : 0.000000,
          "N" : 0
        },
        "lat_ns" : {
          "min" : 0,
          "max" : 0,
          "mean" : 0.000000,
          "stddev" : 0.000000,
          "N" : 0
        },
        "bw_min" : 0,
        "bw_max" : 0,
        "bw_agg" : 0.000000,
        "bw_mean" : 0.000000,
        "bw_dev" : 0.000000,
        "bw_samples" : 0,
        "iops_min" : 0,
        "iops_max" : 0,
        "iops_mean" : 0.000000,
        "iops_stddev" : 0.000000,
        "iops_samples" : 0
      },
      "sync" : {
        "total_ios" : 0,
        "lat_ns" : {
          "min" : 0,
          "max" : 0,
          "mean" : 0.000000,
          "stddev" : 0.000000,
          "N" : 0
        }
      },
      "job_runtime" : 63014,
      "usr_cpu" : 1.498080,
      "sys_cpu" : 9.320151,
      "ctx" : 1790,
      "majf" : 0,
      "minf" : 0,
      "iodepth_level" : {
        "1" : 100.000000,
        "2" : 0.000000,
        "4" : 0.000000,
        "8" : 0.000000,
        "16" : 0.000000,
        "32" : 0.000000,
        ">=64" : 0.000000
      },
      "iodepth_submit" : {
        "0" : 0.000000,
        "4" : 100.000000,
        "8" : 0.000000,
        "16" : 0.000000,
        "32" : 0.000000,
        "64" : 0.000000,
        ">=64" : 0.000000
      },
      "iodepth_complete" : {
        "0" : 0.000000,
        "4" : 100.000000,
        "8" : 0.000000,
        "16" : 0.000000,
        "32" : 0.000000,
        "64" : 0.000000,
        ">=64" : 0.000000
      },
      "latency_ns" : {
        "2" : 0.000000,
        "4" : 0.000000,
        "10" : 0.000000,
        "20" : 0.000000,
        "50" : 0.000000,
        "100" : 0.000000,
        "250" : 0.010000,
        "500" : 0.010000,
        "750" : 0.012245,
        "1000" : 0.010000
      },
      "latency_us" : {
        "2" : 0.010000,
        "4" : 71.857001,
        "10" : 27.863358,
        "20" : 0.010000,
        "50" : 0.000000,
        "100" : 0.000000,
        "250" : 0.150849,
        "500" : 0.000000,
        "750" : 0.000000,
        "1000" : 0.000000
      },
      "latency_ms" : {
        "2" : 0.000000,
        "4" : 0.010000,
        "10" : 0.010000,
        "20" : 0.010000,
        "50" : 0.106559,
        "100" : 0.010000,
        "250" : 0.000000,
        "500" : 0.000000,
        "750" : 0.000000,
        "1000" : 0.000000,
        "2000" : 0.000000,
        ">=2000" : 0.000000
      },
      "latency_depth" : 1,
      "latency_target" : 0,
      "latency_percentile" : 100.000000,
      "latency_window" : 0
    },
    {
      "jobname" : "tapp",
      "groupid" : 1,
      "job_start" : 1744378218335,
      "error" : 0,
      "eta" : 0,
      "elapsed" : 8,
      "job options" : {
        "iodepth" : "16",
        "bs" : "64K",
        "numjobs" : "1",
        "cpus_allowed" : "110",
        "nice" : "0"
      },
      "read" : {
        "io_bytes" : 2810707968,
        "io_kbytes" : 2744832,
        "bw_bytes" : 401300395,
        "bw" : 391894,
        "iops" : 6123.358081,
        "runtime" : 7004,
        "total_ios" : 42888,
        "short_ios" : 0,
        "drop_ios" : 0,
        "slat_ns" : {
          "min" : 3441,
          "max" : 28380,
          "mean" : 4075.426017,
          "stddev" : 496.292355,
          "N" : 42888
        },
        "clat_ns" : {
          "min" : 65508,
          "max" : 6821971,
          "mean" : 2608303.944763,
          "stddev" : 1852877.675902,
          "N" : 42888
        },
        "lat_ns" : {
          "min" : 69437,
          "max" : 6826344,
          "mean" : 2612379.370780,
          "stddev" : 1852854.997851,
          "N" : 42888,
          "percentile" : {
            "50.000000" : 3948544,
            "99.000000" : 3981312,
            "99.500000" : 3981312,
            "99.900000" : 4620288,
            "99.990000" : 6848512,
            "99.999000" : 6848512
          }
        },
        "bw_min" : 389632,
        "bw_max" : 402304,
        "bw_agg" : 100.000000,
        "bw_mean" : 391972.571429,
        "bw_dev" : 3123.437498,
        "bw_samples" : 14,
        "iops_min" : 6088,
        "iops_max" : 6286,
        "iops_mean" : 6124.571429,
        "iops_stddev" : 48.803711,
        "iops_samples" : 14
      },