{
  "fio version" : "fio-3.37-2-g07f73",
  "timestamp" : 1744378208,
  "timestamp_ms" : 1744378208255,
  "time" : "Fri Apr 11 13:30:08 2025",
  "global options" : {
    "lat_percentiles" : "1",
    "clat_percentiles" : "0",
    "cpus_allowed_policy" : "shared",
    "ioengine" : "io_uring",
    "rw" : "randread",
    "thread" : "1",
    "group_reporting" : "1",
    "percentile_list" : "50:99:99.5:99.9:99.99:99.999",
    "direct" : "1",
    "verify" : "0",
    "runtime" : "7s",
    "filename" : "/dev/nvme0n1"
  },
  "jobs" : [
    {
      "jobname" : "test",
      "groupid" : 0,
      "job_start" : 1744378201130,
      "error" : 0,
      "eta" : 0,
      "elapsed" : 8,
      "job options" : {
        "iodepth" : "1",
        "bs" : "4K",
        "numjobs" : "3",
        "cpus_allowed" : "110",
        "nice" : "0",
        "hipri" : "1"
      },
      "read" : {
        "io_bytes" : 3618955264,
        "io_kbytes" : 3534136,
        "bw_bytes" : 516624591,
        "bw" : 504516,
        "iops" : 126129.050678,
        "runtime" : 7005,
        "total_ios" : 883534,
        "short_ios" : 0,
        "drop_ios" : 0,
        "slat_ns" : {
          "min" : 1295,
          "max" : 24175912,
          "mean" : 5343.265282,
          "stddev" : 169229.595184,
          "N" : 883534
        },
        "clat_ns" : {
          "min" : 243,
          "max" : 24180390,
          "mean" : 17308.434126,
          "stddev" : 294756.201312,
          "N" : 883534
        },
        "lat_ns" : {
          "min" : 5217,
          "max" : 24181780,
          "mean" : 22651.699408,
          "stddev" : 340607.450485,
          "N" : 883534,
          "percentile" : {
            "50.000000" : 5344,
            "99.000000" : 150528,
            "99.500000" : 173056,
            "99.900000" : 7503872,
            "99.990000" : 12124160,
            "99.999000" : 24248320
          }
        },
        "bw_min" : 483824,
        "bw_max" : 527912,
        "bw_agg" : 99.949813,
        "bw_mean" : 504263.868132,
        "bw_dev" : 4290.198867,
        "bw_samples" : 41,
        "iops_min" : 120956,
        "iops_max" : 131978,
        "iops_mean" : 126065.824176,
        "iops_stddev" : 1072.531313,
        "iops_samples" : 41
      },
      "write" : {
        "io_bytes" : 0,
        "io_kbytes" : 0,
        "bw_bytes" : 0,
        "bw" : 0,
        "iops" : 0.000000,
        "runtime" : 0,
        "total_ios" : 0,
        "short_ios" : 0,
        "drop_ios" : 0,
        "slat_ns" : {
          "min" : 0,
          "max" : 0,
          "mean" : 0.000000,
          "stddev" : 0.000000,
          "N" : 0
        },
        "clat_ns" : {
          "min" : 0,
          "max" : 0,
          "mean" : 0.000000,
          "stddev" : 0.000000,
          "N" : 0
        },
        "lat_ns" : {
          "min" : 0,
          "max" : 0,
          "mean" : 0.000000,
          "stddev" : 0.000000,
          "N" : 0
        },
        "bw_min" : 0,
        "bw_max" : 0,
        "bw_agg" : 0.000000,
        "bw_mean" : 0.000000,
        "bw_dev" : 0.000000,
        "bw_samples" : 0,
        "iops_min" : 0,
        "iops_max" : 0,
        "iops_mean" : 0.000000,
        "iops_stddev" : 0.000000,
        "iops_samples" : 0
      },
      "trim" : {
        "io_bytes" : 0,
        "io_kbytes" : 0,
        "bw_bytes" : 0,
        "bw" : 0,
        "iops" : 0.000000,
        "runtime" : 0,
        "total_ios" : 0,
        "short_ios" : 0,
        "drop_ios" : 0,
        "slat_ns" : {
          "min" : 0,
          "max" : 0,
          "mean" : 0.000000,
          "stddev" : 0.000000,
          "N" : 0
        },
        "clat_ns" : {
          "min" : 0,
          "max" : 0,
          "mean" : 0.000000,
          "stddev" : 0.000000,
          "N" : 0
        },
        "lat_ns" : {
          "min" : 0,
          "max" : 0,
          "mean" : 0.000000,
          "stddev" : 0.000000,
          "N" : 0
        },
        "bw_min" : 0,
        "bw_max" : 0,
        "bw_agg" : 0.000000,
        "bw_mean" : 0.000000,
        "bw_dev" : 0.000000,
        "bw_samples" : 0,
        "iops_min" : 0,
        "iops_max" : 0,
        "iops_mean" : 0.000000,
        "iops_stddev" : 0.000000,
        "iops_samples" : 0
      },
      "sync" : {
        "total_ios" : 0,
        "lat_ns" : {
          "min" : 0,
          "max" : 0,
          "mean" : 0.000000,
          "stddev" : 0.000000,
          "N" : 0
        }
      },
      "job_runtime" : 21004,
      "usr_cpu" : 3.594553,
      "sys_cpu" : 21.757760,
      "ctx" : 107394,
      "majf" : 0,
      "minf" : 9099,
      "iodepth_level" : {
        "1" : 100.000000,
        "2" : 0.000000,
        "4" : 0.000000,
        "8" : 0.000000,
        "16" : 0.000000,
        "32" : 0.000000,
        ">=64" : 0.000000
      },
      "iodepth_submit" : {
        "0" : 0.000000,
        "4" : 100.000000,
        "8" : 0.000000,
        "16" : 0.000000,
        "32" : 0.000000,
        "64" : 0.000000,
        ">=64" : 0.000000
      },
      "iodepth_complete" : {
        "0" : 0.000000,
        "4" : 100.000000,
        "8" : 0.000000,
        "16" : 0.000000,
        "32" : 0.000000,
        "64" : 0.000000,
        ">=64" : 0.000000
      },
      "latency_ns" : {
        "2" : 0.000000,
        "4" : 0.000000,
        "10" : 0.000000,
        "20" : 0.000000,
        "50" : 0.000000,
        "100" : 0.000000,
        "250" : 0.010000,
        "500" : 0.010000,
        "750" : 0.029201,
        "1000" : 0.010000
      },
      "latency_us" : {
        "2" : 0.010000,
        "4" : 59.050812,
        "10" : 38.750631,
        "20" : 0.010000,
        "50" : 0.010000,
        "100" : 0.161737,
        "250" : 1.821548,
        "500" : 0.010000,
        "750" : 0.010000,
        "1000" : 0.010000
      },
      "latency_ms" : {
        "2" : 0.000000,
        "4" : 0.057723,
        "10" : 0.096431,
        "20" : 0.010000,
        "50" : 0.010000,
        "100" : 0.000000,
        "250" : 0.000000,
        "500" : 0.000000,
        "750" : 0.000000,
        "1000" : 0.000000,
        "2000" : 0.000000,
        ">=2000" : 0.000000
      },
      "latency_depth" : 1,
      "latency_target" : 0,
      "latency_percentile" : 100.000000,
      "latency_window" : 0
    },
    {
      "jobname" : "tapp",
      "groupid" : 1,
      "job_start" : 1744378201119,
      "error" : 0,
      "eta" : 0,
      "elapsed" : 8,
      "job options" : {
        "iodepth" : "16",
        "bs" : "64K",
        "numjobs" : "1",
        "cpus_allowed" : "110",
        "nice" : "0"
      },
      "read" : {
        "io_bytes" : 14784200704,
        "io_kbytes" : 14437696,
        "bw_bytes" : 2111726996,
        "bw" : 2062233,
        "iops" : 32222.396800,
        "runtime" : 7001,
        "total_ios" : 225589,
        "short_ios" : 0,
        "drop_ios" : 0,
        "slat_ns" : {
          "min" : 3673,
          "max" : 68326,
          "mean" : 4866.175532,
          "stddev" : 461.101974,
          "N" : 225589
        },
        "clat_ns" : {
          "min" : 69230,
          "max" : 15646981,
          "mean" : 491265.631702,
          "stddev" : 1888644.132192,
          "N" : 225589
        },
        "lat_ns" : {
          "min" : 73778,
          "max" : 15651545,
          "mean" : 496131.807234,
          "stddev" : 1888639.104127,
          "N" : 225589,
          "percentile" : {
            "50.000000" : 142336,
            "99.000000" : 11599872,
            "99.500000" : 11599872,
            "99.900000" : 11730944,
            "99.990000" : 14614528,
            "99.999000" : 15663104
          }
        },
        "bw_min" : 2032256,
        "bw_max" : 2097792,
        "bw_agg" : 100.000000,
        "bw_mean" : 2062528.000000,
        "bw_dev" : 17649.920810,
        "bw_samples" : 14,
        "iops_min" : 31754,
        "iops_max" : 32778,
        "iops_mean" : 32227.000000,
        "iops_stddev" : 275.780013,
        "iops_samples" : 14
      },