{
  "fio version" : "fio-3.37-2-g07f73",
  "timestamp" : 1744378216,
  "timestamp_ms" : 1744378216853,
  "time" : "Fri Apr 11 13:30:16 2025",
  "global options" : {
    "lat_percentiles" : "1",
    "clat_percentiles" : "0",
    "cpus_allowed_policy" : "shared",
    "ioengine" : "io_uring",
    "rw" : "randread",
    "thread" : "1",
    "group_reporting" : "1",
    "percentile_list" : "50:99:99.5:99.9:99.99:99.999",
    "direct" : "1",
    "verify" : "0",
    "runtime" : "7s",
    "filename" : "/dev/nvme0n1"
  },
  "jobs" : [
    {
      "jobname" : "test",
      "groupid" : 0,
      "job_start" : 1744378209772,
      "error" : 0,
      "eta" : 0,
      "elapsed" : 8,
      "job options" : {
        "iodepth" : "1",
        "bs" : "4K",
        "numjobs" : "6",
        "cpus_allowed" : "110",
        "nice" : "0",
        "hipri" : "1"
      },
      "read" : {
        "io_bytes" : 4602863616,
        "io_kbytes" : 4494984,
        "bw_bytes" : 657364126,
        "bw" : 641957,
        "iops" : 160489.288775,
        "runtime" : 7002,
        "total_ios" : 1123746,
        "short_ios" : 0,
        "drop_ios" : 0,
        "slat_ns" : {
          "min" : 1297,
          "max" : 48137323,
          "mean" : 8723.306680,
          "stddev" : 389918.267441,
          "N" : 1123746
        },
        "clat_ns" : {
          "min" : 241,
          "max" : 44143193,
          "mean" : 26255.753812,
          "stddev" : 672552.140262,
          "N" : 1123746
        },
        "lat_ns" : {
          "min" : 5200,
          "max" : 48267789,
          "mean" : 34979.060491,
          "stddev" : 777740.912747,
          "N" : 1123746,
          "percentile" : {
            "50.000000" : 5344,
            "99.000000" : 5600,
            "99.500000" : 7648,
            "99.900000" : 20054016,
            "99.990000" : 20316160,
            "99.999000" : 32112640
          }
        },
        "bw_min" : 577888,
        "bw_max" : 658784,
        "bw_agg" : 99.851835,
        "bw_mean" : 641006.571429,
        "bw_dev" : 3794.238729,
        "bw_samples" : 79,
        "iops_min" : 144472,
        "iops_max" : 164696,
        "iops_mean" : 160251.604396,
        "iops_stddev" : 948.559687,
        "iops_samples" : 79
      },
      "write" : {
        "io_bytes" : 0,
        "io_kbytes" : 0,
        "bw_bytes" : 0,
        "bw" : 0,
        "iops" : 0.000000,
        "runtime" : 0,
        "total_ios" : 0,
        "short_ios" : 0,
        "drop_ios" : 0,
        "slat_ns" : {
          "min" : 0,
          "max" : 0,
          "mean" : 0.000000,
          "stddev" : 0.000000,
          "N" : 0
        },
        "clat_ns" : {
          "min" : 0,
          "max" : 0,
          "mean" : 0.000000,
          "stddev" : 0.000000,
          "N" : 0
        },
        "lat_ns" : {
          "min" : 0,
          "max" : 0,
          "mean" : 0.000000,
          "stddev" : 0.000000,
          "N" : 0
        },
        "bw_min" : 0,
        "bw_max" : 0,
        "bw_agg" : 0.000000,
        "bw_mean" : 0.000000,
        "bw_dev" : 0.000000,
        "bw_samples" : 0,
        "iops_min" : 0,
        "iops_max" : 0,
        "iops_mean" : 0.000000,
        "iops_stddev" : 0.000000,
        "iops_samples" : 0
      },
      "trim" : {
        "io_bytes" : 0,
        "io_kbytes" : 0,
        "bw_bytes" : 0,
        "bw" : 0,
        "iops" : 0.000000,
        "runtime" : 0,
        "total_ios" : 0,
        "short_ios" : 0,
        "drop_ios" : 0,
        "slat_ns" : {
          "min" : 0,
          "max" : 0,
          "mean" : 0.000000,
          "stddev" : 0.000000,
          "N" : 0
        },
        "clat_ns" : {
          "min" : 0,
          "max" : 0,
          "mean" : 0.000000,
          "stddev" : 0.000000,
          "N" : 0
        },
        "lat_ns" : {
          "min" : 0,
          "max" : 0,
          "mean" : 0.000000,
          "stddev" : 0.000000,
          "N" : 0
        },
        "bw_min" : 0,
        "bw_max" : 0,
        "bw_agg" : 0.000000,
        "bw_mean" : 0.000000,
        "bw_dev" : 0.000000,
        "bw_samples" : 0,
        "iops_min" : 0,
        "iops_max" : 0,
        "iops_mean" : 0.000000,
        "iops_stddev" : 0.000000,
        "iops_samples" : 0
      },
      "sync" : {
        "total_ios" : 0,
        "lat_ns" : {
          "min" : 0,
          "max" : 0,
          "mean" : 0.000000,
          "stddev" : 0.000000,
          "N" : 0
        }
      },
      "job_runtime" : 42001,
      "usr_cpu" : 2.178520,
      "sys_cpu" : 13.799671,
      "ctx" : 7318,
      "majf" : 0,
      "minf" : 18673,
      "iodepth_level" : {
        "1" : 100.000000,
        "2" : 0.000000,
        "4" : 0.000000,
        "8" : 0.000000,
        "16" : 0.000000,
        "32" : 0.000000,
        ">=64" : 0.000000
      },
      "iodepth_submit" : {
        "0" : 0.000000,
        "4" : 100.000000,
        "8" : 0.000000,
        "16" : 0.000000,
        "32" : 0.000000,
        "64" : 0.000000,
        ">=64" : 0.000000
      },
      "iodepth_complete" : {
        "0" : 0.000000,
        "4" : 100.000000,
        "8" : 0.000000,
        "16" : 0.000000,
        "32" : 0.000000,
        "64" : 0.000000,
        ">=64" : 0.000000
      },
      "latency_ns" : {
        "2" : 0.000000,
        "4" : 0.000000,
        "10" : 0.000000,
        "20" : 0.000000,
        "50" : 0.000000,
        "100" : 0.000000,
        "250" : 0.010000,
        "500" : 0.010000,
        "750" : 0.010000,
        "1000" : 0.010000
      },
      "latency_us" : {
        "2" : 0.010000,
        "4" : 63.260559,
        "10" : 36.395947,
        "20" : 0.010000,
        "50" : 0.010000,
        "100" : 0.010000,
        "250" : 0.212237,
        "500" : 0.000000,
        "750" : 0.000000,
        "1000" : 0.000000
      },
      "latency_ms" : {
        "2" : 0.010000,
        "4" : 0.010000,
        "10" : 0.010000,
        "20" : 0.010000,
        "50" : 0.103582,
        "100" : 0.000000,
        "250" : 0.000000,
        "500" : 0.000000,
        "750" : 0.000000,
        "1000" : 0.000000,
        "2000" : 0.000000,
        ">=2000" : 0.000000
      },
      "latency_depth" : 1,
      "latency_target" : 0,
      "latency_percentile" : 100.000000,
      "latency_window" : 0
    },
    {
      "jobname" : "tapp",
      "groupid" : 1,
      "job_start" : 1744378209727,
      "error" : 0,
      "eta" : 0,
      "elapsed" : 8,
      "job options" : {
        "iodepth" : "16",
        "bs" : "64K",
        "numjobs" : "1",
        "cpus_allowed" : "110",
        "nice" : "0"
      },
      "read" : {
        "io_bytes" : 3706454016,
        "io_kbytes" : 3619584,
        "bw_bytes" : 529191035,
        "bw" : 516788,
        "iops" : 8074.814392,
        "runtime" : 7004,
        "total_ios" : 56556,
        "short_ios" : 0,
        "drop_ios" : 0,
        "slat_ns" : {
          "min" : 3727,
          "max" : 31951,
          "mean" : 4391.330628,
          "stddev" : 474.789480,
          "N" : 56556
        },
        "clat_ns" : {
          "min" : 68140,
          "max" : 10990293,
          "mean" : 1976628.341785,
          "stddev" : 1945956.278871,
          "N" : 56556
        },
        "lat_ns" : {
          "min" : 72534,
          "max" : 10994468,
          "mean" : 1981019.672413,
          "stddev" : 1945952.984639,
          "N" : 56556,
          "percentile" : {
            "50.000000" : 146432,
            "99.000000" : 3981312,
            "99.500000" : 3981312,
            "99.900000" : 7831552,
            "99.990000" : 10944512,
            "99.999000" : 10944512
          }
        },
        "bw_min" : 423040,
        "bw_max" : 936704,
        "bw_agg" : 100.000000,
        "bw_mean" : 516937.142857,
        "bw_dev" : 163368.789422,
        "bw_samples" : 14,
        "iops_min" : 6610,
        "iops_max" : 14636,
        "iops_mean" : 8077.142857,
        "iops_stddev" : 2552.637335,
        "iops_samples" : 14
      },