{
  "fio version" : "fio-3.37-2-g07f73",
  "timestamp" : 1744424506,
  "timestamp_ms" : 1744424506263,
  "time" : "Sat Apr 12 02:21:46 2025",
  "global options" : {
    "lat_percentiles" : "1",
    "clat_percentiles" : "0",
    "cpus_allowed_policy" : "shared",
    "ioengine" : "io_uring",
    "rw" : "randread",
    "thread" : "1",
    "group_reporting" : "1",
    "percentile_list" : "50:99:99.5:99.9:99.99:99.999",
    "direct" : "1",
    "verify" : "0",
    "runtime" : "7s",
    "filename" : "/dev/nvme0n1"
  },
  "jobs" : [
    {
      "jobname" : "test",
      "groupid" : 0,
      "job_start" : 1744424499133,
      "error" : 0,
      "eta" : 0,
      "elapsed" : 8,
      "job options" : {
        "iodepth" : "1",
        "bs" : "4K",
        "numjobs" : "2",
        "cpus_allowed" : "110",
        "nice" : "0",
        "hipri" : "1"
      },
      "read" : {
        "io_bytes" : 3188604928,
        "io_kbytes" : 3113872,
        "bw_bytes" : 455449925,
        "bw" : 444775,
        "iops" : 111193.829453,
        "runtime" : 7001,
        "total_ios" : 778468,
        "short_ios" : 0,
        "drop_ios" : 0,
        "slat_ns" : {
          "min" : 1301,
          "max" : 16176812,
          "mean" : 3863.128254,
          "stddev" : 91359.037844,
          "N" : 778468
        },
        "clat_ns" : {
          "min" : 183,
          "max" : 16184332,
          "mean" : 13469.775866,
          "stddev" : 160821.953950,
          "N" : 778468
        },
        "lat_ns" : {
          "min" : 5224,
          "max" : 16185692,
          "mean" : 17332.904121,
          "stddev" : 185897.496288,
          "N" : 778468,
          "percentile" : {
            "50.000000" : 5344,
            "99.000000" : 152576,
            "99.500000" : 162816,
            "99.900000" : 3653632,
            "99.990000" : 4882432,
            "99.999000" : 12124160
          }
        },
        "bw_min" : 429616,
        "bw_max" : 464536,
        "bw_agg" : 100.000000,
        "bw_mean" : 444838.857143,
        "bw_dev" : 4800.761104,
        "bw_samples" : 28,
        "iops_min" : 107404,
        "iops_max" : 116134,
        "iops_mean" : 111209.714286,
        "iops_stddev" : 1200.190276,
        "iops_samples" : 28
      },
      "write" : {
        "io_bytes" : 0,
        "io_kbytes" : 0,
        "bw_bytes" : 0,
        "bw" : 0,
        "iops" : 0.000000,
        "runtime" : 0,
        "total_ios" : 0,
        "short_ios" : 0,
        "drop_ios" : 0,
        "slat_ns" : {
          "min" : 0,
          "max" : 0,
          "mean" : 0.000000,
          "stddev" : 0.000000,
          "N" : 0
        },
        "clat_ns" : {
          "min" : 0,
          "max" : 0,
          "mean" : 0.000000,
          "stddev" : 0.000000,
          "N" : 0
        },
        "lat_ns" : {
          "min" : 0,
          "max" : 0,
          "mean" : 0.000000,
          "stddev" : 0.000000,
          "N" : 0
        },
        "bw_min" : 0,
        "bw_max" : 0,
        "bw_agg" : 0.000000,
        "bw_mean" : 0.000000,
        "bw_dev" : 0.000000,
        "bw_samples" : 0,
        "iops_min" : 0,
        "iops_max" : 0,
        "iops_mean" : 0.000000,
        "iops_stddev" : 0.000000,
        "iops_samples" : 0
      },
      "trim" : {
        "io_bytes" : 0,
        "io_kbytes" : 0,
        "bw_bytes" : 0,
        "bw" : 0,
        "iops" : 0.000000,
        "runtime" : 0,
        "total_ios" : 0,
        "short_ios" : 0,
        "drop_ios" : 0,
        "slat_ns" : {
          "min" : 0,
          "max" : 0,
          "mean" : 0.000000,
          "stddev" : 0.000000,
          "N" : 0
        },
        "clat_ns" : {
          "min" : 0,
          "max" : 0,
          "mean" : 0.000000,
          "stddev" : 0.000000,
          "N" : 0
        },
        "lat_ns" : {
          "min" : 0,
          "max" : 0,
          "mean" : 0.000000,
          "stddev" : 0.000000,
          "N" : 0
        },
        "bw_min" : 0,
        "bw_max" : 0,
        "bw_agg" : 0.000000,
        "bw_mean" : 0.000000,
        "bw_dev" : 0.000000,
        "bw_samples" : 0,
        "iops_min" : 0,
        "iops_max" : 0,
        "iops_mean" : 0.000000,
        "iops_stddev" : 0.000000,
        "iops_samples" : 0
      },
      "sync" : {
        "total_ios" : 0,
        "lat_ns" : {
          "min" : 0,
          "max" : 0,
          "mean" : 0.000000,
          "stddev" : 0.000000,
          "N" : 0
        }
      },
      "job_runtime" : 14000,
      "usr_cpu" : 4.128571,
      "sys_cpu" : 30.085714,
      "ctx" : 141613,
      "majf" : 0,
      "minf" : 6072,
      "iodepth_level" : {
        "1" : 100.000000,
        "2" : 0.000000,
        "4" : 0.000000,
        "8" : 0.000000,
        "16" : 0.000000,
        "32" : 0.000000,
        ">=64" : 0.000000
      },
      "iodepth_submit" : {
        "0" : 0.000000,
        "4" : 100.000000,
        "8" : 0.000000,
        "16" : 0.000000,
        "32" : 0.000000,
        "64" : 0.000000,
        ">=64" : 0.000000
      },
      "iodepth_complete" : {
        "0" : 0.000000,
        "4" : 100.000000,
        "8" : 0.000000,
        "16" : 0.000000,
        "32" : 0.000000,
        "64" : 0.000000,
        ">=64" : 0.000000
      },
      "latency_ns" : {
        "2" : 0.000000,
        "4" : 0.000000,
        "10" : 0.000000,
        "20" : 0.000000,
        "50" : 0.000000,
        "100" : 0.000000,
        "250" : 0.010000,
        "500" : 0.010000,
        "750" : 0.026205,
        "1000" : 0.010000
      },
      "latency_us" : {
        "2" : 0.010000,
        "4" : 54.664032,
        "10" : 42.274056,
        "20" : 0.010000,
        "50" : 0.013488,
        "100" : 0.149524,
        "250" : 2.704029,
        "500" : 0.010000,
        "750" : 0.010000,
        "1000" : 0.000000
      },
      "latency_ms" : {
        "2" : 0.010000,
        "4" : 0.093774,
        "10" : 0.057292,
        "20" : 0.010000,
        "50" : 0.000000,
        "100" : 0.000000,
        "250" : 0.000000,
        "500" : 0.000000,
        "750" : 0.000000,
        "1000" : 0.000000,
        "2000" : 0.000000,
        ">=2000" : 0.000000
      },
      "latency_depth" : 1,
      "latency_target" : 0,
      "latency_percentile" : 100.000000,
      "latency_window" : 0
    },
    {
      "jobname" : "tapp",
      "groupid" : 1,
      "job_start" : 1744424499122,
      "error" : 0,
      "eta" : 0,
      "elapsed" : 8,
      "job options" : {
        "iodepth" : "16",
        "bs" : "64K",
        "numjobs" : "1",
        "cpus_allowed" : "110",
        "nice" : "0"
      },
      "read" : {
        "io_bytes" : 19410190336,
        "io_kbytes" : 18955264,
        "bw_bytes" : 2769718940,
        "bw" : 2704803,
        "iops" : 42262.557078,
        "runtime" : 7008,
        "total_ios" : 296176,
        "short_ios" : 0,
        "drop_ios" : 0,
        "slat_ns" : {
          "min" : 3832,
          "max" : 46437,
          "mean" : 4895.541225,
          "stddev" : 472.103886,
          "N" : 296176
        },
        "clat_ns" : {
          "min" : 75263,
          "max" : 10346636,
          "mean" : 373306.216604,
          "stddev" : 1301430.143239,
          "N" : 296176
        },
        "lat_ns" : {
          "min" : 80039,
          "max" : 10351300,
          "mean" : 378201.757830,
          "stddev" : 1301424.950637,
          "N" : 296176,
          "percentile" : {
            "50.000000" : 142336,
            "99.000000" : 7700480,
            "99.500000" : 7700480,
            "99.900000" : 8847360,
            "99.990000" : 10289152,
            "99.999000" : 10289152
          }
        },
        "bw_min" : 2676608,
        "bw_max" : 2731264,
        "bw_agg" : 100.000000,
        "bw_mean" : 2707748.571429,
        "bw_dev" : 19722.254504,
        "bw_samples" : 14,
        "iops_min" : 41822,
        "iops_max" : 42676,
        "iops_mean" : 42308.571429,
        "iops_stddev" : 308.160227,
        "iops_samples" : 14
      },