{
  "fio version" : "fio-3.37-2-g07f73",
  "timestamp" : 1744424514,
  "timestamp_ms" : 1744424514861,
  "time" : "Sat Apr 12 02:21:54 2025",
  "global options" : {
    "lat_percentiles" : "1",
    "clat_percentiles" : "0",
    "cpus_allowed_policy" : "shared",
    "ioengine" : "io_uring",
    "rw" : "randread",
    "thread" : "1",
    "group_reporting" : "1",
    "percentile_list" : "50:99:99.5:99.9:99.99:99.999",
    "direct" : "1",
    "verify" : "0",
    "runtime" : "7s",
    "filename" : "/dev/nvme0n1"
  },
  "jobs" : [
    {
      "jobname" : "test",
      "groupid" : 0,
      "job_start" : 1744424507743,
      "error" : 0,
      "eta" : 0,
      "elapsed" : 8,
      "job options" : {
        "iodepth" : "1",
        "bs" : "4K",
        "numjobs" : "4",
        "cpus_allowed" : "110",
        "nice" : "0",
        "hipri" : "1"
      },
      "read" : {
        "io_bytes" : 3863818240,
        "io_kbytes" : 3773260,
        "bw_bytes" : 551580048,
        "bw" : 538652,
        "iops" : 134663.097787,
        "runtime" : 7005,
        "total_ios" : 943315,
        "short_ios" : 0,
        "drop_ios" : 0,
        "slat_ns" : {
          "min" : 1302,
          "max" : 32179364,
          "mean" : 7699.792770,
          "stddev" : 271132.655117,
          "N" : 943315
        },
        "clat_ns" : {
          "min" : 192,
          "max" : 32184819,
          "mean" : 20463.257036,
          "stddev" : 439922.893587,
          "N" : 943315
        },
        "lat_ns" : {
          "min" : 5030,
          "max" : 32186185,
          "mean" : 28163.049806,
          "stddev" : 517388.304488,
          "N" : 943315,
          "percentile" : {
            "50.000000" : 5344,
            "99.000000" : 142336,
            "99.500000" : 158720,
            "99.900000" : 11468800,
            "99.990000" : 20054016,
            "99.999000" : 28180480
          }
        },
        "bw_min" : 506624,
        "bw_max" : 568840,
        "bw_agg" : 99.969667,
        "bw_mean" : 538489.736264,
        "bw_dev" : 4613.389511,
        "bw_samples" : 53,
        "iops_min" : 126656,
        "iops_max" : 142210,
        "iops_mean" : 134622.395604,
        "iops_stddev" : 1153.344498,
        "iops_samples" : 53
      },
      "write" : {
        "io_bytes" : 0,
        "io_kbytes" : 0,
        "bw_bytes" : 0,
        "bw" : 0,
        "iops" : 0.000000,
        "runtime" : 0,
        "total_ios" : 0,
        "short_ios" : 0,
        "drop_ios" : 0,
        "slat_ns" : {
          "min" : 0,
          "max" : 0,
          "mean" : 0.000000,
          "stddev" : 0.000000,
          "N" : 0
        },
        "clat_ns" : {
          "min" : 0,
          "max" : 0,
          "mean" : 0.000000,
          "stddev" : 0.000000,
          "N" : 0
        },
        "lat_ns" : {
          "min" : 0,
          "max" : 0,
          "mean" : 0.000000,
          "stddev" : 0.000000,
          "N" : 0
        },
        "bw_min" : 0,
        "bw_max" : 0,
        "bw_agg" : 0.000000,
        "bw_mean" : 0.000000,
        "bw_dev" : 0.000000,
        "bw_samples" : 0,
        "iops_min" : 0,
        "iops_max" : 0,
        "iops_mean" : 0.000000,
        "iops_stddev" : 0.000000,
        "iops_samples" : 0
      },
      "trim" : {
        "io_bytes" : 0,
        "io_kbytes" : 0,
        "bw_bytes" : 0,
        "bw" : 0,
        "iops" : 0.000000,
        "runtime" : 0,
        "total_ios" : 0,
        "short_ios" : 0,
        "drop_ios" : 0,
        "slat_ns" : {
          "min" : 0,
          "max" : 0,
          "mean" : 0.000000,
          "stddev" : 0.000000,
          "N" : 0
        },
        "clat_ns" : {
          "min" : 0,
          "max" : 0,
          "mean" : 0.000000,
          "stddev" : 0.000000,
          "N" : 0
        },
        "lat_ns" : {
          "min" : 0,
          "max" : 0,
          "mean" : 0.000000,
          "stddev" : 0.000000,
          "N" : 0
        },
        "bw_min" : 0,
        "bw_max" : 0,
        "bw_agg" : 0.000000,
        "bw_mean" : 0.000000,
        "bw_dev" : 0.000000,
        "bw_samples" : 0,
        "iops_min" : 0,
        "iops_max" : 0,
        "iops_mean" : 0.000000,
        "iops_stddev" : 0.000000,
        "iops_samples" : 0
      },
      "sync" : {
        "total_ios" : 0,
        "lat_ns" : {
          "min" : 0,
          "max" : 0,
          "mean" : 0.000000,
          "stddev" : 0.000000,
          "N" : 0
        }
      },
      "job_runtime" : 28005,
      "usr_cpu" : 3.074451,
      "sys_cpu" : 17.150509,
      "ctx" : 83384,
      "majf" : 0,
      "minf" : 12465,
      "iodepth_level" : {
        "1" : 100.000000,
        "2" : 0.000000,
        "4" : 0.000000,
        "8" : 0.000000,
        "16" : 0.000000,
        "32" : 0.000000,
        ">=64" : 0.000000
      },
      "iodepth_submit" : {
        "0" : 0.000000,
        "4" : 100.000000,
        "8" : 0.000000,
        "16" : 0.000000,
        "32" : 0.000000,
        "64" : 0.000000,
        ">=64" : 0.000000
      },
      "iodepth_complete" : {
        "0" : 0.000000,
        "4" : 100.000000,
        "8" : 0.000000,
        "16" : 0.000000,
        "32" : 0.000000,
        "64" : 0.000000,
        ">=64" : 0.000000
      },
      "latency_ns" : {
        "2" : 0.000000,
        "4" : 0.000000,
        "10" : 0.000000,
        "20" : 0.000000,
        "50" : 0.000000,
        "100" : 0.000000,
        "250" : 0.010000,
        "500" : 0.010000,
        "750" : 0.030531,
        "1000" : 0.010000
      },
      "latency_us" : {
        "2" : 0.010000,
        "4" : 57.547797,
        "10" : 40.840970,
        "20" : 0.010000,
        "50" : 0.010000,
        "100" : 0.164950,
        "250" : 1.238293,
        "500" : 0.010000,
        "750" : 0.000000,
        "1000" : 0.000000
      },
      "latency_ms" : {
        "2" : 0.010000,
        "4" : 0.028940,
        "10" : 0.043358,
        "20" : 0.059895,
        "50" : 0.013145,
        "100" : 0.000000,
        "250" : 0.000000,
        "500" : 0.000000,
        "750" : 0.000000,
        "1000" : 0.000000,
        "2000" : 0.000000,
        ">=2000" : 0.000000
      },
      "latency_depth" : 1,
      "latency_target" : 0,
      "latency_percentile" : 100.000000,
      "latency_window" : 0
    },
    {
      "jobname" : "tapp",
      "groupid" : 1,
      "job_start" : 1744424507715,
      "error" : 0,
      "eta" : 0,
      "elapsed" : 8,
      "job options" : {
        "iodepth" : "16",
        "bs" : "64K",
        "numjobs" : "1",
        "cpus_allowed" : "110",
        "nice" : "0"
      },
      "read" : {
        "io_bytes" : 11986206720,
        "io_kbytes" : 11705280,
        "bw_bytes" : 1712070664,
        "bw" : 1671944,
        "iops" : 26124.125125,
        "runtime" : 7001,
        "total_ios" : 182895,
        "short_ios" : 0,
        "drop_ios" : 0,
        "slat_ns" : {
          "min" : 3704,
          "max" : 55475,
          "mean" : 4771.145193,
          "stddev" : 594.200999,
          "N" : 182895
        },
        "clat_ns" : {
          "min" : 70635,
          "max" : 18597673,
          "mean" : 607265.161552,
          "stddev" : 2220111.976463,
          "N" : 182895
        },
        "lat_ns" : {
          "min" : 74906,
          "max" : 18602296,
          "mean" : 612036.306744,
          "stddev" : 2220109.653185,
          "N" : 182895,
          "percentile" : {
            "50.000000" : 142336,
            "99.000000" : 15663104,
            "99.500000" : 15663104,
            "99.900000" : 15663104,
            "99.990000" : 18219008,
            "99.999000" : 18481152
          }
        },
        "bw_min" : 1578624,
        "bw_max" : 1794304,
        "bw_agg" : 100.000000,
        "bw_mean" : 1672182.857143,
        "bw_dev" : 59250.302359,
        "bw_samples" : 14,
        "iops_min" : 24666,
        "iops_max" : 28036,
        "iops_mean" : 26127.857143,
        "iops_stddev" : 925.785974,
        "iops_samples" : 14
      },