{
  "fio version" : "fio-3.37-2-g07f73",
  "timestamp" : 1744424532,
  "timestamp_ms" : 1744424532323,
  "time" : "Sat Apr 12 02:22:12 2025",
  "global options" : {
    "lat_percentiles" : "1",
    "clat_percentiles" : "0",
    "cpus_allowed_policy" : "shared",
    "ioengine" : "io_uring",
    "rw" : "randread",
    "thread" : "1",
    "group_reporting" : "1",
    "percentile_list" : "50:99:99.5:99.9:99.99:99.999",
    "direct" : "1",
    "verify" : "0",
    "runtime" : "7s",
    "filename" : "/dev/nvme0n1"
  },
  "jobs" : [
    {
      "jobname" : "test",
      "groupid" : 0,
      "job_start" : 1744424524943,
      "error" : 0,
      "eta" : 0,
      "elapsed" : 8,
      "job options" : {
        "iodepth" : "1",
        "bs" : "4K",
        "numjobs" : "12",
        "cpus_allowed" : "110",
        "nice" : "0",
        "hipri" : "1"
      },
      "read" : {
        "io_bytes" : 4721074176,
        "io_kbytes" : 4610424,
        "bw_bytes" : 671465534,
        "bw" : 655728,
        "iops" : 163932.015361,
        "runtime" : 7031,
        "total_ios" : 1152606,
        "short_ios" : 0,
        "drop_ios" : 0,
        "slat_ns" : {
          "min" : 1289,
          "max" : 72167869,
          "mean" : 18005.076105,
          "stddev" : 855429.090257,
          "N" : 1152606
        },
        "clat_ns" : {
          "min" : 203,
          "max" : 80171534,
          "mean" : 50261.920492,
          "stddev" : 1422219.611912,
          "N" : 1152606
        },
        "lat_ns" : {
          "min" : 5202,
          "max" : 80172896,
          "mean" : 68266.996597,
          "stddev" : 1659686.275492,
          "N" : 1152606,
          "percentile" : {
            "50.000000" : 5344,
            "99.000000" : 5536,
            "99.500000" : 6624,
            "99.900000" : 44302336,
            "99.990000" : 44302336,
            "99.999000" : 47972352
          }
        },
        "bw_min" : 620912,
        "bw_max" : 700544,
        "bw_agg" : 99.153603,
        "bw_mean" : 650178.543956,
        "bw_dev" : 2675.922933,
        "bw_samples" : 164,
        "iops_min" : 155228,
        "iops_max" : 175136,
        "iops_mean" : 162544.582418,
        "iops_stddev" : 668.982283,
        "iops_samples" : 164
      },
      "write" : {
        "io_bytes" : 0,
        "io_kbytes" : 0,
        "bw_bytes" : 0,
        "bw" : 0,
        "iops" : 0.000000,
        "runtime" : 0,
        "total_ios" : 0,
        "short_ios" : 0,
        "drop_ios" : 0,
        "slat_ns" : {
          "min" : 0,
          "max" : 0,
          "mean" : 0.000000,
          "stddev" : 0.000000,
          "N" : 0
        },
        "clat_ns" : {
          "min" : 0,
          "max" : 0,
          "mean" : 0.000000,
          "stddev" : 0.000000,
          "N" : 0
        },
        "lat_ns" : {
          "min" : 0,
          "max" : 0,
          "mean" : 0.000000,
          "stddev" : 0.000000,
          "N" : 0
        },
        "bw_min" : 0,
        "bw_max" : 0,
        "bw_agg" : 0.000000,
        "bw_mean" : 0.000000,
        "bw_dev" : 0.000000,
        "bw_samples" : 0,
        "iops_min" : 0,
        "iops_max" : 0,
        "iops_mean" : 0.000000,
        "iops_stddev" : 0.000000,
        "iops_samples" : 0
      },
      "trim" : {
        "io_bytes" : 0,
        "io_kbytes" : 0,
        "bw_bytes" : 0,
        "bw" : 0,
        "iops" : 0.000000,
        "runtime" : 0,
        "total_ios" : 0,
        "short_ios" : 0,
        "drop_ios" : 0,
        "slat_ns" : {
          "min" : 0,
          "max" : 0,
          "mean" : 0.000000,
          "stddev" : 0.000000,
          "N" : 0
        },
        "clat_ns" : {
          "min" : 0,
          "max" : 0,
          "mean" : 0.000000,
          "stddev" : 0.000000,
          "N" : 0
        },
        "lat_ns" : {
          "min" : 0,
          "max" : 0,
          "mean" : 0.000000,
          "stddev" : 0.000000,
          "N" : 0
        },
        "bw_min" : 0,
        "bw_max" : 0,
        "bw_agg" : 0.000000,
        "bw_mean" : 0.000000,
        "bw_dev" : 0.000000,
        "bw_samples" : 0,
        "iops_min" : 0,
        "iops_max" : 0,
        "iops_mean" : 0.000000,
        "iops_stddev" : 0.000000,
        "iops_samples" : 0
      },
      "sync" : {
        "total_ios" : 0,
        "lat_ns" : {
          "min" : 0,
          "max" : 0,
          "mean" : 0.000000,
          "stddev" : 0.000000,
          "N" : 0
        }
      },
      "job_runtime" : 84090,
      "usr_cpu" : 1.094066,
      "sys_cpu" : 7.021049,
      "ctx" : 2350,
      "majf" : 0,
      "minf" : 0,
      "iodepth_level" : {
        "1" : 100.000000,
        "2" : 0.000000,
        "4" : 0.000000,
        "8" : 0.000000,
        "16" : 0.000000,
        "32" : 0.000000,
        ">=64" : 0.000000
      },
      "iodepth_submit" : {
        "0" : 0.000000,
        "4" : 100.000000,
        "8" : 0.000000,
        "16" : 0.000000,
        "32" : 0.000000,
        "64" : 0.000000,
        ">=64" : 0.000000
      },
      "iodepth_complete" : {
        "0" : 0.000000,
        "4" : 100.000000,
        "8" : 0.000000,
        "16" : 0.000000,
        "32" : 0.000000,
        "64" : 0.000000,
        ">=64" : 0.000000
      },
      "latency_ns" : {
        "2" : 0.000000,
        "4" : 0.000000,
        "10" : 0.000000,
        "20" : 0.000000,
        "50" : 0.000000,
        "100" : 0.000000,
        "250" : 0.010000,
        "500" : 0.010000,
        "750" : 0.010498,
        "1000" : 0.010000
      },
      "latency_us" : {
        "2" : 0.010000,
        "4" : 65.364834,
        "10" : 34.347296,
        "20" : 0.010000,
        "50" : 0.010000,
        "100" : 0.010000,
        "250" : 0.155908,
        "500" : 0.000000,
        "750" : 0.000000,
        "1000" : 0.000000
      },
      "latency_ms" : {
        "2" : 0.000000,
        "4" : 0.010000,
        "10" : 0.010000,
        "20" : 0.010000,
        "50" : 0.103938,
        "100" : 0.010000,
        "250" : 0.000000,
        "500" : 0.000000,
        "750" : 0.000000,
        "1000" : 0.000000,
        "2000" : 0.000000,
        ">=2000" : 0.000000
      },
      "latency_depth" : 1,
      "latency_target" : 0,
      "latency_percentile" : 100.000000,
      "latency_window" : 0
    },
    {
      "jobname" : "tapp",
      "groupid" : 1,
      "job_start" : 1744424525014,
      "error" : 0,
      "eta" : 0,
      "elapsed" : 8,
      "job options" : {
        "iodepth" : "16",
        "bs" : "64K",
        "numjobs" : "1",
        "cpus_allowed" : "110",
        "nice" : "0"
      },
      "read" : {
        "io_bytes" : 3430285312,
        "io_kbytes" : 3349888,
        "bw_bytes" : 489900787,
        "bw" : 478418,
        "iops" : 7475.292773,
        "runtime" : 7002,
        "total_ios" : 52342,
        "short_ios" : 0,
        "drop_ios" : 0,
        "slat_ns" : {
          "min" : 3991,
          "max" : 15992,
          "mean" : 4794.301154,
          "stddev" : 407.438377,
          "N" : 52342
        },
        "clat_ns" : {
          "min" : 75863,
          "max" : 11934299,
          "mean" : 2135163.494517,
          "stddev" : 1929679.663307,
          "N" : 52342
        },
        "lat_ns" : {
          "min" : 80544,
          "max" : 11939119,
          "mean" : 2139957.795671,
          "stddev" : 1929672.892052,
          "N" : 52342,
          "percentile" : {
            "50.000000" : 3915776,
            "99.000000" : 3948544,
            "99.500000" : 3948544,
            "99.900000" : 5406720,
            "99.990000" : 11993088,
            "99.999000" : 11993088
          }
        },
        "bw_min" : 467456,
        "bw_max" : 547712,
        "bw_agg" : 100.000000,
        "bw_mean" : 478555.428571,
        "bw_dev" : 23524.019691,
        "bw_samples" : 14,
        "iops_min" : 7304,
        "iops_max" : 8558,
        "iops_mean" : 7477.428571,
        "iops_stddev" : 367.562808,
        "iops_samples" : 14
      },