{
  "fio version" : "fio-3.37-2-g07f73",
  "timestamp" : 1744436240,
  "timestamp_ms" : 1744436240251,
  "time" : "Sat Apr 12 05:37:20 2025",
  "global options" : {
    "lat_percentiles" : "1",
    "clat_percentiles" : "0",
    "cpus_allowed_policy" : "shared",
    "ioengine" : "libstorage",
    "rw" : "randread",
    "thread" : "1",
    "group_reporting" : "1",
    "percentile_list" : "50:99:99.5:99.9:99.99:99.999",
    "direct" : "1",
    "verify" : "0",
    "runtime" : "7s",
    "filename" : "/dev/nvme0"
  },
  "jobs" : [
    {
      "jobname" : "test",
      "groupid" : 0,
      "job_start" : 1744436233055,
      "error" : 0,
      "eta" : 0,
      "elapsed" : 8,
      "job options" : {
        "iodepth" : "1",
        "bs" : "4K",
        "numjobs" : "4",
        "cpus_allowed" : "110",
        "nice" : "-19",
        "type" : "1",
        "intr" : "1",
        "coalescing" : "1"
      },
      "read" : {
        "io_bytes" : 854265856,
        "io_kbytes" : 834244,
        "bw_bytes" : 122020547,
        "bw" : 119160,
        "iops" : 29790.172832,
        "runtime" : 7001,
        "total_ios" : 208561,
        "short_ios" : 0,
        "drop_ios" : 0,
        "slat_ns" : {
          "min" : 152,
          "max" : 1285530,
          "mean" : 221.761710,
          "stddev" : 2821.521727,
          "N" : 208561
        },
        "clat_ns" : {
          "min" : 6446,
          "max" : 1522986,
          "mean" : 133698.855970,
          "stddev" : 16747.637451,
          "N" : 208561
        },
        "lat_ns" : {
          "min" : 6668,
          "max" : 1529760,
          "mean" : 133920.617680,
          "stddev" : 16938.783771,
          "N" : 208561,
          "percentile" : {
            "50.000000" : 138240,
            "99.000000" : 152576,
            "99.500000" : 154624,
            "99.900000" : 162816,
            "99.990000" : 195584,
            "99.999000" : 978944
          }
        },
        "bw_min" : 117488,
        "bw_max" : 136371,
        "bw_agg" : 100.000000,
        "bw_mean" : 119182.500000,
        "bw_dev" : 1247.962015,
        "bw_samples" : 56,
        "iops_min" : 29372,
        "iops_max" : 34092,
        "iops_mean" : 29795.571429,
        "iops_stddev" : 311.945791,
        "iops_samples" : 56
      },
      "write" : {
        "io_bytes" : 0,
        "io_kbytes" : 0,
        "bw_bytes" : 0,
        "bw" : 0,
        "iops" : 0.000000,
        "runtime" : 0,
        "total_ios" : 0,
        "short_ios" : 0,
        "drop_ios" : 0,
        "slat_ns" : {
          "min" : 0,
          "max" : 0,
          "mean" : 0.000000,
          "stddev" : 0.000000,
          "N" : 0
        },
        "clat_ns" : {
          "min" : 0,
          "max" : 0,
          "mean" : 0.000000,
          "stddev" : 0.000000,
          "N" : 0
        },
        "lat_ns" : {
          "min" : 0,
          "max" : 0,
          "mean" : 0.000000,
          "stddev" : 0.000000,
          "N" : 0
        },
        "bw_min" : 0,
        "bw_max" : 0,
        "bw_agg" : 0.000000,
        "bw_mean" : 0.000000,
        "bw_dev" : 0.000000,
        "bw_samples" : 0,
        "iops_min" : 0,
        "iops_max" : 0,
        "iops_mean" : 0.000000,
        "iops_stddev" : 0.000000,
        "iops_samples" : 0
      },
      "trim" : {
        "io_bytes" : 0,
        "io_kbytes" : 0,
        "bw_bytes" : 0,
        "bw" : 0,
        "iops" : 0.000000,
        "runtime" : 0,
        "total_ios" : 0,
        "short_ios" : 0,
        "drop_ios" : 0,
        "slat_ns" : {
          "min" : 0,
          "max" : 0,
          "mean" : 0.000000,
          "stddev" : 0.000000,
          "N" : 0
        },
        "clat_ns" : {
          "min" : 0,
          "max" : 0,
          "mean" : 0.000000,
          "stddev" : 0.000000,
          "N" : 0
        },
        "lat_ns" : {
          "min" : 0,
          "max" : 0,
          "mean" : 0.000000,
          "stddev" : 0.000000,
          "N" : 0
        },
        "bw_min" : 0,
        "bw_max" : 0,
        "bw_agg" : 0.000000,
        "bw_mean" : 0.000000,
        "bw_dev" : 0.000000,
        "bw_samples" : 0,
        "iops_min" : 0,
        "iops_max" : 0,
        "iops_mean" : 0.000000,
        "iops_stddev" : 0.000000,
        "iops_samples" : 0
      },
      "sync" : {
        "total_ios" : 0,
        "lat_ns" : {
          "min" : 0,
          "max" : 0,
          "mean" : 0.000000,
          "stddev" : 0.000000,
          "N" : 0
        }
      },
      "job_runtime" : 28000,
      "usr_cpu" : 1.317857,
      "sys_cpu" : 1.239286,
      "ctx" : 208837,
      "majf" : 0,
      "minf" : 1481,
      "iodepth_level" : {
        "1" : 100.000000,
        "2" : 0.000000,
        "4" : 0.000000,
        "8" : 0.000000,
        "16" : 0.000000,
        "32" : 0.000000,
        ">=64" : 0.000000
      },
      "iodepth_submit" : {
        "0" : 0.000000,
        "4" : 100.000000,
        "8" : 0.000000,
        "16" : 0.000000,
        "32" : 0.000000,
        "64" : 0.000000,
        ">=64" : 0.000000
      },
      "iodepth_complete" : {
        "0" : 0.000000,
        "4" : 100.000000,
        "8" : 0.000000,
        "16" : 0.000000,
        "32" : 0.000000,
        "64" : 0.000000,
        ">=64" : 0.000000
      },
      "latency_ns" : {
        "2" : 0.000000,
        "4" : 0.000000,
        "10" : 0.000000,
        "20" : 0.000000,
        "50" : 0.000000,
        "100" : 0.000000,
        "250" : 0.000000,
        "500" : 0.000000,
        "750" : 0.000000,
        "1000" : 0.000000
      },
      "latency_us" : {
        "2" : 0.000000,
        "4" : 0.000000,
        "10" : 0.687089,
        "20" : 0.401801,
        "50" : 0.423377,
        "100" : 0.022535,
        "250" : 98.457526,
        "500" : 0.010000,
        "750" : 0.010000,
        "1000" : 0.010000
      },
      "latency_ms" : {
        "2" : 0.010000,
        "4" : 0.000000,
        "10" : 0.000000,
        "20" : 0.000000,
        "50" : 0.000000,
        "100" : 0.000000,
        "250" : 0.000000,
        "500" : 0.000000,
        "750" : 0.000000,
        "1000" : 0.000000,
        "2000" : 0.000000,
        ">=2000" : 0.000000
      },
      "latency_depth" : 1,
      "latency_target" : 0,
      "latency_percentile" : 100.000000,
      "latency_window" : 0
    },
    {
      "jobname" : "tapp",
      "groupid" : 1,
      "job_start" : 1744436233056,
      "error" : 0,
      "eta" : 0,
      "elapsed" : 8,
      "job options" : {
        "iodepth" : "16",
        "bs" : "64K",
        "numjobs" : "1",
        "cpus_allowed" : "110",
        "nice" : "0",
        "type" : "0",
        "intr" : "1"
      },
      "read" : {
        "io_bytes" : 50475696128,
        "io_kbytes" : 49292672,
        "bw_bytes" : 7209783763,
        "bw" : 7040804,
        "iops" : 110012.569633,
        "runtime" : 7001,
        "total_ios" : 770198,
        "short_ios" : 0,
        "drop_ios" : 0,
        "slat_ns" : {
          "min" : 176,
          "max" : 2195023,
          "mean" : 263.323033,
          "stddev" : 2502.400187,
          "N" : 770198
        },
        "clat_ns" : {
          "min" : 29607,
          "max" : 13791970,
          "mean" : 144668.320842,
          "stddev" : 63230.402862,
          "N" : 770198
        },
        "lat_ns" : {
          "min" : 40180,
          "max" : 13801858,
          "mean" : 144931.643875,
          "stddev" : 63277.608591,
          "N" : 770198,
          "percentile" : {
            "50.000000" : 144384,
            "99.000000" : 162816,
            "99.500000" : 166912,
            "99.900000" : 177152,
            "99.990000" : 211968,
            "99.999000" : 13828096
          }
        },
        "bw_min" : 6861440,
        "bw_max" : 7063168,
        "bw_agg" : 100.000000,
        "bw_mean" : 7041810.285714,
        "bw_dev" : 53041.014440,
        "bw_samples" : 14,
        "iops_min" : 107210,
        "iops_max" : 110362,
        "iops_mean" : 110028.285714,