{
  "fio version" : "fio-3.37-2-g07f73",
  "timestamp" : 1744379283,
  "timestamp_ms" : 1744379283620,
  "time" : "Fri Apr 11 13:48:03 2025",
  "global options" : {
    "lat_percentiles" : "1",
    "clat_percentiles" : "0",
    "cpus_allowed_policy" : "split",
    "ioengine" : "libstorage",
    "rw" : "randread",
    "thread" : "1",
    "group_reporting" : "1",
    "percentile_list" : "50:99:99.5:99.9:99.99:99.999",
    "direct" : "1",
    "verify" : "0",
    "runtime" : "7s",
    "filename" : "/dev/nvme0"
  },
  "jobs" : [
    {
      "jobname" : "test",
      "groupid" : 0,
      "job_start" : 1744379276436,
      "error" : 0,
      "eta" : 0,
      "elapsed" : 8,
      "job options" : {
        "iodepth" : "1",
        "bs" : "4K",
        "numjobs" : "6",
        "cpus_allowed" : "110",
        "nice" : "-19",
        "type" : "1",
        "intr" : "1",
        "coalescing" : "1"
      },
      "read" : {
        "io_bytes" : 6269812736,
        "io_kbytes" : 6122864,
        "bw_bytes" : 895559596,
        "bw" : 874569,
        "iops" : 218642.479646,
        "runtime" : 7001,
        "total_ios" : 1530716,
        "short_ios" : 0,
        "drop_ios" : 0,
        "slat_ns" : {
          "min" : 148,
          "max" : 1056860,
          "mean" : 621.521575,
          "stddev" : 3105.384166,
          "N" : 1530716
        },
        "clat_ns" : {
          "min" : 148,
          "max" : 12795143,
          "mean" : 24859.231999,
          "stddev" : 140405.525609,
          "N" : 1530716
        },
        "lat_ns" : {
          "min" : 5029,
          "max" : 12802258,
          "mean" : 25480.753574,
          "stddev" : 140441.451966,
          "N" : 1530716,
          "percentile" : {
            "50.000000" : 9152,
            "99.000000" : 366592,
            "99.500000" : 954368,
            "99.900000" : 2179072,
            "99.990000" : 4046848,
            "99.999000" : 5799936
          }
        },
        "bw_min" : 703592,
        "bw_max" : 1041344,
        "bw_agg" : 99.314987,
        "bw_mean" : 868579.818681,
        "bw_dev" : 16467.068188,
        "bw_samples" : 83,
        "iops_min" : 175898,
        "iops_max" : 260336,
        "iops_mean" : 217144.758242,
        "iops_stddev" : 4116.745293,
        "iops_samples" : 83
      },
      "write" : {
        "io_bytes" : 0,
        "io_kbytes" : 0,
        "bw_bytes" : 0,
        "bw" : 0,
        "iops" : 0.000000,
        "runtime" : 0,
        "total_ios" : 0,
        "short_ios" : 0,
        "drop_ios" : 0,
        "slat_ns" : {
          "min" : 0,
          "max" : 0,
          "mean" : 0.000000,
          "stddev" : 0.000000,
          "N" : 0
        },
        "clat_ns" : {
          "min" : 0,
          "max" : 0,
          "mean" : 0.000000,
          "stddev" : 0.000000,
          "N" : 0
        },
        "lat_ns" : {
          "min" : 0,
          "max" : 0,
          "mean" : 0.000000,
          "stddev" : 0.000000,
          "N" : 0
        },
        "bw_min" : 0,
        "bw_max" : 0,
        "bw_agg" : 0.000000,
        "bw_mean" : 0.000000,
        "bw_dev" : 0.000000,
        "bw_samples" : 0,
        "iops_min" : 0,
        "iops_max" : 0,
        "iops_mean" : 0.000000,
        "iops_stddev" : 0.000000,
        "iops_samples" : 0
      },
      "trim" : {
        "io_bytes" : 0,
        "io_kbytes" : 0,
        "bw_bytes" : 0,
        "bw" : 0,
        "iops" : 0.000000,
        "runtime" : 0,
        "total_ios" : 0,
        "short_ios" : 0,
        "drop_ios" : 0,
        "slat_ns" : {
          "min" : 0,
          "max" : 0,
          "mean" : 0.000000,
          "stddev" : 0.000000,
          "N" : 0
        },
        "clat_ns" : {
          "min" : 0,
          "max" : 0,
          "mean" : 0.000000,
          "stddev" : 0.000000,
          "N" : 0
        },
        "lat_ns" : {
          "min" : 0,
          "max" : 0,
          "mean" : 0.000000,
          "stddev" : 0.000000,
          "N" : 0
        },
        "bw_min" : 0,
        "bw_max" : 0,
        "bw_agg" : 0.000000,
        "bw_mean" : 0.000000,
        "bw_dev" : 0.000000,
        "bw_samples" : 0,
        "iops_min" : 0,
        "iops_max" : 0,
        "iops_mean" : 0.000000,
        "iops_stddev" : 0.000000,
        "iops_samples" : 0
      },
      "sync" : {
        "total_ios" : 0,
        "lat_ns" : {
          "min" : 0,
          "max" : 0,
          "mean" : 0.000000,
          "stddev" : 0.000000,
          "N" : 0
        }
      },
      "job_runtime" : 42000,
      "usr_cpu" : 7.361905,
      "sys_cpu" : 9.411905,
      "ctx" : 1863906,
      "majf" : 0,
      "minf" : 2246,
      "iodepth_level" : {
        "1" : 100.000000,
        "2" : 0.000000,
        "4" : 0.000000,
        "8" : 0.000000,
        "16" : 0.000000,
        "32" : 0.000000,
        ">=64" : 0.000000
      },
      "iodepth_submit" : {
        "0" : 0.000000,
        "4" : 100.000000,
        "8" : 0.000000,
        "16" : 0.000000,
        "32" : 0.000000,
        "64" : 0.000000,
        ">=64" : 0.000000
      },
      "iodepth_complete" : {
        "0" : 0.000000,
        "4" : 100.000000,
        "8" : 0.000000,
        "16" : 0.000000,
        "32" : 0.000000,
        "64" : 0.000000,
        ">=64" : 0.000000
      },
      "latency_ns" : {
        "2" : 0.000000,
        "4" : 0.000000,
        "10" : 0.000000,
        "20" : 0.000000,
        "50" : 0.000000,
        "100" : 0.000000,
        "250" : 0.017508,
        "500" : 0.010000,
        "750" : 0.000000,
        "1000" : 0.000000
      },
      "latency_us" : {
        "2" : 0.010000,
        "4" : 0.010000,
        "10" : 52.953520,
        "20" : 38.144437,
        "50" : 6.978303,
        "100" : 0.634344,
        "250" : 0.154764,
        "500" : 0.256481,
        "750" : 0.223556,
        "1000" : 0.166523
      },
      "latency_ms" : {
        "2" : 0.343826,
        "4" : 0.114718,
        "10" : 0.010714,
        "20" : 0.010000,
        "50" : 0.000000,
        "100" : 0.000000,
        "250" : 0.000000,
        "500" : 0.000000,
        "750" : 0.000000,
        "1000" : 0.000000,
        "2000" : 0.000000,
        ">=2000" : 0.000000
      },
      "latency_depth" : 1,
      "latency_target" : 0,
      "latency_percentile" : 100.000000,
      "latency_window" : 0
    },
    {
      "jobname" : "tapp",
      "groupid" : 1,
      "job_start" : 1744379276443,
      "error" : 0,
      "eta" : 0,
      "elapsed" : 8,
      "job options" : {
        "iodepth" : "16",
        "bs" : "64K",
        "numjobs" : "1",
        "cpus_allowed" : "110",
        "nice" : "19",
        "type" : "0",
        "intr" : "1"
      },
      "read" : {
        "io_bytes" : 39518208,
        "io_kbytes" : 38592,
        "bw_bytes" : 5644651,
        "bw" : 5512,
        "iops" : 86.130553,
        "runtime" : 7001,
        "total_ios" : 603,
        "short_ios" : 0,
        "drop_ios" : 0,
        "slat_ns" : {
          "min" : 258,
          "max" : 6994317583,
          "mean" : 11608236.086235,
          "stddev" : 284830262.349316,
          "N" : 603
        },
        "clat_ns" : {
          "min" : 34960,
          "max" : 6994442773,
          "mean" : 46487282.391376,
          "stddev" : 568241816.865999,
          "N" : 603
        },
        "lat_ns" : {
          "min" : 42221,
          "max" : 6994451320,
          "mean" : 58095518.477612,
          "stddev" : 634782669.748685,
          "N" : 603,
          "percentile" : {
            "50.000000" : 98816,
            "99.000000" : 183296,
            "99.500000" : 7012876288,
            "99.900000" : 7012876288,
            "99.990000" : 7012876288,
            "99.999000" : 7012876288
          }
        },
        "bw_min" : 50688,
        "bw_max" : 50688,
        "bw_agg" : 100.000000,
        "bw_mean" : 50688.000000,
        "bw_dev" : 0.000000,
        "bw_samples" : 1,
        "iops_min" : 792,
        "iops_max" : 792,
        "iops_mean" : 792.000000,