{
  "fio version" : "fio-3.37-2-g07f73",
  "timestamp" : 1744379274,
  "timestamp_ms" : 1744379274781,
  "time" : "Fri Apr 11 13:47:54 2025",
  "global options" : {
    "lat_percentiles" : "1",
    "clat_percentiles" : "0",
    "cpus_allowed_policy" : "split",
    "ioengine" : "libstorage",
    "rw" : "randread",
    "thread" : "1",
    "group_reporting" : "1",
    "percentile_list" : "50:99:99.5:99.9:99.99:99.999",
    "direct" : "1",
    "verify" : "0",
    "runtime" : "7s",
    "filename" : "/dev/nvme0"
  },
  "jobs" : [
    {
      "jobname" : "test",
      "groupid" : 0,
      "job_start" : 1744379267747,
      "error" : 0,
      "eta" : 0,
      "elapsed" : 8,
      "job options" : {
        "iodepth" : "1",
        "bs" : "4K",
        "numjobs" : "3",
        "cpus_allowed" : "110",
        "nice" : "-19",
        "type" : "1",
        "intr" : "1",
        "coalescing" : "1"
      },
      "read" : {
        "io_bytes" : 5905313792,
        "io_kbytes" : 5766908,
        "bw_bytes" : 843495756,
        "bw" : 823726,
        "iops" : 205931.581203,
        "runtime" : 7001,
        "total_ios" : 1441727,
        "short_ios" : 0,
        "drop_ios" : 0,
        "slat_ns" : {
          "min" : 148,
          "max" : 107884,
          "mean" : 574.414825,
          "stddev" : 1538.914619,
          "N" : 1441727
        },
        "clat_ns" : {
          "min" : 134,
          "max" : 3578075,
          "mean" : 13157.850545,
          "stddev" : 7331.872751,
          "N" : 1441727
        },
        "lat_ns" : {
          "min" : 4700,
          "max" : 3578315,
          "mean" : 13732.265370,
          "stddev" : 7396.439409,
          "N" : 1441727,
          "percentile" : {
            "50.000000" : 12864,
            "99.000000" : 47360,
            "99.500000" : 49920,
            "99.900000" : 53504,
            "99.990000" : 66048,
            "99.999000" : 214016
          }
        },
        "bw_min" : 776600,
        "bw_max" : 853496,
        "bw_agg" : 100.000000,
        "bw_mean" : 823883.642857,
        "bw_dev" : 7629.007570,
        "bw_samples" : 42,
        "iops_min" : 194150,
        "iops_max" : 213374,
        "iops_mean" : 205970.857143,
        "iops_stddev" : 1907.243902,
        "iops_samples" : 42
      },
      "write" : {
        "io_bytes" : 0,
        "io_kbytes" : 0,
        "bw_bytes" : 0,
        "bw" : 0,
        "iops" : 0.000000,
        "runtime" : 0,
        "total_ios" : 0,
        "short_ios" : 0,
        "drop_ios" : 0,
        "slat_ns" : {
          "min" : 0,
          "max" : 0,
          "mean" : 0.000000,
          "stddev" : 0.000000,
          "N" : 0
        },
        "clat_ns" : {
          "min" : 0,
          "max" : 0,
          "mean" : 0.000000,
          "stddev" : 0.000000,
          "N" : 0
        },
        "lat_ns" : {
          "min" : 0,
          "max" : 0,
          "mean" : 0.000000,
          "stddev" : 0.000000,
          "N" : 0
        },
        "bw_min" : 0,
        "bw_max" : 0,
        "bw_agg" : 0.000000,
        "bw_mean" : 0.000000,
        "bw_dev" : 0.000000,
        "bw_samples" : 0,
        "iops_min" : 0,
        "iops_max" : 0,
        "iops_mean" : 0.000000,
        "iops_stddev" : 0.000000,
        "iops_samples" : 0
      },
      "trim" : {
        "io_bytes" : 0,
        "io_kbytes" : 0,
        "bw_bytes" : 0,
        "bw" : 0,
        "iops" : 0.000000,
        "runtime" : 0,
        "total_ios" : 0,
        "short_ios" : 0,
        "drop_ios" : 0,
        "slat_ns" : {
          "min" : 0,
          "max" : 0,
          "mean" : 0.000000,
          "stddev" : 0.000000,
          "N" : 0
        },
        "clat_ns" : {
          "min" : 0,
          "max" : 0,
          "mean" : 0.000000,
          "stddev" : 0.000000,
          "N" : 0
        },
        "lat_ns" : {
          "min" : 0,
          "max" : 0,
          "mean" : 0.000000,
          "stddev" : 0.000000,
          "N" : 0
        },
        "bw_min" : 0,
        "bw_max" : 0,
        "bw_agg" : 0.000000,
        "bw_mean" : 0.000000,
        "bw_dev" : 0.000000,
        "bw_samples" : 0,
        "iops_min" : 0,
        "iops_max" : 0,
        "iops_mean" : 0.000000,
        "iops_stddev" : 0.000000,
        "iops_samples" : 0
      },
      "sync" : {
        "total_ios" : 0,
        "lat_ns" : {
          "min" : 0,
          "max" : 0,
          "mean" : 0.000000,
          "stddev" : 0.000000,
          "N" : 0
        }
      },
      "job_runtime" : 21000,
      "usr_cpu" : 15.876190,
      "sys_cpu" : 14.704762,
      "ctx" : 1530369,
      "majf" : 0,
      "minf" : 2306,
      "iodepth_level" : {
        "1" : 100.000000,
        "2" : 0.000000,
        "4" : 0.000000,
        "8" : 0.000000,
        "16" : 0.000000,
        "32" : 0.000000,
        ">=64" : 0.000000
      },
      "iodepth_submit" : {
        "0" : 0.000000,
        "4" : 100.000000,
        "8" : 0.000000,
        "16" : 0.000000,
        "32" : 0.000000,
        "64" : 0.000000,
        ">=64" : 0.000000
      },
      "iodepth_complete" : {
        "0" : 0.000000,
        "4" : 100.000000,
        "8" : 0.000000,
        "16" : 0.000000,
        "32" : 0.000000,
        "64" : 0.000000,
        ">=64" : 0.000000
      },
      "latency_ns" : {
        "2" : 0.000000,
        "4" : 0.000000,
        "10" : 0.000000,
        "20" : 0.000000,
        "50" : 0.000000,
        "100" : 0.000000,
        "250" : 0.189495,
        "500" : 0.010000,
        "750" : 0.000000,
        "1000" : 0.010000
      },
      "latency_us" : {
        "2" : 0.015953,
        "4" : 0.010000,
        "10" : 14.224330,
        "20" : 80.576004,
        "50" : 4.548989,
        "100" : 0.443010,
        "250" : 0.010000,
        "500" : 0.010000,
        "750" : 0.010000,
        "1000" : 0.010000
      },
      "latency_ms" : {
        "2" : 0.010000,
        "4" : 0.010000,
        "10" : 0.000000,
        "20" : 0.000000,
        "50" : 0.000000,
        "100" : 0.000000,
        "250" : 0.000000,
        "500" : 0.000000,
        "750" : 0.000000,
        "1000" : 0.000000,
        "2000" : 0.000000,
        ">=2000" : 0.000000
      },
      "latency_depth" : 1,
      "latency_target" : 0,
      "latency_percentile" : 100.000000,
      "latency_window" : 0
    },
    {
      "jobname" : "tapp",
      "groupid" : 1,
      "job_start" : 1744379267749,
      "error" : 0,
      "eta" : 0,
      "elapsed" : 8,
      "job options" : {
        "iodepth" : "16",
        "bs" : "64K",
        "numjobs" : "1",
        "cpus_allowed" : "110",
        "nice" : "19",
        "type" : "0",
        "intr" : "1"
      },
      "read" : {
        "io_bytes" : 4255711232,
        "io_kbytes" : 4155968,
        "bw_bytes" : 607871908,
        "bw" : 593624,
        "iops" : 9275.389230,
        "runtime" : 7001,
        "total_ios" : 64937,
        "short_ios" : 0,
        "drop_ios" : 0,
        "slat_ns" : {
          "min" : 225,
          "max" : 205337458,
          "mean" : 105396.576359,
          "stddev" : 2408185.034002,
          "N" : 64937
        },
        "clat_ns" : {
          "min" : 25861,
          "max" : 307322820,
          "mean" : 1044390.883364,
          "stddev" : 8079144.538280,
          "N" : 64937
        },
        "lat_ns" : {
          "min" : 31766,
          "max" : 307346240,
          "mean" : 1149787.459723,
          "stddev" : 8466105.434734,
          "N" : 64937,
          "percentile" : {
            "50.000000" : 132096,
            "99.000000" : 36438016,
            "99.500000" : 57933824,
            "99.900000" : 94896128,
            "99.990000" : 308281344,
            "99.999000" : 308281344
          }
        },
        "bw_min" : 246784,
        "bw_max" : 1100160,
        "bw_agg" : 100.000000,
        "bw_mean" : 593663.142857,
        "bw_dev" : 247727.644812,
        "bw_samples" : 14,
        "iops_min" : 3856,
        "iops_max" : 17190,
        "iops_mean" : 9275.928571,