{
  "fio version" : "fio-3.37-2-g07f73",
  "timestamp" : 1744436226,
  "timestamp_ms" : 1744436226333,
  "time" : "Sat Apr 12 05:37:06 2025",
  "global options" : {
    "lat_percentiles" : "1",
    "clat_percentiles" : "0",
    "cpus_allowed_policy" : "shared",
    "ioengine" : "libstorage",
    "rw" : "randread",
    "thread" : "1",
    "group_reporting" : "1",
    "percentile_list" : "50:99:99.5:99.9:99.99:99.999",
    "direct" : "1",
    "verify" : "0",
    "runtime" : "7s",
    "filename" : "/dev/nvme0"
  },
  "jobs" : [
    {
      "jobname" : "test",
      "groupid" : 0,
      "job_start" : 1744436219303,
      "error" : 0,
      "eta" : 0,
      "elapsed" : 8,
      "job options" : {
        "iodepth" : "1",
        "bs" : "4K",
        "numjobs" : "2",
        "cpus_allowed" : "110",
        "nice" : "-19",
        "type" : "1",
        "intr" : "1",
        "coalescing" : "1"
      },
      "read" : {
        "io_bytes" : 426217472,
        "io_kbytes" : 416228,
        "bw_bytes" : 60879513,
        "bw" : 59452,
        "iops" : 14863.162405,
        "runtime" : 7001,
        "total_ios" : 104057,
        "short_ios" : 0,
        "drop_ios" : 0,
        "slat_ns" : {
          "min" : 155,
          "max" : 15244,
          "mean" : 220.814669,
          "stddev" : 153.624357,
          "N" : 104057
        },
        "clat_ns" : {
          "min" : 6653,
          "max" : 814268,
          "mean" : 133978.481467,
          "stddev" : 5974.993702,
          "N" : 104057
        },
        "lat_ns" : {
          "min" : 6855,
          "max" : 814812,
          "mean" : 134199.296136,
          "stddev" : 5973.563056,
          "N" : 104057,
          "percentile" : {
            "50.000000" : 136192,
            "99.000000" : 148480,
            "99.500000" : 150528,
            "99.900000" : 156672,
            "99.990000" : 171008,
            "99.999000" : 350208
          }
        },
        "bw_min" : 59328,
        "bw_max" : 59800,
        "bw_agg" : 100.000000,
        "bw_mean" : 59461.142857,
        "bw_dev" : 61.077451,
        "bw_samples" : 28,
        "iops_min" : 14832,
        "iops_max" : 14950,
        "iops_mean" : 14865.285714,
        "iops_stddev" : 15.269363,
        "iops_samples" : 28
      },
      "write" : {
        "io_bytes" : 0,
        "io_kbytes" : 0,
        "bw_bytes" : 0,
        "bw" : 0,
        "iops" : 0.000000,
        "runtime" : 0,
        "total_ios" : 0,
        "short_ios" : 0,
        "drop_ios" : 0,
        "slat_ns" : {
          "min" : 0,
          "max" : 0,
          "mean" : 0.000000,
          "stddev" : 0.000000,
          "N" : 0
        },
        "clat_ns" : {
          "min" : 0,
          "max" : 0,
          "mean" : 0.000000,
          "stddev" : 0.000000,
          "N" : 0
        },
        "lat_ns" : {
          "min" : 0,
          "max" : 0,
          "mean" : 0.000000,
          "stddev" : 0.000000,
          "N" : 0
        },
        "bw_min" : 0,
        "bw_max" : 0,
        "bw_agg" : 0.000000,
        "bw_mean" : 0.000000,
        "bw_dev" : 0.000000,
        "bw_samples" : 0,
        "iops_min" : 0,
        "iops_max" : 0,
        "iops_mean" : 0.000000,
        "iops_stddev" : 0.000000,
        "iops_samples" : 0
      },
      "trim" : {
        "io_bytes" : 0,
        "io_kbytes" : 0,
        "bw_bytes" : 0,
        "bw" : 0,
        "iops" : 0.000000,
        "runtime" : 0,
        "total_ios" : 0,
        "short_ios" : 0,
        "drop_ios" : 0,
        "slat_ns" : {
          "min" : 0,
          "max" : 0,
          "mean" : 0.000000,
          "stddev" : 0.000000,
          "N" : 0
        },
        "clat_ns" : {
          "min" : 0,
          "max" : 0,
          "mean" : 0.000000,
          "stddev" : 0.000000,
          "N" : 0
        },
        "lat_ns" : {
          "min" : 0,
          "max" : 0,
          "mean" : 0.000000,
          "stddev" : 0.000000,
          "N" : 0
        },
        "bw_min" : 0,
        "bw_max" : 0,
        "bw_agg" : 0.000000,
        "bw_mean" : 0.000000,
        "bw_dev" : 0.000000,
        "bw_samples" : 0,
        "iops_min" : 0,
        "iops_max" : 0,
        "iops_mean" : 0.000000,
        "iops_stddev" : 0.000000,
        "iops_samples" : 0
      },
      "sync" : {
        "total_ios" : 0,
        "lat_ns" : {
          "min" : 0,
          "max" : 0,
          "mean" : 0.000000,
          "stddev" : 0.000000,
          "N" : 0
        }
      },
      "job_runtime" : 14000,
      "usr_cpu" : 1.271429,
      "sys_cpu" : 1.307143,
      "ctx" : 104068,
      "majf" : 0,
      "minf" : 1102,
      "iodepth_level" : {
        "1" : 100.000000,
        "2" : 0.000000,
        "4" : 0.000000,
        "8" : 0.000000,
        "16" : 0.000000,
        "32" : 0.000000,
        ">=64" : 0.000000
      },
      "iodepth_submit" : {
        "0" : 0.000000,
        "4" : 100.000000,
        "8" : 0.000000,
        "16" : 0.000000,
        "32" : 0.000000,
        "64" : 0.000000,
        ">=64" : 0.000000
      },
      "iodepth_complete" : {
        "0" : 0.000000,
        "4" : 100.000000,
        "8" : 0.000000,
        "16" : 0.000000,
        "32" : 0.000000,
        "64" : 0.000000,
        ">=64" : 0.000000
      },
      "latency_ns" : {
        "2" : 0.000000,
        "4" : 0.000000,
        "10" : 0.000000,
        "20" : 0.000000,
        "50" : 0.000000,
        "100" : 0.000000,
        "250" : 0.000000,
        "500" : 0.000000,
        "750" : 0.000000,
        "1000" : 0.000000
      },
      "latency_us" : {
        "2" : 0.000000,
        "4" : 0.000000,
        "10" : 0.061505,
        "20" : 0.017298,
        "50" : 0.000000,
        "100" : 0.010000,
        "250" : 99.909665,
        "500" : 0.010000,
        "750" : 0.000000,
        "1000" : 0.010000
      },
      "latency_ms" : {
        "2" : 0.000000,
        "4" : 0.000000,
        "10" : 0.000000,
        "20" : 0.000000,
        "50" : 0.000000,
        "100" : 0.000000,
        "250" : 0.000000,
        "500" : 0.000000,
        "750" : 0.000000,
        "1000" : 0.000000,
        "2000" : 0.000000,
        ">=2000" : 0.000000
      },
      "latency_depth" : 1,
      "latency_target" : 0,
      "latency_percentile" : 100.000000,
      "latency_window" : 0
    },
    {
      "jobname" : "tapp",
      "groupid" : 1,
      "job_start" : 1744436219305,
      "error" : 0,
      "eta" : 0,
      "elapsed" : 8,
      "job options" : {
        "iodepth" : "16",
        "bs" : "64K",
        "numjobs" : "1",
        "cpus_allowed" : "110",
        "nice" : "0",
        "type" : "0",
        "intr" : "1"
      },
      "read" : {
        "io_bytes" : 51103858688,
        "io_kbytes" : 49906112,
        "bw_bytes" : 7299508454,
        "bw" : 7128426,
        "iops" : 111381.659763,
        "runtime" : 7001,
        "total_ios" : 779783,
        "short_ios" : 0,
        "drop_ios" : 0,
        "slat_ns" : {
          "min" : 187,
          "max" : 813713,
          "mean" : 265.641893,
          "stddev" : 923.837675,
          "N" : 779783
        },
        "clat_ns" : {
          "min" : 38873,
          "max" : 958280,
          "mean" : 142947.596433,
          "stddev" : 6510.199454,
          "N" : 779783
        },
        "lat_ns" : {
          "min" : 51620,
          "max" : 958550,
          "mean" : 143213.238325,
          "stddev" : 6558.359479,
          "N" : 779783,
          "percentile" : {
            "50.000000" : 142336,
            "99.000000" : 156672,
            "99.500000" : 160768,
            "99.900000" : 166912,
            "99.990000" : 181248,
            "99.999000" : 929792
          }
        },
        "bw_min" : 7118208,
        "bw_max" : 7142220,
        "bw_agg" : 100.000000,
        "bw_mean" : 7130455.714286,
        "bw_dev" : 5536.309121,
        "bw_samples" : 14,
        "iops_min" : 111222,
        "iops_max" : 111597,
        "iops_mean" : 111413.500000,
        "iops_stddev" : 86.476987,