{
  "fio version" : "fio-3.37-2-g07f73",
  "timestamp" : 1744436268,
  "timestamp_ms" : 1744436268383,
  "time" : "Sat Apr 12 05:37:48 2025",
  "global options" : {
    "lat_percentiles" : "1",
    "clat_percentiles" : "0",
    "cpus_allowed_policy" : "shared",
    "ioengine" : "libstorage",
    "rw" : "randread",
    "thread" : "1",
    "group_reporting" : "1",
    "percentile_list" : "50:99:99.5:99.9:99.99:99.999",
    "direct" : "1",
    "verify" : "0",
    "runtime" : "7s",
    "filename" : "/dev/nvme0"
  },
  "jobs" : [
    {
      "jobname" : "test",
      "groupid" : 0,
      "job_start" : 1744436261320,
      "error" : 0,
      "eta" : 0,
      "elapsed" : 8,
      "job options" : {
        "iodepth" : "1",
        "bs" : "4K",
        "numjobs" : "12",
        "cpus_allowed" : "110",
        "nice" : "-19",
        "type" : "1",
        "intr" : "1",
        "coalescing" : "1"
      },
      "read" : {
        "io_bytes" : 2730754048,
        "io_kbytes" : 2666752,
        "bw_bytes" : 390051999,
        "bw" : 380910,
        "iops" : 95227.538923,
        "runtime" : 7001,
        "total_ios" : 666688,
        "short_ios" : 0,
        "drop_ios" : 0,
        "slat_ns" : {
          "min" : 155,
          "max" : 222497,
          "mean" : 245.522274,
          "stddev" : 412.737282,
          "N" : 666688
        },
        "clat_ns" : {
          "min" : 156,
          "max" : 10792757,
          "mean" : 125372.241137,
          "stddev" : 42614.796152,
          "N" : 666688
        },
        "lat_ns" : {
          "min" : 4967,
          "max" : 10799276,
          "mean" : 125617.763411,
          "stddev" : 42624.167440,
          "N" : 666688,
          "percentile" : {
            "50.000000" : 140288,
            "99.000000" : 173056,
            "99.500000" : 177152,
            "99.900000" : 191488,
            "99.990000" : 921600,
            "99.999000" : 3883008
          }
        },
        "bw_min" : 339240,
        "bw_max" : 654848,
        "bw_agg" : 100.000000,
        "bw_mean" : 381193.730769,
        "bw_dev" : 8395.068317,
        "bw_samples" : 166,
        "iops_min" : 84810,
        "iops_max" : 163712,
        "iops_mean" : 95298.379121,
        "iops_stddev" : 2098.763866,
        "iops_samples" : 166
      },
      "write" : {
        "io_bytes" : 0,
        "io_kbytes" : 0,
        "bw_bytes" : 0,
        "bw" : 0,
        "iops" : 0.000000,
        "runtime" : 0,
        "total_ios" : 0,
        "short_ios" : 0,
        "drop_ios" : 0,
        "slat_ns" : {
          "min" : 0,
          "max" : 0,
          "mean" : 0.000000,
          "stddev" : 0.000000,
          "N" : 0
        },
        "clat_ns" : {
          "min" : 0,
          "max" : 0,
          "mean" : 0.000000,
          "stddev" : 0.000000,
          "N" : 0
        },
        "lat_ns" : {
          "min" : 0,
          "max" : 0,
          "mean" : 0.000000,
          "stddev" : 0.000000,
          "N" : 0
        },
        "bw_min" : 0,
        "bw_max" : 0,
        "bw_agg" : 0.000000,
        "bw_mean" : 0.000000,
        "bw_dev" : 0.000000,
        "bw_samples" : 0,
        "iops_min" : 0,
        "iops_max" : 0,
        "iops_mean" : 0.000000,
        "iops_stddev" : 0.000000,
        "iops_samples" : 0
      },
      "trim" : {
        "io_bytes" : 0,
        "io_kbytes" : 0,
        "bw_bytes" : 0,
        "bw" : 0,
        "iops" : 0.000000,
        "runtime" : 0,
        "total_ios" : 0,
        "short_ios" : 0,
        "drop_ios" : 0,
        "slat_ns" : {
          "min" : 0,
          "max" : 0,
          "mean" : 0.000000,
          "stddev" : 0.000000,
          "N" : 0
        },
        "clat_ns" : {
          "min" : 0,
          "max" : 0,
          "mean" : 0.000000,
          "stddev" : 0.000000,
          "N" : 0
        },
        "lat_ns" : {
          "min" : 0,
          "max" : 0,
          "mean" : 0.000000,
          "stddev" : 0.000000,
          "N" : 0
        },
        "bw_min" : 0,
        "bw_max" : 0,
        "bw_agg" : 0.000000,
        "bw_mean" : 0.000000,
        "bw_dev" : 0.000000,
        "bw_samples" : 0,
        "iops_min" : 0,
        "iops_max" : 0,
        "iops_mean" : 0.000000,
        "iops_stddev" : 0.000000,
        "iops_samples" : 0
      },
      "sync" : {
        "total_ios" : 0,
        "lat_ns" : {
          "min" : 0,
          "max" : 0,
          "mean" : 0.000000,
          "stddev" : 0.000000,
          "N" : 0
        }
      },
      "job_runtime" : 84000,
      "usr_cpu" : 1.435714,
      "sys_cpu" : 1.457143,
      "ctx" : 667214,
      "majf" : 0,
      "minf" : 4518,
      "iodepth_level" : {
        "1" : 100.000000,
        "2" : 0.000000,
        "4" : 0.000000,
        "8" : 0.000000,
        "16" : 0.000000,
        "32" : 0.000000,
        ">=64" : 0.000000
      },
      "iodepth_submit" : {
        "0" : 0.000000,
        "4" : 100.000000,
        "8" : 0.000000,
        "16" : 0.000000,
        "32" : 0.000000,
        "64" : 0.000000,
        ">=64" : 0.000000
      },
      "iodepth_complete" : {
        "0" : 0.000000,
        "4" : 100.000000,
        "8" : 0.000000,
        "16" : 0.000000,
        "32" : 0.000000,
        "64" : 0.000000,
        ">=64" : 0.000000
      },
      "latency_ns" : {
        "2" : 0.000000,
        "4" : 0.000000,
        "10" : 0.000000,
        "20" : 0.000000,
        "50" : 0.000000,
        "100" : 0.000000,
        "250" : 0.010000,
        "500" : 0.000000,
        "750" : 0.000000,
        "1000" : 0.000000
      },
      "latency_us" : {
        "2" : 0.000000,
        "4" : 0.010000,
        "10" : 1.696296,
        "20" : 0.823774,
        "50" : 4.162967,
        "100" : 10.707107,
        "250" : 82.584057,
        "500" : 0.010800,
        "750" : 0.010000,
        "1000" : 0.010000
      },
      "latency_ms" : {
        "2" : 0.010000,
        "4" : 0.010000,
        "10" : 0.010000,
        "20" : 0.010000,
        "50" : 0.000000,
        "100" : 0.000000,
        "250" : 0.000000,
        "500" : 0.000000,
        "750" : 0.000000,
        "1000" : 0.000000,
        "2000" : 0.000000,
        ">=2000" : 0.000000
      },
      "latency_depth" : 1,
      "latency_target" : 0,
      "latency_percentile" : 100.000000,
      "latency_window" : 0
    },
    {
      "jobname" : "tapp",
      "groupid" : 1,
      "job_start" : 1744436261345,
      "error" : 0,
      "eta" : 0,
      "elapsed" : 8,
      "job options" : {
        "iodepth" : "16",
        "bs" : "64K",
        "numjobs" : "1",
        "cpus_allowed" : "110",
        "nice" : "0",
        "type" : "0",
        "intr" : "1"
      },
      "read" : {
        "io_bytes" : 44561989632,
        "io_kbytes" : 43517568,
        "bw_bytes" : 6365089220,
        "bw" : 6215907,
        "iops" : 97123.553778,
        "runtime" : 7001,
        "total_ios" : 679962,
        "short_ios" : 0,
        "drop_ios" : 0,
        "slat_ns" : {
          "min" : 169,
          "max" : 36593967,
          "mean" : 324.808888,
          "stddev" : 44379.039415,
          "N" : 679962
        },
        "clat_ns" : {
          "min" : 645,
          "max" : 431079277,
          "mean" : 161505.321186,
          "stddev" : 2117219.984496,
          "N" : 679962
        },
        "lat_ns" : {
          "min" : 37566,
          "max" : 431086608,
          "mean" : 161830.130073,
          "stddev" : 2117684.432619,
          "N" : 679962,
          "percentile" : {
            "50.000000" : 148480,
            "99.000000" : 211968,
            "99.500000" : 216064,
            "99.900000" : 230400,
            "99.990000" : 7962624,
            "99.999000" : 429916160
          }
        },
        "bw_min" : 3262208,
        "bw_max" : 6793088,
        "bw_agg" : 100.000000,
        "bw_mean" : 6216795.428571,
        "bw_dev" : 1260378.490594,
        "bw_samples" : 14,
        "iops_min" : 50972,
        "iops_max" : 106142,
        "iops_mean" : 97137.428571,