{
  "fio version" : "fio-3.37-2-g07f73",
  "timestamp" : 1744429532,
  "timestamp_ms" : 1744429532895,
  "time" : "Sat Apr 12 03:45:32 2025",
  "global options" : {
    "lat_percentiles" : "1",
    "clat_percentiles" : "0",
    "cpus_allowed_policy" : "split",
    "ioengine" : "spdk",
    "rw" : "randread",
    "thread" : "1",
    "group_reporting" : "1",
    "percentile_list" : "50:99:99.5:99.9:99.99:99.999",
    "direct" : "1",
    "verify" : "0",
    "runtime" : "10s",
    "filename" : "trtype=PCIe traddr=0000.c8.00.0"
  },
  "jobs" : [
    {
      "jobname" : "test",
      "groupid" : 0,
      "job_start" : 1744429522653,
      "error" : 0,
      "eta" : 0,
      "elapsed" : 11,
      "job options" : {
        "iodepth" : "1",
        "bs" : "4K",
        "numjobs" : "8",
        "cpus_allowed" : "110",
        "nice" : "0"
      },
      "read" : {
        "io_bytes" : 7551541248,
        "io_kbytes" : 7374552,
        "bw_bytes" : 753421255,
        "bw" : 735762,
        "iops" : 183940.736306,
        "runtime" : 10023,
        "total_ios" : 1843638,
        "short_ios" : 0,
        "drop_ios" : 0,
        "slat_ns" : {
          "min" : 124,
          "max" : 32042338,
          "mean" : 1400.118730,
          "stddev" : 198855.261561,
          "N" : 1843638
        },
        "clat_ns" : {
          "min" : 4091,
          "max" : 48012129,
          "mean" : 38979.192976,
          "stddev" : 1052263.589195,
          "N" : 1843638
        },
        "lat_ns" : {
          "min" : 4298,
          "max" : 48012286,
          "mean" : 40379.311706,
          "stddev" : 1070848.317676,
          "N" : 1843638,
          "percentile" : {
            "50.000000" : 4512,
            "99.000000" : 4768,
            "99.500000" : 7648,
            "99.900000" : 32112640,
            "99.990000" : 32112640,
            "99.999000" : 32112640
          }
        },
        "bw_min" : 670928,
        "bw_max" : 761798,
        "bw_agg" : 100.000000,
        "bw_mean" : 737247.057895,
        "bw_dev" : 2772.617030,
        "bw_samples" : 158,
        "iops_min" : 167732,
        "iops_max" : 190449,
        "iops_mean" : 184311.739474,
        "iops_stddev" : 693.147506,
        "iops_samples" : 158
      },
      "write" : {
        "io_bytes" : 0,
        "io_kbytes" : 0,
        "bw_bytes" : 0,
        "bw" : 0,
        "iops" : 0.000000,
        "runtime" : 0,
        "total_ios" : 0,
        "short_ios" : 0,
        "drop_ios" : 0,
        "slat_ns" : {
          "min" : 0,
          "max" : 0,
          "mean" : 0.000000,
          "stddev" : 0.000000,
          "N" : 0
        },
        "clat_ns" : {
          "min" : 0,
          "max" : 0,
          "mean" : 0.000000,
          "stddev" : 0.000000,
          "N" : 0
        },
        "lat_ns" : {
          "min" : 0,
          "max" : 0,
          "mean" : 0.000000,
          "stddev" : 0.000000,
          "N" : 0
        },
        "bw_min" : 0,
        "bw_max" : 0,
        "bw_agg" : 0.000000,
        "bw_mean" : 0.000000,
        "bw_dev" : 0.000000,
        "bw_samples" : 0,
        "iops_min" : 0,
        "iops_max" : 0,
        "iops_mean" : 0.000000,
        "iops_stddev" : 0.000000,
        "iops_samples" : 0
      },
      "trim" : {
        "io_bytes" : 0,
        "io_kbytes" : 0,
        "bw_bytes" : 0,
        "bw" : 0,
        "iops" : 0.000000,
        "runtime" : 0,
        "total_ios" : 0,
        "short_ios" : 0,
        "drop_ios" : 0,
        "slat_ns" : {
          "min" : 0,
          "max" : 0,
          "mean" : 0.000000,
          "stddev" : 0.000000,
          "N" : 0
        },
        "clat_ns" : {
          "min" : 0,
          "max" : 0,
          "mean" : 0.000000,
          "stddev" : 0.000000,
          "N" : 0
        },
        "lat_ns" : {
          "min" : 0,
          "max" : 0,
          "mean" : 0.000000,
          "stddev" : 0.000000,
          "N" : 0
        },
        "bw_min" : 0,
        "bw_max" : 0,
        "bw_agg" : 0.000000,
        "bw_mean" : 0.000000,
        "bw_dev" : 0.000000,
        "bw_samples" : 0,
        "iops_min" : 0,
        "iops_max" : 0,
        "iops_mean" : 0.000000,
        "iops_stddev" : 0.000000,
        "iops_samples" : 0
      },
      "sync" : {
        "total_ios" : 0,
        "lat_ns" : {
          "min" : 0,
          "max" : 0,
          "mean" : 0.000000,
          "stddev" : 0.000000,
          "N" : 0
        }
      },
      "job_runtime" : 80081,
      "usr_cpu" : 11.092519,
      "sys_cpu" : 0.028721,
      "ctx" : 2233,
      "majf" : 0,
      "minf" : 24299,
      "iodepth_level" : {
        "1" : 100.000000,
        "2" : 0.000000,
        "4" : 0.000000,
        "8" : 0.000000,
        "16" : 0.000000,
        "32" : 0.000000,
        ">=64" : 0.000000
      },
      "iodepth_submit" : {
        "0" : 0.000000,
        "4" : 100.000000,
        "8" : 0.000000,
        "16" : 0.000000,
        "32" : 0.000000,
        "64" : 0.000000,
        ">=64" : 0.000000
      },
      "iodepth_complete" : {
        "0" : 0.000000,
        "4" : 100.000000,
        "8" : 0.000000,
        "16" : 0.000000,
        "32" : 0.000000,
        "64" : 0.000000,
        ">=64" : 0.000000
      },
      "latency_ns" : {
        "2" : 0.000000,
        "4" : 0.000000,
        "10" : 0.000000,
        "20" : 0.000000,
        "50" : 0.000000,
        "100" : 0.000000,
        "250" : 0.000000,
        "500" : 0.000000,
        "750" : 0.000000,
        "1000" : 0.000000
      },
      "latency_us" : {
        "2" : 0.000000,
        "4" : 0.000000,
        "10" : 99.856751,
        "20" : 0.034931,
        "50" : 0.000000,
        "100" : 0.000000,
        "250" : 0.000000,
        "500" : 0.000000,
        "750" : 0.000000,
        "1000" : 0.000000
      },
      "latency_ms" : {
        "2" : 0.000000,
        "4" : 0.000000,
        "10" : 0.010000,
        "20" : 0.010000,
        "50" : 0.108047,
        "100" : 0.000000,
        "250" : 0.000000,
        "500" : 0.000000,
        "750" : 0.000000,
        "1000" : 0.000000,
        "2000" : 0.000000,
        ">=2000" : 0.000000
      },
      "latency_depth" : 1,
      "latency_target" : 0,
      "latency_percentile" : 100.000000,
      "latency_window" : 0
    }
  ]
}
