{
  "fio version" : "fio-3.37-1-g294e-dirty",
  "timestamp" : 1743952526,
  "timestamp_ms" : 1743952526737,
  "time" : "Sun Apr  6 15:15:26 2025",
  "global options" : {
    "lat_percentiles" : "1",
    "clat_percentiles" : "0",
    "cpus_allowed_policy" : "split",
    "ioengine" : "libstorage",
    "rw" : "randread",
    "thread" : "1",
    "group_reporting" : "1",
    "percentile_list" : "50:99:99.5:99.9:99.99:99.999",
    "direct" : "1",
    "verify" : "0",
    "runtime" : "7s",
    "filename" : "/dev/nvme0"
  },
  "jobs" : [
    {
      "jobname" : "test",
      "groupid" : 0,
      "job_start" : 1743952519673,
      "error" : 0,
      "eta" : 0,
      "elapsed" : 8,
      "job options" : {
        "iodepth" : "1",
        "bs" : "4K",
        "numjobs" : "2",
        "cpus_allowed" : "111-113",
        "nice" : "0",
        "type" : "1",
        "intr" : "1",
        "coalescing" : "1"
      },
      "read" : {
        "io_bytes" : 1992560640,
        "io_kbytes" : 1945860,
        "bw_bytes" : 284610861,
        "bw" : 277940,
        "iops" : 69485.073561,
        "runtime" : 7001,
        "total_ios" : 486465,
        "short_ios" : 0,
        "drop_ios" : 0,
        "slat_ns" : {
          "min" : 157,
          "max" : 49703,
          "mean" : 310.860239,
          "stddev" : 129.696722,
          "N" : 486465
        },
        "clat_ns" : {
          "min" : 6043,
          "max" : 4149865,
          "mean" : 28127.638934,
          "stddev" : 6643.069416,
          "N" : 486465
        },
        "lat_ns" : {
          "min" : 6994,
          "max" : 4150121,
          "mean" : 28438.499173,
          "stddev" : 6642.600109,
          "N" : 486465,
          "percentile" : {
            "50.000000" : 27520,
            "99.000000" : 35584,
            "99.500000" : 36608,
            "99.900000" : 38656,
            "99.990000" : 46848,
            "99.999000" : 168960
          }
        },
        "bw_min" : 276520,
        "bw_max" : 278240,
        "bw_agg" : 100.000000,
        "bw_mean" : 277980.000000,
        "bw_dev" : 257.184100,
        "bw_samples" : 28,
        "iops_min" : 69130,
        "iops_max" : 69560,
        "iops_mean" : 69495.000000,
        "iops_stddev" : 64.296025,
        "iops_samples" : 28
      },
      "write" : {
        "io_bytes" : 0,
        "io_kbytes" : 0,
        "bw_bytes" : 0,
        "bw" : 0,
        "iops" : 0.000000,
        "runtime" : 0,
        "total_ios" : 0,
        "short_ios" : 0,
        "drop_ios" : 0,
        "slat_ns" : {
          "min" : 0,
          "max" : 0,
          "mean" : 0.000000,
          "stddev" : 0.000000,
          "N" : 0
        },
        "clat_ns" : {
          "min" : 0,
          "max" : 0,
          "mean" : 0.000000,
          "stddev" : 0.000000,
          "N" : 0
        },
        "lat_ns" : {
          "min" : 0,
          "max" : 0,
          "mean" : 0.000000,
          "stddev" : 0.000000,
          "N" : 0
        },
        "bw_min" : 0,
        "bw_max" : 0,
        "bw_agg" : 0.000000,
        "bw_mean" : 0.000000,
        "bw_dev" : 0.000000,
        "bw_samples" : 0,
        "iops_min" : 0,
        "iops_max" : 0,
        "iops_mean" : 0.000000,
        "iops_stddev" : 0.000000,
        "iops_samples" : 0
      },
      "trim" : {
        "io_bytes" : 0,
        "io_kbytes" : 0,
        "bw_bytes" : 0,
        "bw" : 0,
        "iops" : 0.000000,
        "runtime" : 0,
        "total_ios" : 0,
        "short_ios" : 0,
        "drop_ios" : 0,
        "slat_ns" : {
          "min" : 0,
          "max" : 0,
          "mean" : 0.000000,
          "stddev" : 0.000000,
          "N" : 0
        },
        "clat_ns" : {
          "min" : 0,
          "max" : 0,
          "mean" : 0.000000,
          "stddev" : 0.000000,
          "N" : 0
        },
        "lat_ns" : {
          "min" : 0,
          "max" : 0,
          "mean" : 0.000000,
          "stddev" : 0.000000,
          "N" : 0
        },
        "bw_min" : 0,
        "bw_max" : 0,
        "bw_agg" : 0.000000,
        "bw_mean" : 0.000000,
        "bw_dev" : 0.000000,
        "bw_samples" : 0,
        "iops_min" : 0,
        "iops_max" : 0,
        "iops_mean" : 0.000000,
        "iops_stddev" : 0.000000,
        "iops_samples" : 0
      },
      "sync" : {
        "total_ios" : 0,
        "lat_ns" : {
          "min" : 0,
          "max" : 0,
          "mean" : 0.000000,
          "stddev" : 0.000000,
          "N" : 0
        }
      },
      "job_runtime" : 14000,
      "usr_cpu" : 6.542857,
      "sys_cpu" : 7.214286,
      "ctx" : 486463,
      "majf" : 0,
      "minf" : 1477,
      "iodepth_level" : {
        "1" : 100.000000,
        "2" : 0.000000,
        "4" : 0.000000,
        "8" : 0.000000,
        "16" : 0.000000,
        "32" : 0.000000,
        ">=64" : 0.000000
      },
      "iodepth_submit" : {
        "0" : 0.000000,
        "4" : 100.000000,
        "8" : 0.000000,
        "16" : 0.000000,
        "32" : 0.000000,
        "64" : 0.000000,
        ">=64" : 0.000000
      },
      "iodepth_complete" : {
        "0" : 0.000000,
        "4" : 100.000000,
        "8" : 0.000000,
        "16" : 0.000000,
        "32" : 0.000000,
        "64" : 0.000000,
        ">=64" : 0.000000
      },
      "latency_ns" : {
        "2" : 0.000000,
        "4" : 0.000000,
        "10" : 0.000000,
        "20" : 0.000000,
        "50" : 0.000000,
        "100" : 0.000000,
        "250" : 0.000000,
        "500" : 0.000000,
        "750" : 0.000000,
        "1000" : 0.000000
      },
      "latency_us" : {
        "2" : 0.000000,
        "4" : 0.000000,
        "10" : 0.016240,
        "20" : 0.079142,
        "50" : 99.900301,
        "100" : 0.010000,
        "250" : 0.010000,
        "500" : 0.000000,
        "750" : 0.000000,
        "1000" : 0.010000
      },
      "latency_ms" : {
        "2" : 0.000000,
        "4" : 0.000000,
        "10" : 0.010000,
        "20" : 0.000000,
        "50" : 0.000000,
        "100" : 0.000000,
        "250" : 0.000000,
        "500" : 0.000000,
        "750" : 0.000000,
        "1000" : 0.000000,
        "2000" : 0.000000,
        ">=2000" : 0.000000
      },
      "latency_depth" : 1,
      "latency_target" : 0,
      "latency_percentile" : 100.000000,
      "latency_window" : 0
    },
    {
      "jobname" : "tapp",
      "groupid" : 1,
      "job_start" : 1743952519673,
      "error" : 0,
      "eta" : 0,
      "elapsed" : 8,
      "job options" : {
        "iodepth" : "16",
        "bs" : "64K",
        "numjobs" : "1",
        "cpus_allowed" : "110",
        "nice" : "0",
        "type" : "0",
        "intr" : "1"
      },
      "read" : {
        "io_bytes" : 47828631552,
        "io_kbytes" : 46707648,
        "bw_bytes" : 6831685695,
        "bw" : 6671568,
        "iops" : 104243.250964,
        "runtime" : 7001,
        "total_ios" : 729807,
        "short_ios" : 0,
        "drop_ios" : 0,
        "slat_ns" : {
          "min" : 255,
          "max" : 336530,
          "mean" : 9236.775616,
          "stddev" : 1520.006520,
          "N" : 729807
        },
        "clat_ns" : {
          "min" : 27063,
          "max" : 466413,
          "mean" : 91495.156884,
          "stddev" : 33311.756434,
          "N" : 729807
        },
        "lat_ns" : {
          "min" : 37048,
          "max" : 474328,
          "mean" : 100731.932500,
          "stddev" : 33297.747307,
          "N" : 729807,
          "percentile" : {
            "50.000000" : 101888,
            "99.000000" : 156672,
            "99.500000" : 160768,
            "99.900000" : 173056,
            "99.990000" : 187392,
            "99.999000" : 280576
          }
        },
        "bw_min" : 6663680,
        "bw_max" : 6675584,
        "bw_agg" : 100.000000,
        "bw_mean" : 6672521.142857,
        "bw_dev" : 3031.721290,
        "bw_samples" : 14,
        "iops_min" : 104120,
        "iops_max" : 104306,
        "iops_mean" : 104258.142857,
        "iops_stddev" : 47.370645,