{
  "fio version" : "fio-3.37-1-g294e-dirty",
  "timestamp" : 1744136092,
  "timestamp_ms" : 1744136092033,
  "time" : "Tue Apr  8 18:14:52 2025",
  "global options" : {
    "lat_percentiles" : "1",
    "clat_percentiles" : "0",
    "cpus_allowed_policy" : "split",
    "ioengine" : "libstorage",
    "rw" : "randread",
    "thread" : "1",
    "group_reporting" : "1",
    "percentile_list" : "50:99:99.5:99.9:99.99:99.999",
    "direct" : "1",
    "verify" : "0",
    "runtime" : "7s",
    "filename" : "/dev/nvme0"
  },
  "jobs" : [
    {
      "jobname" : "test",
      "groupid" : 0,
      "job_start" : 1744136084787,
      "error" : 0,
      "eta" : 0,
      "elapsed" : 8,
      "job options" : {
        "iodepth" : "1",
        "bs" : "4K",
        "numjobs" : "9",
        "cpus_allowed" : "111-115",
        "nice" : "-19",
        "type" : "1",
        "intr" : "1",
        "coalescing" : "1"
      },
      "read" : {
        "io_bytes" : 5022695424,
        "io_kbytes" : 4904976,
        "bw_bytes" : 717118135,
        "bw" : 700310,
        "iops" : 175077.669903,
        "runtime" : 7004,
        "total_ios" : 1226244,
        "short_ios" : 0,
        "drop_ios" : 0,
        "slat_ns" : {
          "min" : 119,
          "max" : 4011976,
          "mean" : 449.651642,
          "stddev" : 28501.141263,
          "N" : 1226244
        },
        "clat_ns" : {
          "min" : 187,
          "max" : 12046958,
          "mean" : 50514.031981,
          "stddev" : 304598.114813,
          "N" : 1226244
        },
        "lat_ns" : {
          "min" : 4573,
          "max" : 12047197,
          "mean" : 50963.683623,
          "stddev" : 305911.446410,
          "N" : 1226244,
          "percentile" : {
            "50.000000" : 29568,
            "99.000000" : 38144,
            "99.500000" : 4014080,
            "99.900000" : 4046848,
            "99.990000" : 4046848,
            "99.999000" : 11993088
          }
        },
        "bw_min" : 679136,
        "bw_max" : 905312,
        "bw_agg" : 100.000000,
        "bw_mean" : 700727.785714,
        "bw_dev" : 8245.348159,
        "bw_samples" : 126,
        "iops_min" : 169784,
        "iops_max" : 226328,
        "iops_mean" : 175181.857143,
        "iops_stddev" : 2061.337018,
        "iops_samples" : 126
      },
      "write" : {
        "io_bytes" : 0,
        "io_kbytes" : 0,
        "bw_bytes" : 0,
        "bw" : 0,
        "iops" : 0.000000,
        "runtime" : 0,
        "total_ios" : 0,
        "short_ios" : 0,
        "drop_ios" : 0,
        "slat_ns" : {
          "min" : 0,
          "max" : 0,
          "mean" : 0.000000,
          "stddev" : 0.000000,
          "N" : 0
        },
        "clat_ns" : {
          "min" : 0,
          "max" : 0,
          "mean" : 0.000000,
          "stddev" : 0.000000,
          "N" : 0
        },
        "lat_ns" : {
          "min" : 0,
          "max" : 0,
          "mean" : 0.000000,
          "stddev" : 0.000000,
          "N" : 0
        },
        "bw_min" : 0,
        "bw_max" : 0,
        "bw_agg" : 0.000000,
        "bw_mean" : 0.000000,
        "bw_dev" : 0.000000,
        "bw_samples" : 0,
        "iops_min" : 0,
        "iops_max" : 0,
        "iops_mean" : 0.000000,
        "iops_stddev" : 0.000000,
        "iops_samples" : 0
      },
      "trim" : {
        "io_bytes" : 0,
        "io_kbytes" : 0,
        "bw_bytes" : 0,
        "bw" : 0,
        "iops" : 0.000000,
        "runtime" : 0,
        "total_ios" : 0,
        "short_ios" : 0,
        "drop_ios" : 0,
        "slat_ns" : {
          "min" : 0,
          "max" : 0,
          "mean" : 0.000000,
          "stddev" : 0.000000,
          "N" : 0
        },
        "clat_ns" : {
          "min" : 0,
          "max" : 0,
          "mean" : 0.000000,
          "stddev" : 0.000000,
          "N" : 0
        },
        "lat_ns" : {
          "min" : 0,
          "max" : 0,
          "mean" : 0.000000,
          "stddev" : 0.000000,
          "N" : 0
        },
        "bw_min" : 0,
        "bw_max" : 0,
        "bw_agg" : 0.000000,
        "bw_mean" : 0.000000,
        "bw_dev" : 0.000000,
        "bw_samples" : 0,
        "iops_min" : 0,
        "iops_max" : 0,
        "iops_mean" : 0.000000,
        "iops_stddev" : 0.000000,
        "iops_samples" : 0
      },
      "sync" : {
        "total_ios" : 0,
        "lat_ns" : {
          "min" : 0,
          "max" : 0,
          "mean" : 0.000000,
          "stddev" : 0.000000,
          "N" : 0
        }
      },
      "job_runtime" : 63011,
      "usr_cpu" : 55.677580,
      "sys_cpu" : 0.030153,
      "ctx" : 7644,
      "majf" : 0,
      "minf" : 6516,
      "iodepth_level" : {
        "1" : 100.000000,
        "2" : 0.000000,
        "4" : 0.000000,
        "8" : 0.000000,
        "16" : 0.000000,
        "32" : 0.000000,
        ">=64" : 0.000000
      },
      "iodepth_submit" : {
        "0" : 0.000000,
        "4" : 100.000000,
        "8" : 0.000000,
        "16" : 0.000000,
        "32" : 0.000000,
        "64" : 0.000000,
        ">=64" : 0.000000
      },
      "iodepth_complete" : {
        "0" : 0.000000,
        "4" : 100.000000,
        "8" : 0.000000,
        "16" : 0.000000,
        "32" : 0.000000,
        "64" : 0.000000,
        ">=64" : 0.000000
      },
      "latency_ns" : {
        "2" : 0.000000,
        "4" : 0.000000,
        "10" : 0.000000,
        "20" : 0.000000,
        "50" : 0.000000,
        "100" : 0.000000,
        "250" : 0.010000,
        "500" : 0.010000,
        "750" : 0.000000,
        "1000" : 0.000000
      },
      "latency_us" : {
        "2" : 0.000000,
        "4" : 0.010000,
        "10" : 2.323926,
        "20" : 5.350730,
        "50" : 91.772763,
        "100" : 0.010000,
        "250" : 0.010000,
        "500" : 0.010000,
        "750" : 0.010000,
        "1000" : 0.010000
      },
      "latency_ms" : {
        "2" : 0.000000,
        "4" : 0.010000,
        "10" : 0.545976,
        "20" : 0.010000,
        "50" : 0.000000,
        "100" : 0.000000,
        "250" : 0.000000,
        "500" : 0.000000,
        "750" : 0.000000,
        "1000" : 0.000000,
        "2000" : 0.000000,
        ">=2000" : 0.000000
      },
      "latency_depth" : 1,
      "latency_target" : 0,
      "latency_percentile" : 100.000000,
      "latency_window" : 0
    },
    {
      "jobname" : "tapp",
      "groupid" : 1,
      "job_start" : 1744136084823,
      "error" : 0,
      "eta" : 0,
      "elapsed" : 8,
      "job options" : {
        "iodepth" : "16",
        "bs" : "64K",
        "numjobs" : "1",
        "cpus_allowed" : "110",
        "nice" : "19",
        "type" : "0",
        "intr" : "1"
      },
      "read" : {
        "io_bytes" : 44770131968,
        "io_kbytes" : 43720832,
        "bw_bytes" : 6394819592,
        "bw" : 6244941,
        "iops" : 97577.203257,
        "runtime" : 7001,
        "total_ios" : 683138,
        "short_ios" : 0,
        "drop_ios" : 0,
        "slat_ns" : {
          "min" : 255,
          "max" : 129634,
          "mean" : 9901.242497,
          "stddev" : 1535.102202,
          "N" : 683138
        },
        "clat_ns" : {
          "min" : 26103,
          "max" : 265903,
          "mean" : 97747.550158,
          "stddev" : 35531.216185,
          "N" : 683138
        },
        "lat_ns" : {
          "min" : 38537,
          "max" : 284946,
          "mean" : 107648.792655,
          "stddev" : 35506.783147,
          "N" : 683138,
          "percentile" : {
            "50.000000" : 109056,
            "99.000000" : 166912,
            "99.500000" : 171008,
            "99.900000" : 183296,
            "99.990000" : 195584,
            "99.999000" : 226304
          }
        },
        "bw_min" : 6238336,
        "bw_max" : 6249984,
        "bw_agg" : 100.000000,
        "bw_mean" : 6245833.142857,
        "bw_dev" : 3484.405851,
        "bw_samples" : 14,
        "iops_min" : 97474,
        "iops_max" : 97656,
        "iops_mean" : 97591.142857,