{
  "fio version" : "fio-3.37-1-g294e-dirty",
  "timestamp" : 1744136082,
  "timestamp_ms" : 1744136082935,
  "time" : "Tue Apr  8 18:14:42 2025",
  "global options" : {
    "lat_percentiles" : "1",
    "clat_percentiles" : "0",
    "cpus_allowed_policy" : "split",
    "ioengine" : "libstorage",
    "rw" : "randread",
    "thread" : "1",
    "group_reporting" : "1",
    "percentile_list" : "50:99:99.5:99.9:99.99:99.999",
    "direct" : "1",
    "verify" : "0",
    "runtime" : "7s",
    "filename" : "/dev/nvme0"
  },
  "jobs" : [
    {
      "jobname" : "test",
      "groupid" : 0,
      "job_start" : 1744136075738,
      "error" : 0,
      "eta" : 0,
      "elapsed" : 8,
      "job options" : {
        "iodepth" : "1",
        "bs" : "4K",
        "numjobs" : "6",
        "cpus_allowed" : "111-115",
        "nice" : "-19",
        "type" : "1",
        "intr" : "1",
        "coalescing" : "1"
      },
      "read" : {
        "io_bytes" : 4858490880,
        "io_kbytes" : 4744620,
        "bw_bytes" : 693970987,
        "bw" : 677706,
        "iops" : 169426.510499,
        "runtime" : 7001,
        "total_ios" : 1186155,
        "short_ios" : 0,
        "drop_ios" : 0,
        "slat_ns" : {
          "min" : 119,
          "max" : 4013681,
          "mean" : 286.972856,
          "stddev" : 13143.713417,
          "N" : 1186155
        },
        "clat_ns" : {
          "min" : 282,
          "max" : 12021393,
          "mean" : 34857.667477,
          "stddev" : 154496.804157,
          "N" : 1186155
        },
        "lat_ns" : {
          "min" : 4636,
          "max" : 12021808,
          "mean" : 35144.640333,
          "stddev" : 155053.628987,
          "N" : 1186155,
          "percentile" : {
            "50.000000" : 29568,
            "99.000000" : 37120,
            "99.500000" : 38656,
            "99.900000" : 4014080,
            "99.990000" : 4046848,
            "99.999000" : 8028160
          }
        },
        "bw_min" : 672536,
        "bw_max" : 686680,
        "bw_agg" : 100.000000,
        "bw_mean" : 677802.857143,
        "bw_dev" : 820.256624,
        "bw_samples" : 84,
        "iops_min" : 168134,
        "iops_max" : 171670,
        "iops_mean" : 169450.714286,
        "iops_stddev" : 205.064156,
        "iops_samples" : 84
      },
      "write" : {
        "io_bytes" : 0,
        "io_kbytes" : 0,
        "bw_bytes" : 0,
        "bw" : 0,
        "iops" : 0.000000,
        "runtime" : 0,
        "total_ios" : 0,
        "short_ios" : 0,
        "drop_ios" : 0,
        "slat_ns" : {
          "min" : 0,
          "max" : 0,
          "mean" : 0.000000,
          "stddev" : 0.000000,
          "N" : 0
        },
        "clat_ns" : {
          "min" : 0,
          "max" : 0,
          "mean" : 0.000000,
          "stddev" : 0.000000,
          "N" : 0
        },
        "lat_ns" : {
          "min" : 0,
          "max" : 0,
          "mean" : 0.000000,
          "stddev" : 0.000000,
          "N" : 0
        },
        "bw_min" : 0,
        "bw_max" : 0,
        "bw_agg" : 0.000000,
        "bw_mean" : 0.000000,
        "bw_dev" : 0.000000,
        "bw_samples" : 0,
        "iops_min" : 0,
        "iops_max" : 0,
        "iops_mean" : 0.000000,
        "iops_stddev" : 0.000000,
        "iops_samples" : 0
      },
      "trim" : {
        "io_bytes" : 0,
        "io_kbytes" : 0,
        "bw_bytes" : 0,
        "bw" : 0,
        "iops" : 0.000000,
        "runtime" : 0,
        "total_ios" : 0,
        "short_ios" : 0,
        "drop_ios" : 0,
        "slat_ns" : {
          "min" : 0,
          "max" : 0,
          "mean" : 0.000000,
          "stddev" : 0.000000,
          "N" : 0
        },
        "clat_ns" : {
          "min" : 0,
          "max" : 0,
          "mean" : 0.000000,
          "stddev" : 0.000000,
          "N" : 0
        },
        "lat_ns" : {
          "min" : 0,
          "max" : 0,
          "mean" : 0.000000,
          "stddev" : 0.000000,
          "N" : 0
        },
        "bw_min" : 0,
        "bw_max" : 0,
        "bw_agg" : 0.000000,
        "bw_mean" : 0.000000,
        "bw_dev" : 0.000000,
        "bw_samples" : 0,
        "iops_min" : 0,
        "iops_max" : 0,
        "iops_mean" : 0.000000,
        "iops_stddev" : 0.000000,
        "iops_samples" : 0
      },
      "sync" : {
        "total_ios" : 0,
        "lat_ns" : {
          "min" : 0,
          "max" : 0,
          "mean" : 0.000000,
          "stddev" : 0.000000,
          "N" : 0
        }
      },
      "job_runtime" : 42000,
      "usr_cpu" : 83.283333,
      "sys_cpu" : 0.000000,
      "ctx" : 4506,
      "majf" : 0,
      "minf" : 4241,
      "iodepth_level" : {
        "1" : 100.000000,
        "2" : 0.000000,
        "4" : 0.000000,
        "8" : 0.000000,
        "16" : 0.000000,
        "32" : 0.000000,
        ">=64" : 0.000000
      },
      "iodepth_submit" : {
        "0" : 0.000000,
        "4" : 100.000000,
        "8" : 0.000000,
        "16" : 0.000000,
        "32" : 0.000000,
        "64" : 0.000000,
        ">=64" : 0.000000
      },
      "iodepth_complete" : {
        "0" : 0.000000,
        "4" : 100.000000,
        "8" : 0.000000,
        "16" : 0.000000,
        "32" : 0.000000,
        "64" : 0.000000,
        ">=64" : 0.000000
      },
      "latency_ns" : {
        "2" : 0.000000,
        "4" : 0.000000,
        "10" : 0.000000,
        "20" : 0.000000,
        "50" : 0.000000,
        "100" : 0.000000,
        "250" : 0.000000,
        "500" : 0.010000,
        "750" : 0.000000,
        "1000" : 0.000000
      },
      "latency_us" : {
        "2" : 0.000000,
        "4" : 0.010000,
        "10" : 0.132529,
        "20" : 4.450346,
        "50" : 95.269337,
        "100" : 0.010000,
        "250" : 0.010000,
        "500" : 0.000000,
        "750" : 0.010000,
        "1000" : 0.000000
      },
      "latency_ms" : {
        "2" : 0.000000,
        "4" : 0.010000,
        "10" : 0.143152,
        "20" : 0.010000,
        "50" : 0.000000,
        "100" : 0.000000,
        "250" : 0.000000,
        "500" : 0.000000,
        "750" : 0.000000,
        "1000" : 0.000000,
        "2000" : 0.000000,
        ">=2000" : 0.000000
      },
      "latency_depth" : 1,
      "latency_target" : 0,
      "latency_percentile" : 100.000000,
      "latency_window" : 0
    },
    {
      "jobname" : "tapp",
      "groupid" : 1,
      "job_start" : 1744136075737,
      "error" : 0,
      "eta" : 0,
      "elapsed" : 8,
      "job options" : {
        "iodepth" : "16",
        "bs" : "64K",
        "numjobs" : "1",
        "cpus_allowed" : "110",
        "nice" : "19",
        "type" : "0",
        "intr" : "1"
      },
      "read" : {
        "io_bytes" : 44856508416,
        "io_kbytes" : 43805184,
        "bw_bytes" : 6407157322,
        "bw" : 6256989,
        "iops" : 97765.462077,
        "runtime" : 7001,
        "total_ios" : 684456,
        "short_ios" : 0,
        "drop_ios" : 0,
        "slat_ns" : {
          "min" : 242,
          "max" : 74562,
          "mean" : 9879.243396,
          "stddev" : 1456.387576,
          "N" : 684456
        },
        "clat_ns" : {
          "min" : 997,
          "max" : 252535,
          "mean" : 97559.883275,
          "stddev" : 35466.684221,
          "N" : 684456
        },
        "lat_ns" : {
          "min" : 39344,
          "max" : 253021,
          "mean" : 107439.126671,
          "stddev" : 35438.650521,
          "N" : 684456,
          "percentile" : {
            "50.000000" : 109056,
            "99.000000" : 166912,
            "99.500000" : 171008,
            "99.900000" : 183296,
            "99.990000" : 195584,
            "99.999000" : 211968
          }
        },
        "bw_min" : 6234496,
        "bw_max" : 6267008,
        "bw_agg" : 99.999975,
        "bw_mean" : 6256988.571429,
        "bw_dev" : 7295.217714,
        "bw_samples" : 14,
        "iops_min" : 97414,
        "iops_max" : 97922,
        "iops_mean" : 97765.428571,