{
  "fio version" : "fio-3.37-1-g294e-dirty",
  "timestamp" : 1743952544,
  "timestamp_ms" : 1743952544441,
  "time" : "Sun Apr  6 15:15:44 2025",
  "global options" : {
    "lat_percentiles" : "1",
    "clat_percentiles" : "0",
    "cpus_allowed_policy" : "split",
    "ioengine" : "libstorage",
    "rw" : "randread",
    "thread" : "1",
    "group_reporting" : "1",
    "percentile_list" : "50:99:99.5:99.9:99.99:99.999",
    "direct" : "1",
    "verify" : "0",
    "runtime" : "7s",
    "filename" : "/dev/nvme0"
  },
  "jobs" : [
    {
      "jobname" : "test",
      "groupid" : 0,
      "job_start" : 1743952537303,
      "error" : 0,
      "eta" : 0,
      "elapsed" : 8,
      "job options" : {
        "iodepth" : "1",
        "bs" : "4K",
        "numjobs" : "8",
        "cpus_allowed" : "111-113",
        "nice" : "0",
        "type" : "1",
        "intr" : "1",
        "coalescing" : "1"
      },
      "read" : {
        "io_bytes" : 7120359424,
        "io_kbytes" : 6953476,
        "bw_bytes" : 1016903659,
        "bw" : 993069,
        "iops" : 248267.495001,
        "runtime" : 7002,
        "total_ios" : 1738369,
        "short_ios" : 0,
        "drop_ios" : 0,
        "slat_ns" : {
          "min" : 144,
          "max" : 56690,
          "mean" : 256.077310,
          "stddev" : 100.954813,
          "N" : 1738369
        },
        "clat_ns" : {
          "min" : 5805,
          "max" : 1810554,
          "mean" : 31609.772056,
          "stddev" : 2866.829302,
          "N" : 1738369
        },
        "lat_ns" : {
          "min" : 6720,
          "max" : 1819788,
          "mean" : 31865.849366,
          "stddev" : 2873.944819,
          "N" : 1738369,
          "percentile" : {
            "50.000000" : 31360,
            "99.000000" : 38656,
            "99.500000" : 40192,
            "99.900000" : 43264,
            "99.990000" : 50944,
            "99.999000" : 107008
          }
        },
        "bw_min" : 991760,
        "bw_max" : 994720,
        "bw_agg" : 100.000000,
        "bw_mean" : 993406.857143,
        "bw_dev" : 103.105948,
        "bw_samples" : 112,
        "iops_min" : 247940,
        "iops_max" : 248680,
        "iops_mean" : 248351.714286,
        "iops_stddev" : 25.776487,
        "iops_samples" : 112
      },
      "write" : {
        "io_bytes" : 0,
        "io_kbytes" : 0,
        "bw_bytes" : 0,
        "bw" : 0,
        "iops" : 0.000000,
        "runtime" : 0,
        "total_ios" : 0,
        "short_ios" : 0,
        "drop_ios" : 0,
        "slat_ns" : {
          "min" : 0,
          "max" : 0,
          "mean" : 0.000000,
          "stddev" : 0.000000,
          "N" : 0
        },
        "clat_ns" : {
          "min" : 0,
          "max" : 0,
          "mean" : 0.000000,
          "stddev" : 0.000000,
          "N" : 0
        },
        "lat_ns" : {
          "min" : 0,
          "max" : 0,
          "mean" : 0.000000,
          "stddev" : 0.000000,
          "N" : 0
        },
        "bw_min" : 0,
        "bw_max" : 0,
        "bw_agg" : 0.000000,
        "bw_mean" : 0.000000,
        "bw_dev" : 0.000000,
        "bw_samples" : 0,
        "iops_min" : 0,
        "iops_max" : 0,
        "iops_mean" : 0.000000,
        "iops_stddev" : 0.000000,
        "iops_samples" : 0
      },
      "trim" : {
        "io_bytes" : 0,
        "io_kbytes" : 0,
        "bw_bytes" : 0,
        "bw" : 0,
        "iops" : 0.000000,
        "runtime" : 0,
        "total_ios" : 0,
        "short_ios" : 0,
        "drop_ios" : 0,
        "slat_ns" : {
          "min" : 0,
          "max" : 0,
          "mean" : 0.000000,
          "stddev" : 0.000000,
          "N" : 0
        },
        "clat_ns" : {
          "min" : 0,
          "max" : 0,
          "mean" : 0.000000,
          "stddev" : 0.000000,
          "N" : 0
        },
        "lat_ns" : {
          "min" : 0,
          "max" : 0,
          "mean" : 0.000000,
          "stddev" : 0.000000,
          "N" : 0
        },
        "bw_min" : 0,
        "bw_max" : 0,
        "bw_agg" : 0.000000,
        "bw_mean" : 0.000000,
        "bw_dev" : 0.000000,
        "bw_samples" : 0,
        "iops_min" : 0,
        "iops_max" : 0,
        "iops_mean" : 0.000000,
        "iops_stddev" : 0.000000,
        "iops_samples" : 0
      },
      "sync" : {
        "total_ios" : 0,
        "lat_ns" : {
          "min" : 0,
          "max" : 0,
          "mean" : 0.000000,
          "stddev" : 0.000000,
          "N" : 0
        }
      },
      "job_runtime" : 56001,
      "usr_cpu" : 6.896305,
      "sys_cpu" : 6.017750,
      "ctx" : 1738493,
      "majf" : 0,
      "minf" : 5590,
      "iodepth_level" : {
        "1" : 100.000000,
        "2" : 0.000000,
        "4" : 0.000000,
        "8" : 0.000000,
        "16" : 0.000000,
        "32" : 0.000000,
        ">=64" : 0.000000
      },
      "iodepth_submit" : {
        "0" : 0.000000,
        "4" : 100.000000,
        "8" : 0.000000,
        "16" : 0.000000,
        "32" : 0.000000,
        "64" : 0.000000,
        ">=64" : 0.000000
      },
      "iodepth_complete" : {
        "0" : 0.000000,
        "4" : 100.000000,
        "8" : 0.000000,
        "16" : 0.000000,
        "32" : 0.000000,
        "64" : 0.000000,
        ">=64" : 0.000000
      },
      "latency_ns" : {
        "2" : 0.000000,
        "4" : 0.000000,
        "10" : 0.000000,
        "20" : 0.000000,
        "50" : 0.000000,
        "100" : 0.000000,
        "250" : 0.000000,
        "500" : 0.000000,
        "750" : 0.000000,
        "1000" : 0.000000
      },
      "latency_us" : {
        "2" : 0.000000,
        "4" : 0.000000,
        "10" : 0.025196,
        "20" : 0.021399,
        "50" : 99.941900,
        "100" : 0.010470,
        "250" : 0.010000,
        "500" : 0.000000,
        "750" : 0.000000,
        "1000" : 0.010000
      },
      "latency_ms" : {
        "2" : 0.010000,
        "4" : 0.000000,
        "10" : 0.000000,
        "20" : 0.000000,
        "50" : 0.000000,
        "100" : 0.000000,
        "250" : 0.000000,
        "500" : 0.000000,
        "750" : 0.000000,
        "1000" : 0.000000,
        "2000" : 0.000000,
        ">=2000" : 0.000000
      },
      "latency_depth" : 1,
      "latency_target" : 0,
      "latency_percentile" : 100.000000,
      "latency_window" : 0
    },
    {
      "jobname" : "tapp",
      "groupid" : 1,
      "job_start" : 1743952537303,
      "error" : 0,
      "eta" : 0,
      "elapsed" : 8,
      "job options" : {
        "iodepth" : "16",
        "bs" : "64K",
        "numjobs" : "1",
        "cpus_allowed" : "110",
        "nice" : "0",
        "type" : "0",
        "intr" : "1"
      },
      "read" : {
        "io_bytes" : 42721673216,
        "io_kbytes" : 41720384,
        "bw_bytes" : 6102224427,
        "bw" : 5959203,
        "iops" : 93112.555349,
        "runtime" : 7001,
        "total_ios" : 651881,
        "short_ios" : 0,
        "drop_ios" : 0,
        "slat_ns" : {
          "min" : 246,
          "max" : 532946,
          "mean" : 10383.514410,
          "stddev" : 1904.277232,
          "N" : 651881
        },
        "clat_ns" : {
          "min" : 34363,
          "max" : 670954,
          "mean" : 102390.073796,
          "stddev" : 37259.578314,
          "N" : 651881
        },
        "lat_ns" : {
          "min" : 45360,
          "max" : 678786,
          "mean" : 112773.588206,
          "stddev" : 37236.488768,
          "N" : 651881,
          "percentile" : {
            "50.000000" : 114176,
            "99.000000" : 175104,
            "99.500000" : 179200,
            "99.900000" : 191488,
            "99.990000" : 203776,
            "99.999000" : 618496
          }
        },
        "bw_min" : 5944832,
        "bw_max" : 5967616,
        "bw_agg" : 100.000000,
        "bw_mean" : 5960054.857143,
        "bw_dev" : 5212.086174,
        "bw_samples" : 14,
        "iops_min" : 92888,
        "iops_max" : 93244,
        "iops_mean" : 93125.857143,