{
  "fio version" : "fio-3.37-1-g294e-dirty",
  "timestamp" : 1744136074,
  "timestamp_ms" : 1744136074098,
  "time" : "Tue Apr  8 18:14:34 2025",
  "global options" : {
    "lat_percentiles" : "1",
    "clat_percentiles" : "0",
    "cpus_allowed_policy" : "split",
    "ioengine" : "libstorage",
    "rw" : "randread",
    "thread" : "1",
    "group_reporting" : "1",
    "percentile_list" : "50:99:99.5:99.9:99.99:99.999",
    "direct" : "1",
    "verify" : "0",
    "runtime" : "7s",
    "filename" : "/dev/nvme0"
  },
  "jobs" : [
    {
      "jobname" : "test",
      "groupid" : 0,
      "job_start" : 1744136066860,
      "error" : 0,
      "eta" : 0,
      "elapsed" : 8,
      "job options" : {
        "iodepth" : "1",
        "bs" : "4K",
        "numjobs" : "3",
        "cpus_allowed" : "111-115",
        "nice" : "-19",
        "type" : "1",
        "intr" : "1",
        "coalescing" : "1"
      },
      "read" : {
        "io_bytes" : 2995167232,
        "io_kbytes" : 2924968,
        "bw_bytes" : 427881033,
        "bw" : 417852,
        "iops" : 104463.142857,
        "runtime" : 7000,
        "total_ios" : 731242,
        "short_ios" : 0,
        "drop_ios" : 0,
        "slat_ns" : {
          "min" : 117,
          "max" : 65168,
          "mean" : 272.959536,
          "stddev" : 161.137752,
          "N" : 731242
        },
        "clat_ns" : {
          "min" : 327,
          "max" : 178309,
          "mean" : 28207.958259,
          "stddev" : 3207.974684,
          "N" : 731242
        },
        "lat_ns" : {
          "min" : 4725,
          "max" : 178636,
          "mean" : 28480.917795,
          "stddev" : 3209.832959,
          "N" : 731242,
          "percentile" : {
            "50.000000" : 28288,
            "99.000000" : 36096,
            "99.500000" : 37120,
            "99.900000" : 39168,
            "99.990000" : 44800,
            "99.999000" : 53504
          }
        },
        "bw_min" : 416208,
        "bw_max" : 419584,
        "bw_agg" : 100.000000,
        "bw_mean" : 417891.428571,
        "bw_dev" : 352.107364,
        "bw_samples" : 42,
        "iops_min" : 104052,
        "iops_max" : 104896,
        "iops_mean" : 104472.857143,
        "iops_stddev" : 88.026841,
        "iops_samples" : 42
      },
      "write" : {
        "io_bytes" : 0,
        "io_kbytes" : 0,
        "bw_bytes" : 0,
        "bw" : 0,
        "iops" : 0.000000,
        "runtime" : 0,
        "total_ios" : 0,
        "short_ios" : 0,
        "drop_ios" : 0,
        "slat_ns" : {
          "min" : 0,
          "max" : 0,
          "mean" : 0.000000,
          "stddev" : 0.000000,
          "N" : 0
        },
        "clat_ns" : {
          "min" : 0,
          "max" : 0,
          "mean" : 0.000000,
          "stddev" : 0.000000,
          "N" : 0
        },
        "lat_ns" : {
          "min" : 0,
          "max" : 0,
          "mean" : 0.000000,
          "stddev" : 0.000000,
          "N" : 0
        },
        "bw_min" : 0,
        "bw_max" : 0,
        "bw_agg" : 0.000000,
        "bw_mean" : 0.000000,
        "bw_dev" : 0.000000,
        "bw_samples" : 0,
        "iops_min" : 0,
        "iops_max" : 0,
        "iops_mean" : 0.000000,
        "iops_stddev" : 0.000000,
        "iops_samples" : 0
      },
      "trim" : {
        "io_bytes" : 0,
        "io_kbytes" : 0,
        "bw_bytes" : 0,
        "bw" : 0,
        "iops" : 0.000000,
        "runtime" : 0,
        "total_ios" : 0,
        "short_ios" : 0,
        "drop_ios" : 0,
        "slat_ns" : {
          "min" : 0,
          "max" : 0,
          "mean" : 0.000000,
          "stddev" : 0.000000,
          "N" : 0
        },
        "clat_ns" : {
          "min" : 0,
          "max" : 0,
          "mean" : 0.000000,
          "stddev" : 0.000000,
          "N" : 0
        },
        "lat_ns" : {
          "min" : 0,
          "max" : 0,
          "mean" : 0.000000,
          "stddev" : 0.000000,
          "N" : 0
        },
        "bw_min" : 0,
        "bw_max" : 0,
        "bw_agg" : 0.000000,
        "bw_mean" : 0.000000,
        "bw_dev" : 0.000000,
        "bw_samples" : 0,
        "iops_min" : 0,
        "iops_max" : 0,
        "iops_mean" : 0.000000,
        "iops_stddev" : 0.000000,
        "iops_samples" : 0
      },
      "sync" : {
        "total_ios" : 0,
        "lat_ns" : {
          "min" : 0,
          "max" : 0,
          "mean" : 0.000000,
          "stddev" : 0.000000,
          "N" : 0
        }
      },
      "job_runtime" : 21000,
      "usr_cpu" : 99.904762,
      "sys_cpu" : 0.028571,
      "ctx" : 2076,
      "majf" : 0,
      "minf" : 2365,
      "iodepth_level" : {
        "1" : 100.000000,
        "2" : 0.000000,
        "4" : 0.000000,
        "8" : 0.000000,
        "16" : 0.000000,
        "32" : 0.000000,
        ">=64" : 0.000000
      },
      "iodepth_submit" : {
        "0" : 0.000000,
        "4" : 100.000000,
        "8" : 0.000000,
        "16" : 0.000000,
        "32" : 0.000000,
        "64" : 0.000000,
        ">=64" : 0.000000
      },
      "iodepth_complete" : {
        "0" : 0.000000,
        "4" : 100.000000,
        "8" : 0.000000,
        "16" : 0.000000,
        "32" : 0.000000,
        "64" : 0.000000,
        ">=64" : 0.000000
      },
      "latency_ns" : {
        "2" : 0.000000,
        "4" : 0.000000,
        "10" : 0.000000,
        "20" : 0.000000,
        "50" : 0.000000,
        "100" : 0.000000,
        "250" : 0.000000,
        "500" : 0.010000,
        "750" : 0.010000,
        "1000" : 0.000000
      },
      "latency_us" : {
        "2" : 0.000000,
        "4" : 0.010000,
        "10" : 0.056206,
        "20" : 6.633919,
        "50" : 93.308098,
        "100" : 0.010000,
        "250" : 0.010000,
        "500" : 0.000000,
        "750" : 0.000000,
        "1000" : 0.000000
      },
      "latency_ms" : {
        "2" : 0.000000,
        "4" : 0.000000,
        "10" : 0.000000,
        "20" : 0.000000,
        "50" : 0.000000,
        "100" : 0.000000,
        "250" : 0.000000,
        "500" : 0.000000,
        "750" : 0.000000,
        "1000" : 0.000000,
        "2000" : 0.000000,
        ">=2000" : 0.000000
      },
      "latency_depth" : 1,
      "latency_target" : 0,
      "latency_percentile" : 100.000000,
      "latency_window" : 0
    },
    {
      "jobname" : "tapp",
      "groupid" : 1,
      "job_start" : 1744136066860,
      "error" : 0,
      "eta" : 0,
      "elapsed" : 8,
      "job options" : {
        "iodepth" : "16",
        "bs" : "64K",
        "numjobs" : "1",
        "cpus_allowed" : "110",
        "nice" : "19",
        "type" : "0",
        "intr" : "1"
      },
      "read" : {
        "io_bytes" : 46715043840,
        "io_kbytes" : 45620160,
        "bw_bytes" : 6672624459,
        "bw" : 6516234,
        "iops" : 101816.169119,
        "runtime" : 7001,
        "total_ios" : 712815,
        "short_ios" : 0,
        "drop_ios" : 0,
        "slat_ns" : {
          "min" : 259,
          "max" : 582843,
          "mean" : 9468.977488,
          "stddev" : 1539.141792,
          "N" : 712815
        },
        "clat_ns" : {
          "min" : 31687,
          "max" : 718706,
          "mean" : 93701.171680,
          "stddev" : 34138.603361,
          "N" : 712815
        },
        "lat_ns" : {
          "min" : 37558,
          "max" : 727634,
          "mean" : 103170.149168,
          "stddev" : 34116.846046,
          "N" : 712815,
          "percentile" : {
            "50.000000" : 103936,
            "99.000000" : 160768,
            "99.500000" : 164864,
            "99.900000" : 175104,
            "99.990000" : 187392,
            "99.999000" : 659456
          }
        },
        "bw_min" : 6501376,
        "bw_max" : 6528256,
        "bw_agg" : 100.000000,
        "bw_mean" : 6517165.714286,
        "bw_dev" : 5753.455623,
        "bw_samples" : 14,
        "iops_min" : 101584,
        "iops_max" : 102004,
        "iops_mean" : 101830.714286,