{
  "fio version" : "fio-3.37-1-g294e-dirty",
  "timestamp" : 1744136065,
  "timestamp_ms" : 1744136065269,
  "time" : "Tue Apr  8 18:14:25 2025",
  "global options" : {
    "lat_percentiles" : "1",
    "clat_percentiles" : "0",
    "cpus_allowed_policy" : "split",
    "ioengine" : "libstorage",
    "rw" : "randread",
    "thread" : "1",
    "group_reporting" : "1",
    "percentile_list" : "50:99:99.5:99.9:99.99:99.999",
    "direct" : "1",
    "verify" : "0",
    "runtime" : "7s",
    "filename" : "/dev/nvme0"
  },
  "jobs" : [
    {
      "jobname" : "test",
      "groupid" : 0,
      "job_start" : 1744136058201,
      "error" : 0,
      "eta" : 0,
      "elapsed" : 8,
      "job options" : {
        "iodepth" : "1",
        "bs" : "4K",
        "numjobs" : "1",
        "cpus_allowed" : "111-115",
        "nice" : "-19",
        "type" : "1",
        "intr" : "1",
        "coalescing" : "1"
      },
      "read" : {
        "io_bytes" : 1018302464,
        "io_kbytes" : 994436,
        "bw_bytes" : 145451001,
        "bw" : 142041,
        "iops" : 35510.498500,
        "runtime" : 7001,
        "total_ios" : 248609,
        "short_ios" : 0,
        "drop_ios" : 0,
        "slat_ns" : {
          "min" : 138,
          "max" : 44578,
          "mean" : 315.836156,
          "stddev" : 162.946725,
          "N" : 248609
        },
        "clat_ns" : {
          "min" : 4518,
          "max" : 136182,
          "mean" : 27616.239746,
          "stddev" : 2243.825422,
          "N" : 248609
        },
        "lat_ns" : {
          "min" : 4733,
          "max" : 136562,
          "mean" : 27932.075902,
          "stddev" : 2247.264720,
          "N" : 248609,
          "percentile" : {
            "50.000000" : 27264,
            "99.000000" : 35072,
            "99.500000" : 36096,
            "99.900000" : 38144,
            "99.990000" : 44800,
            "99.999000" : 57088
          }
        },
        "bw_min" : 141520,
        "bw_max" : 142272,
        "bw_agg" : 100.000000,
        "bw_mean" : 142062.285714,
        "bw_dev" : 177.148103,
        "bw_samples" : 14,
        "iops_min" : 35380,
        "iops_max" : 35568,
        "iops_mean" : 35515.571429,
        "iops_stddev" : 44.287026,
        "iops_samples" : 14
      },
      "write" : {
        "io_bytes" : 0,
        "io_kbytes" : 0,
        "bw_bytes" : 0,
        "bw" : 0,
        "iops" : 0.000000,
        "runtime" : 0,
        "total_ios" : 0,
        "short_ios" : 0,
        "drop_ios" : 0,
        "slat_ns" : {
          "min" : 0,
          "max" : 0,
          "mean" : 0.000000,
          "stddev" : 0.000000,
          "N" : 0
        },
        "clat_ns" : {
          "min" : 0,
          "max" : 0,
          "mean" : 0.000000,
          "stddev" : 0.000000,
          "N" : 0
        },
        "lat_ns" : {
          "min" : 0,
          "max" : 0,
          "mean" : 0.000000,
          "stddev" : 0.000000,
          "N" : 0
        },
        "bw_min" : 0,
        "bw_max" : 0,
        "bw_agg" : 0.000000,
        "bw_mean" : 0.000000,
        "bw_dev" : 0.000000,
        "bw_samples" : 0,
        "iops_min" : 0,
        "iops_max" : 0,
        "iops_mean" : 0.000000,
        "iops_stddev" : 0.000000,
        "iops_samples" : 0
      },
      "trim" : {
        "io_bytes" : 0,
        "io_kbytes" : 0,
        "bw_bytes" : 0,
        "bw" : 0,
        "iops" : 0.000000,
        "runtime" : 0,
        "total_ios" : 0,
        "short_ios" : 0,
        "drop_ios" : 0,
        "slat_ns" : {
          "min" : 0,
          "max" : 0,
          "mean" : 0.000000,
          "stddev" : 0.000000,
          "N" : 0
        },
        "clat_ns" : {
          "min" : 0,
          "max" : 0,
          "mean" : 0.000000,
          "stddev" : 0.000000,
          "N" : 0
        },
        "lat_ns" : {
          "min" : 0,
          "max" : 0,
          "mean" : 0.000000,
          "stddev" : 0.000000,
          "N" : 0
        },
        "bw_min" : 0,
        "bw_max" : 0,
        "bw_agg" : 0.000000,
        "bw_mean" : 0.000000,
        "bw_dev" : 0.000000,
        "bw_samples" : 0,
        "iops_min" : 0,
        "iops_max" : 0,
        "iops_mean" : 0.000000,
        "iops_stddev" : 0.000000,
        "iops_samples" : 0
      },
      "sync" : {
        "total_ios" : 0,
        "lat_ns" : {
          "min" : 0,
          "max" : 0,
          "mean" : 0.000000,
          "stddev" : 0.000000,
          "N" : 0
        }
      },
      "job_runtime" : 7000,
      "usr_cpu" : 99.871429,
      "sys_cpu" : 0.042857,
      "ctx" : 691,
      "majf" : 0,
      "minf" : 1388,
      "iodepth_level" : {
        "1" : 100.000000,
        "2" : 0.000000,
        "4" : 0.000000,
        "8" : 0.000000,
        "16" : 0.000000,
        "32" : 0.000000,
        ">=64" : 0.000000
      },
      "iodepth_submit" : {
        "0" : 0.000000,
        "4" : 100.000000,
        "8" : 0.000000,
        "16" : 0.000000,
        "32" : 0.000000,
        "64" : 0.000000,
        ">=64" : 0.000000
      },
      "iodepth_complete" : {
        "0" : 0.000000,
        "4" : 100.000000,
        "8" : 0.000000,
        "16" : 0.000000,
        "32" : 0.000000,
        "64" : 0.000000,
        ">=64" : 0.000000
      },
      "latency_ns" : {
        "2" : 0.000000,
        "4" : 0.000000,
        "10" : 0.000000,
        "20" : 0.000000,
        "50" : 0.000000,
        "100" : 0.000000,
        "250" : 0.000000,
        "500" : 0.000000,
        "750" : 0.000000,
        "1000" : 0.000000
      },
      "latency_us" : {
        "2" : 0.000000,
        "4" : 0.000000,
        "10" : 0.032984,
        "20" : 0.828208,
        "50" : 99.137602,
        "100" : 0.010000,
        "250" : 0.010000,
        "500" : 0.000000,
        "750" : 0.000000,
        "1000" : 0.000000
      },
      "latency_ms" : {
        "2" : 0.000000,
        "4" : 0.000000,
        "10" : 0.000000,
        "20" : 0.000000,
        "50" : 0.000000,
        "100" : 0.000000,
        "250" : 0.000000,
        "500" : 0.000000,
        "750" : 0.000000,
        "1000" : 0.000000,
        "2000" : 0.000000,
        ">=2000" : 0.000000
      },
      "latency_depth" : 1,
      "latency_target" : 0,
      "latency_percentile" : 100.000000,
      "latency_window" : 0
    },
    {
      "jobname" : "tapp",
      "groupid" : 1,
      "job_start" : 1744136058201,
      "error" : 0,
      "eta" : 0,
      "elapsed" : 8,
      "job options" : {
        "iodepth" : "16",
        "bs" : "64K",
        "numjobs" : "1",
        "cpus_allowed" : "110",
        "nice" : "19",
        "type" : "0",
        "intr" : "1"
      },
      "read" : {
        "io_bytes" : 48730079232,
        "io_kbytes" : 47587968,
        "bw_bytes" : 6960445540,
        "bw" : 6797310,
        "iops" : 106207.970290,
        "runtime" : 7001,
        "total_ios" : 743562,
        "short_ios" : 0,
        "drop_ios" : 0,
        "slat_ns" : {
          "min" : 258,
          "max" : 455942,
          "mean" : 9070.684088,
          "stddev" : 1410.652422,
          "N" : 743562
        },
        "clat_ns" : {
          "min" : 25923,
          "max" : 579237,
          "mean" : 89843.461729,
          "stddev" : 32718.806481,
          "N" : 743562
        },
        "lat_ns" : {
          "min" : 29942,
          "max" : 588889,
          "mean" : 98914.145817,
          "stddev" : 32694.638465,
          "N" : 743562,
          "percentile" : {
            "50.000000" : 99840,
            "99.000000" : 154624,
            "99.500000" : 158720,
            "99.900000" : 168960,
            "99.990000" : 181248,
            "99.999000" : 528384
          }
        },
        "bw_min" : 6777472,
        "bw_max" : 6810624,
        "bw_agg" : 100.000000,
        "bw_mean" : 6798281.142857,
        "bw_dev" : 7010.078271,
        "bw_samples" : 14,
        "iops_min" : 105898,
        "iops_max" : 106416,
        "iops_mean" : 106223.142857,
        "iops_stddev" : 109.532473,