{
  "fio version" : "fio-3.37-1-g294e-dirty",
  "timestamp" : 1744124555,
  "timestamp_ms" : 1744124555919,
  "time" : "Tue Apr  8 15:02:35 2025",
  "global options" : {
    "lat_percentiles" : "1",
    "clat_percentiles" : "0",
    "cpus_allowed_policy" : "split",
    "ioengine" : "libstorage",
    "rw" : "randread",
    "thread" : "1",
    "group_reporting" : "1",
    "percentile_list" : "50:99:99.5:99.9:99.99:99.999",
    "direct" : "1",
    "verify" : "0",
    "runtime" : "7s",
    "filename" : "/dev/nvme0"
  },
  "jobs" : [
    {
      "jobname" : "test",
      "groupid" : 0,
      "job_start" : 1744124548776,
      "error" : 0,
      "eta" : 0,
      "elapsed" : 8,
      "job options" : {
        "iodepth" : "1",
        "bs" : "4K",
        "numjobs" : "16",
        "cpus_allowed" : "96-127",
        "nice" : "0",
        "type" : "1",
        "intr" : "1",
        "coalescing" : "1"
      },
      "read" : {
        "io_bytes" : 44146327552,
        "io_kbytes" : 43111648,
        "bw_bytes" : 6305717404,
        "bw" : 6157927,
        "iops" : 1539481.788316,
        "runtime" : 7001,
        "total_ios" : 10777912,
        "short_ios" : 0,
        "drop_ios" : 0,
        "slat_ns" : {
          "min" : 143,
          "max" : 479230,
          "mean" : 240.979632,
          "stddev" : 165.206385,
          "N" : 10777912
        },
        "clat_ns" : {
          "min" : 139,
          "max" : 943800,
          "mean" : 9814.530325,
          "stddev" : 1004.381143,
          "N" : 10777912
        },
        "lat_ns" : {
          "min" : 5758,
          "max" : 944102,
          "mean" : 10055.509957,
          "stddev" : 1014.931195,
          "N" : 10777912,
          "percentile" : {
            "50.000000" : 9920,
            "99.000000" : 14144,
            "99.500000" : 15552,
            "99.900000" : 18304,
            "99.990000" : 22400,
            "99.999000" : 28032
          }
        },
        "bw_min" : 6144872,
        "bw_max" : 6163950,
        "bw_agg" : 100.000000,
        "bw_mean" : 6158971.928571,
        "bw_dev" : 289.820330,
        "bw_samples" : 224,
        "iops_min" : 1536218,
        "iops_max" : 1540987,
        "iops_mean" : 1539742.928571,
        "iops_stddev" : 72.450732,
        "iops_samples" : 224
      },
      "write" : {
        "io_bytes" : 0,
        "io_kbytes" : 0,
        "bw_bytes" : 0,
        "bw" : 0,
        "iops" : 0.000000,
        "runtime" : 0,
        "total_ios" : 0,
        "short_ios" : 0,
        "drop_ios" : 0,
        "slat_ns" : {
          "min" : 0,
          "max" : 0,
          "mean" : 0.000000,
          "stddev" : 0.000000,
          "N" : 0
        },
        "clat_ns" : {
          "min" : 0,
          "max" : 0,
          "mean" : 0.000000,
          "stddev" : 0.000000,
          "N" : 0
        },
        "lat_ns" : {
          "min" : 0,
          "max" : 0,
          "mean" : 0.000000,
          "stddev" : 0.000000,
          "N" : 0
        },
        "bw_min" : 0,
        "bw_max" : 0,
        "bw_agg" : 0.000000,
        "bw_mean" : 0.000000,
        "bw_dev" : 0.000000,
        "bw_samples" : 0,
        "iops_min" : 0,
        "iops_max" : 0,
        "iops_mean" : 0.000000,
        "iops_stddev" : 0.000000,
        "iops_samples" : 0
      },
      "trim" : {
        "io_bytes" : 0,
        "io_kbytes" : 0,
        "bw_bytes" : 0,
        "bw" : 0,
        "iops" : 0.000000,
        "runtime" : 0,
        "total_ios" : 0,
        "short_ios" : 0,
        "drop_ios" : 0,
        "slat_ns" : {
          "min" : 0,
          "max" : 0,
          "mean" : 0.000000,
          "stddev" : 0.000000,
          "N" : 0
        },
        "clat_ns" : {
          "min" : 0,
          "max" : 0,
          "mean" : 0.000000,
          "stddev" : 0.000000,
          "N" : 0
        },
        "lat_ns" : {
          "min" : 0,
          "max" : 0,
          "mean" : 0.000000,
          "stddev" : 0.000000,
          "N" : 0
        },
        "bw_min" : 0,
        "bw_max" : 0,
        "bw_agg" : 0.000000,
        "bw_mean" : 0.000000,
        "bw_dev" : 0.000000,
        "bw_samples" : 0,
        "iops_min" : 0,
        "iops_max" : 0,
        "iops_mean" : 0.000000,
        "iops_stddev" : 0.000000,
        "iops_samples" : 0
      },
      "sync" : {
        "total_ios" : 0,
        "lat_ns" : {
          "min" : 0,
          "max" : 0,
          "mean" : 0.000000,
          "stddev" : 0.000000,
          "N" : 0
        }
      },
      "job_runtime" : 112000,
      "usr_cpu" : 19.215179,
      "sys_cpu" : 19.121429,
      "ctx" : 10777470,
      "majf" : 0,
      "minf" : 11149,
      "iodepth_level" : {
        "1" : 100.000000,
        "2" : 0.000000,
        "4" : 0.000000,
        "8" : 0.000000,
        "16" : 0.000000,
        "32" : 0.000000,
        ">=64" : 0.000000
      },
      "iodepth_submit" : {
        "0" : 0.000000,
        "4" : 100.000000,
        "8" : 0.000000,
        "16" : 0.000000,
        "32" : 0.000000,
        "64" : 0.000000,
        ">=64" : 0.000000
      },
      "iodepth_complete" : {
        "0" : 0.000000,
        "4" : 100.000000,
        "8" : 0.000000,
        "16" : 0.000000,
        "32" : 0.000000,
        "64" : 0.000000,
        ">=64" : 0.000000
      },
      "latency_ns" : {
        "2" : 0.000000,
        "4" : 0.000000,
        "10" : 0.000000,
        "20" : 0.000000,
        "50" : 0.000000,
        "100" : 0.000000,
        "250" : 0.010000,
        "500" : 0.000000,
        "750" : 0.000000,
        "1000" : 0.010000
      },
      "latency_us" : {
        "2" : 0.010000,
        "4" : 0.010000,
        "10" : 81.485922,
        "20" : 18.480435,
        "50" : 0.033253,
        "100" : 0.010000,
        "250" : 0.010000,
        "500" : 0.000000,
        "750" : 0.010000,
        "1000" : 0.010000
      },
      "latency_ms" : {
        "2" : 0.000000,
        "4" : 0.000000,
        "10" : 0.000000,
        "20" : 0.000000,
        "50" : 0.000000,
        "100" : 0.000000,
        "250" : 0.000000,
        "500" : 0.000000,
        "750" : 0.000000,
        "1000" : 0.000000,
        "2000" : 0.000000,
        ">=2000" : 0.000000
      },
      "latency_depth" : 1,
      "latency_target" : 0,
      "latency_percentile" : 100.000000,
      "latency_window" : 0
    }
  ]
}
