{
  "fio version" : "fio-3.37-1-g294e-dirty",
  "timestamp" : 1744131744,
  "timestamp_ms" : 1744131744045,
  "time" : "Tue Apr  8 17:02:24 2025",
  "global options" : {
    "lat_percentiles" : "1",
    "clat_percentiles" : "0",
    "cpus_allowed_policy" : "split",
    "ioengine" : "libstorage",
    "thread" : "1",
    "group_reporting" : "1",
    "direct" : "1",
    "verify" : "0",
    "runtime" : "7s",
    "percentile_list" : "50:99:99.5:99.9:99.99:99.999",
    "filename" : "/dev/nvme0",
    "rw" : "randread"
  },
  "jobs" : [
    {
      "jobname" : "test",
      "groupid" : 0,
      "job_start" : 1744131737252,
      "error" : 0,
      "eta" : 0,
      "elapsed" : 7,
      "job options" : {
        "iodepth" : "1",
        "bs" : "4K",
        "numjobs" : "32",
        "cpus_allowed" : "96-127",
        "intr" : "1",
        "type" : "0"
      },
      "read" : {
        "io_bytes" : 42704965632,
        "io_kbytes" : 41704068,
        "bw_bytes" : 6392002040,
        "bw" : 6242189,
        "iops" : 1560547.373148,
        "runtime" : 6681,
        "total_ios" : 10426017,
        "short_ios" : 0,
        "drop_ios" : 0,
        "slat_ns" : {
          "min" : 115,
          "max" : 87151,
          "mean" : 203.200141,
          "stddev" : 145.784419,
          "N" : 10426017
        },
        "clat_ns" : {
          "min" : 241,
          "max" : 2414516,
          "mean" : 20061.386866,
          "stddev" : 1091.967435,
          "N" : 10426017
        },
        "lat_ns" : {
          "min" : 4702,
          "max" : 2414712,
          "mean" : 20264.587007,
          "stddev" : 1094.581547,
          "N" : 10426017,
          "percentile" : {
            "50.000000" : 20352,
            "99.000000" : 22144,
            "99.500000" : 22912,
            "99.900000" : 26240,
            "99.990000" : 31616,
            "99.999000" : 49408
          }
        },
        "bw_min" : 6243758,
        "bw_max" : 6260768,
        "bw_agg" : 100.000000,
        "bw_mean" : 6247978.692308,
        "bw_dev" : 175.310362,
        "bw_samples" : 416,
        "iops_min" : 1560939,
        "iops_max" : 1565185,
        "iops_mean" : 1561994.000000,
        "iops_stddev" : 43.791485,
        "iops_samples" : 416
      },
      "write" : {
        "io_bytes" : 0,
        "io_kbytes" : 0,
        "bw_bytes" : 0,
        "bw" : 0,
        "iops" : 0.000000,
        "runtime" : 0,
        "total_ios" : 0,
        "short_ios" : 0,
        "drop_ios" : 0,
        "slat_ns" : {
          "min" : 0,
          "max" : 0,
          "mean" : 0.000000,
          "stddev" : 0.000000,
          "N" : 0
        },
        "clat_ns" : {
          "min" : 0,
          "max" : 0,
          "mean" : 0.000000,
          "stddev" : 0.000000,
          "N" : 0
        },
        "lat_ns" : {
          "min" : 0,
          "max" : 0,
          "mean" : 0.000000,
          "stddev" : 0.000000,
          "N" : 0
        },
        "bw_min" : 0,
        "bw_max" : 0,
        "bw_agg" : 0.000000,
        "bw_mean" : 0.000000,
        "bw_dev" : 0.000000,
        "bw_samples" : 0,
        "iops_min" : 0,
        "iops_max" : 0,
        "iops_mean" : 0.000000,
        "iops_stddev" : 0.000000,
        "iops_samples" : 0
      },
      "trim" : {
        "io_bytes" : 0,
        "io_kbytes" : 0,
        "bw_bytes" : 0,
        "bw" : 0,
        "iops" : 0.000000,
        "runtime" : 0,
        "total_ios" : 0,
        "short_ios" : 0,
        "drop_ios" : 0,
        "slat_ns" : {
          "min" : 0,
          "max" : 0,
          "mean" : 0.000000,
          "stddev" : 0.000000,
          "N" : 0
        },
        "clat_ns" : {
          "min" : 0,
          "max" : 0,
          "mean" : 0.000000,
          "stddev" : 0.000000,
          "N" : 0
        },
        "lat_ns" : {
          "min" : 0,
          "max" : 0,
          "mean" : 0.000000,
          "stddev" : 0.000000,
          "N" : 0
        },
        "bw_min" : 0,
        "bw_max" : 0,
        "bw_agg" : 0.000000,
        "bw_mean" : 0.000000,
        "bw_dev" : 0.000000,
        "bw_samples" : 0,
        "iops_min" : 0,
        "iops_max" : 0,
        "iops_mean" : 0.000000,
        "iops_stddev" : 0.000000,
        "iops_samples" : 0
      },
      "sync" : {
        "total_ios" : 0,
        "lat_ns" : {
          "min" : 0,
          "max" : 0,
          "mean" : 0.000000,
          "stddev" : 0.000000,
          "N" : 0
        }
      },
      "job_runtime" : 213676,
      "usr_cpu" : 99.929332,
      "sys_cpu" : 0.016380,
      "ctx" : 21598,
      "majf" : 0,
      "minf" : 23538,
      "iodepth_level" : {
        "1" : 100.000000,
        "2" : 0.000000,
        "4" : 0.000000,
        "8" : 0.000000,
        "16" : 0.000000,
        "32" : 0.000000,
        ">=64" : 0.000000
      },
      "iodepth_submit" : {
        "0" : 0.000000,
        "4" : 100.000000,
        "8" : 0.000000,
        "16" : 0.000000,
        "32" : 0.000000,
        "64" : 0.000000,
        ">=64" : 0.000000
      },
      "iodepth_complete" : {
        "0" : 0.000000,
        "4" : 100.000000,
        "8" : 0.000000,
        "16" : 0.000000,
        "32" : 0.000000,
        "64" : 0.000000,
        ">=64" : 0.000000
      },
      "latency_ns" : {
        "2" : 0.000000,
        "4" : 0.000000,
        "10" : 0.000000,
        "20" : 0.000000,
        "50" : 0.000000,
        "100" : 0.000000,
        "250" : 0.010000,
        "500" : 0.010000,
        "750" : 0.000000,
        "1000" : 0.000000
      },
      "latency_us" : {
        "2" : 0.000000,
        "4" : 0.010000,
        "10" : 0.018176,
        "20" : 38.166003,
        "50" : 61.815025,
        "100" : 0.010000,
        "250" : 0.010000,
        "500" : 0.010000,
        "750" : 0.000000,
        "1000" : 0.010000
      },
      "latency_ms" : {
        "2" : 0.010000,
        "4" : 0.010000,
        "10" : 0.000000,
        "20" : 0.000000,
        "50" : 0.000000,
        "100" : 0.000000,
        "250" : 0.000000,
        "500" : 0.000000,
        "750" : 0.000000,
        "1000" : 0.000000,
        "2000" : 0.000000,
        ">=2000" : 0.000000
      },
      "latency_depth" : 1,
      "latency_target" : 0,
      "latency_percentile" : 100.000000,
      "latency_window" : 0
    }
  ]
}
