{
  "fio version" : "fio-3.37-2-g07f73",
  "timestamp" : 1744378165,
  "timestamp_ms" : 1744378165247,
  "time" : "Fri Apr 11 13:29:25 2025",
  "global options" : {
    "lat_percentiles" : "1",
    "clat_percentiles" : "0",
    "cpus_allowed_policy" : "shared",
    "ioengine" : "io_uring",
    "rw" : "randread",
    "thread" : "1",
    "group_reporting" : "1",
    "percentile_list" : "50:99:99.5:99.9:99.99:99.999",
    "direct" : "1",
    "verify" : "0",
    "runtime" : "7s",
    "filename" : "/dev/nvme0n1"
  },
  "jobs" : [
    {
      "jobname" : "test",
      "groupid" : 0,
      "job_start" : 1744378158117,
      "error" : 0,
      "eta" : 0,
      "elapsed" : 8,
      "job options" : {
        "iodepth" : "1",
        "bs" : "4K",
        "numjobs" : "3",
        "cpus_allowed" : "110",
        "nice" : "0"
      },
      "read" : {
        "io_bytes" : 633167872,
        "io_kbytes" : 618328,
        "bw_bytes" : 90439633,
        "bw" : 88319,
        "iops" : 22079.988573,
        "runtime" : 7001,
        "total_ios" : 154582,
        "short_ios" : 0,
        "drop_ios" : 0,
        "slat_ns" : {
          "min" : 1423,
          "max" : 98704,
          "mean" : 1899.903158,
          "stddev" : 595.264159,
          "N" : 154582
        },
        "clat_ns" : {
          "min" : 167,
          "max" : 6100572,
          "mean" : 133371.530547,
          "stddev" : 30426.394715,
          "N" : 154582
        },
        "lat_ns" : {
          "min" : 8466,
          "max" : 6110634,
          "mean" : 135271.433705,
          "stddev" : 30396.753422,
          "N" : 154582,
          "percentile" : {
            "50.000000" : 136192,
            "99.000000" : 158720,
            "99.500000" : 162816,
            "99.900000" : 173056,
            "99.990000" : 201728,
            "99.999000" : 4554752
          }
        },
        "bw_min" : 84800,
        "bw_max" : 86728,
        "bw_agg" : 97.718574,
        "bw_mean" : 86305.230769,
        "bw_dev" : 196.727889,
        "bw_samples" : 39,
        "iops_min" : 21200,
        "iops_max" : 21682,
        "iops_mean" : 21576.307692,
        "iops_stddev" : 49.181972,
        "iops_samples" : 39
      },
      "write" : {
        "io_bytes" : 0,
        "io_kbytes" : 0,
        "bw_bytes" : 0,
        "bw" : 0,
        "iops" : 0.000000,
        "runtime" : 0,
        "total_ios" : 0,
        "short_ios" : 0,
        "drop_ios" : 0,
        "slat_ns" : {
          "min" : 0,
          "max" : 0,
          "mean" : 0.000000,
          "stddev" : 0.000000,
          "N" : 0
        },
        "clat_ns" : {
          "min" : 0,
          "max" : 0,
          "mean" : 0.000000,
          "stddev" : 0.000000,
          "N" : 0
        },
        "lat_ns" : {
          "min" : 0,
          "max" : 0,
          "mean" : 0.000000,
          "stddev" : 0.000000,
          "N" : 0
        },
        "bw_min" : 0,
        "bw_max" : 0,
        "bw_agg" : 0.000000,
        "bw_mean" : 0.000000,
        "bw_dev" : 0.000000,
        "bw_samples" : 0,
        "iops_min" : 0,
        "iops_max" : 0,
        "iops_mean" : 0.000000,
        "iops_stddev" : 0.000000,
        "iops_samples" : 0
      },
      "trim" : {
        "io_bytes" : 0,
        "io_kbytes" : 0,
        "bw_bytes" : 0,
        "bw" : 0,
        "iops" : 0.000000,
        "runtime" : 0,
        "total_ios" : 0,
        "short_ios" : 0,
        "drop_ios" : 0,
        "slat_ns" : {
          "min" : 0,
          "max" : 0,
          "mean" : 0.000000,
          "stddev" : 0.000000,
          "N" : 0
        },
        "clat_ns" : {
          "min" : 0,
          "max" : 0,
          "mean" : 0.000000,
          "stddev" : 0.000000,
          "N" : 0
        },
        "lat_ns" : {
          "min" : 0,
          "max" : 0,
          "mean" : 0.000000,
          "stddev" : 0.000000,
          "N" : 0
        },
        "bw_min" : 0,
        "bw_max" : 0,
        "bw_agg" : 0.000000,
        "bw_mean" : 0.000000,
        "bw_dev" : 0.000000,
        "bw_samples" : 0,
        "iops_min" : 0,
        "iops_max" : 0,
        "iops_mean" : 0.000000,
        "iops_stddev" : 0.000000,
        "iops_samples" : 0
      },
      "sync" : {
        "total_ios" : 0,
        "lat_ns" : {
          "min" : 0,
          "max" : 0,
          "mean" : 0.000000,
          "stddev" : 0.000000,
          "N" : 0
        }
      },
      "job_runtime" : 21000,
      "usr_cpu" : 0.795238,
      "sys_cpu" : 3.471429,
      "ctx" : 169736,
      "majf" : 0,
      "minf" : 18164,
      "iodepth_level" : {
        "1" : 100.000000,
        "2" : 0.000000,
        "4" : 0.000000,
        "8" : 0.000000,
        "16" : 0.000000,
        "32" : 0.000000,
        ">=64" : 0.000000
      },
      "iodepth_submit" : {
        "0" : 0.000000,
        "4" : 100.000000,
        "8" : 0.000000,
        "16" : 0.000000,
        "32" : 0.000000,
        "64" : 0.000000,
        ">=64" : 0.000000
      },
      "iodepth_complete" : {
        "0" : 0.000000,
        "4" : 100.000000,
        "8" : 0.000000,
        "16" : 0.000000,
        "32" : 0.000000,
        "64" : 0.000000,
        ">=64" : 0.000000
      },
      "latency_ns" : {
        "2" : 0.000000,
        "4" : 0.000000,
        "10" : 0.000000,
        "20" : 0.000000,
        "50" : 0.000000,
        "100" : 0.000000,
        "250" : 0.135203,
        "500" : 0.010000,
        "750" : 0.000000,
        "1000" : 0.010000
      },
      "latency_us" : {
        "2" : 0.010000,
        "4" : 0.000000,
        "10" : 0.757527,
        "20" : 1.644435,
        "50" : 0.020701,
        "100" : 0.010000,
        "250" : 97.428549,
        "500" : 0.010000,
        "750" : 0.000000,
        "1000" : 0.010000
      },
      "latency_ms" : {
        "2" : 0.010000,
        "4" : 0.010000,
        "10" : 0.010000,
        "20" : 0.000000,
        "50" : 0.000000,
        "100" : 0.000000,
        "250" : 0.000000,
        "500" : 0.000000,
        "750" : 0.000000,
        "1000" : 0.000000,
        "2000" : 0.000000,
        ">=2000" : 0.000000
      },
      "latency_depth" : 1,
      "latency_target" : 0,
      "latency_percentile" : 100.000000,
      "latency_window" : 0
    },
    {
      "jobname" : "tapp",
      "groupid" : 1,
      "job_start" : 1744378158103,
      "error" : 0,
      "eta" : 0,
      "elapsed" : 8,
      "job options" : {
        "iodepth" : "16",
        "bs" : "64K",
        "numjobs" : "1",
        "cpus_allowed" : "110",
        "nice" : "0"
      },
      "read" : {
        "io_bytes" : 50756845568,
        "io_kbytes" : 49567232,
        "bw_bytes" : 7249942232,
        "bw" : 7080021,
        "iops" : 110625.339237,
        "runtime" : 7001,
        "total_ios" : 774488,
        "short_ios" : 0,
        "drop_ios" : 0,
        "slat_ns" : {
          "min" : 3759,
          "max" : 50099,
          "mean" : 4624.733942,
          "stddev" : 624.686440,
          "N" : 774488
        },
        "clat_ns" : {
          "min" : 82319,
          "max" : 7096997,
          "mean" : 139645.181237,
          "stddev" : 43149.056475,
          "N" : 774488
        },
        "lat_ns" : {
          "min" : 87194,
          "max" : 7102621,
          "mean" : 144269.915179,
          "stddev" : 43144.498756,
          "N" : 774488,
          "percentile" : {
            "50.000000" : 142336,
            "99.000000" : 158720,
            "99.500000" : 162816,
            "99.900000" : 171008,
            "99.990000" : 978944,
            "99.999000" : 7110656
          }
        },
        "bw_min" : 6848512,
        "bw_max" : 7104640,
        "bw_agg" : 100.000000,
        "bw_mean" : 7081033.142857,
        "bw_dev" : 67271.177459,
        "bw_samples" : 14,
        "iops_min" : 107008,
        "iops_max" : 111010,
        "iops_mean" : 110641.142857,
        "iops_stddev" : 1051.112148,
        "iops_samples" : 14
      },
      "write" : {
        "io_bytes" : 0,
        "io_kbytes" : 0,