{
  "fio version" : "fio-3.37-2-g07f73",
  "timestamp" : 1744701392,
  "timestamp_ms" : 1744701392782,
  "time" : "Tue Apr 15 07:16:32 2025",
  "global options" : {
    "lat_percentiles" : "1",
    "clat_percentiles" : "0",
    "cpus_allowed_policy" : "shared",
    "ioengine" : "io_uring",
    "rw" : "randread",
    "thread" : "1",
    "group_reporting" : "1",
    "percentile_list" : "50:99:99.5:99.9:99.99:99.999",
    "direct" : "1",
    "verify" : "0",
    "runtime" : "7s",
    "filename" : "/dev/nvme0n1"
  },
  "jobs" : [
    {
      "jobname" : "test",
      "groupid" : 0,
      "job_start" : 1744701385680,
      "error" : 0,
      "eta" : 0,
      "elapsed" : 8,
      "job options" : {
        "iodepth" : "1",
        "bs" : "4K",
        "numjobs" : "8",
        "cpus_allowed" : "110",
        "nice" : "0"
      },
      "read" : {
        "io_bytes" : 1590644736,
        "io_kbytes" : 1553364,
        "bw_bytes" : 227202504,
        "bw" : 221877,
        "iops" : 55469.361520,
        "runtime" : 7001,
        "total_ios" : 388341,
        "short_ios" : 0,
        "drop_ios" : 0,
        "slat_ns" : {
          "min" : 1265,
          "max" : 3307585,
          "mean" : 1913.815250,
          "stddev" : 6073.762626,
          "N" : 388341
        },
        "clat_ns" : {
          "min" : 166,
          "max" : 25715208,
          "mean" : 141449.031127,
          "stddev" : 63870.006936,
          "N" : 388341
        },
        "lat_ns" : {
          "min" : 7062,
          "max" : 25725514,
          "mean" : 143362.846377,
          "stddev" : 65103.147634,
          "N" : 388341,
          "percentile" : {
            "50.000000" : 142336,
            "99.000000" : 218112,
            "99.500000" : 230400,
            "99.900000" : 261120,
            "99.990000" : 1564672,
            "99.999000" : 7241728
          }
        },
        "bw_min" : 214424,
        "bw_max" : 225728,
        "bw_agg" : 98.070356,
        "bw_mean" : 217596.967033,
        "bw_dev" : 436.895344,
        "bw_samples" : 105,
        "iops_min" : 53606,
        "iops_max" : 56432,
        "iops_mean" : 54399.241758,
        "iops_stddev" : 109.223836,
        "iops_samples" : 105
      },
      "write" : {
        "io_bytes" : 0,
        "io_kbytes" : 0,
        "bw_bytes" : 0,
        "bw" : 0,
        "iops" : 0.000000,
        "runtime" : 0,
        "total_ios" : 0,
        "short_ios" : 0,
        "drop_ios" : 0,
        "slat_ns" : {
          "min" : 0,
          "max" : 0,
          "mean" : 0.000000,
          "stddev" : 0.000000,
          "N" : 0
        },
        "clat_ns" : {
          "min" : 0,
          "max" : 0,
          "mean" : 0.000000,
          "stddev" : 0.000000,
          "N" : 0
        },
        "lat_ns" : {
          "min" : 0,
          "max" : 0,
          "mean" : 0.000000,
          "stddev" : 0.000000,
          "N" : 0
        },
        "bw_min" : 0,
        "bw_max" : 0,
        "bw_agg" : 0.000000,
        "bw_mean" : 0.000000,
        "bw_dev" : 0.000000,
        "bw_samples" : 0,
        "iops_min" : 0,
        "iops_max" : 0,
        "iops_mean" : 0.000000,
        "iops_stddev" : 0.000000,
        "iops_samples" : 0
      },
      "trim" : {
        "io_bytes" : 0,
        "io_kbytes" : 0,
        "bw_bytes" : 0,
        "bw" : 0,
        "iops" : 0.000000,
        "runtime" : 0,
        "total_ios" : 0,
        "short_ios" : 0,
        "drop_ios" : 0,
        "slat_ns" : {
          "min" : 0,
          "max" : 0,
          "mean" : 0.000000,
          "stddev" : 0.000000,
          "N" : 0
        },
        "clat_ns" : {
          "min" : 0,
          "max" : 0,
          "mean" : 0.000000,
          "stddev" : 0.000000,
          "N" : 0
        },
        "lat_ns" : {
          "min" : 0,
          "max" : 0,
          "mean" : 0.000000,
          "stddev" : 0.000000,
          "N" : 0
        },
        "bw_min" : 0,
        "bw_max" : 0,
        "bw_agg" : 0.000000,
        "bw_mean" : 0.000000,
        "bw_dev" : 0.000000,
        "bw_samples" : 0,
        "iops_min" : 0,
        "iops_max" : 0,
        "iops_mean" : 0.000000,
        "iops_stddev" : 0.000000,
        "iops_samples" : 0
      },
      "sync" : {
        "total_ios" : 0,
        "lat_ns" : {
          "min" : 0,
          "max" : 0,
          "mean" : 0.000000,
          "stddev" : 0.000000,
          "N" : 0
        }
      },
      "job_runtime" : 56000,
      "usr_cpu" : 1.141071,
      "sys_cpu" : 3.073214,
      "ctx" : 391758,
      "majf" : 0,
      "minf" : 48868,
      "iodepth_level" : {
        "1" : 100.000000,
        "2" : 0.000000,
        "4" : 0.000000,
        "8" : 0.000000,
        "16" : 0.000000,
        "32" : 0.000000,
        ">=64" : 0.000000
      },
      "iodepth_submit" : {
        "0" : 0.000000,
        "4" : 100.000000,
        "8" : 0.000000,
        "16" : 0.000000,
        "32" : 0.000000,
        "64" : 0.000000,
        ">=64" : 0.000000
      },
      "iodepth_complete" : {
        "0" : 0.000000,
        "4" : 100.000000,
        "8" : 0.000000,
        "16" : 0.000000,
        "32" : 0.000000,
        "64" : 0.000000,
        ">=64" : 0.000000
      },
      "latency_ns" : {
        "2" : 0.000000,
        "4" : 0.000000,
        "10" : 0.000000,
        "20" : 0.000000,
        "50" : 0.000000,
        "100" : 0.000000,
        "250" : 0.123603,
        "500" : 0.010000,
        "750" : 0.000000,
        "1000" : 0.000000
      },
      "latency_us" : {
        "2" : 0.000000,
        "4" : 0.010000,
        "10" : 0.702218,
        "20" : 0.499818,
        "50" : 2.228196,
        "100" : 1.531901,
        "250" : 94.765683,
        "500" : 0.130555,
        "750" : 0.010000,
        "1000" : 0.010000
      },
      "latency_ms" : {
        "2" : 0.010000,
        "4" : 0.010000,
        "10" : 0.010000,
        "20" : 0.010000,
        "50" : 0.010000,
        "100" : 0.000000,
        "250" : 0.000000,
        "500" : 0.000000,
        "750" : 0.000000,
        "1000" : 0.000000,
        "2000" : 0.000000,
        ">=2000" : 0.000000
      },
      "latency_depth" : 1,
      "latency_target" : 0,
      "latency_percentile" : 100.000000,
      "latency_window" : 0
    },
    {
      "jobname" : "tapp",
      "groupid" : 1,
      "job_start" : 1744701385646,
      "error" : 0,
      "eta" : 0,
      "elapsed" : 8,
      "job options" : {
        "iodepth" : "16",
        "bs" : "64K",
        "numjobs" : "1",
        "cpus_allowed" : "110",
        "nice" : "0"
      },
      "read" : {
        "io_bytes" : 49026367488,
        "io_kbytes" : 47877312,
        "bw_bytes" : 7002766388,
        "bw" : 6838639,
        "iops" : 106853.735181,
        "runtime" : 7001,
        "total_ios" : 748083,
        "short_ios" : 0,
        "drop_ios" : 0,
        "slat_ns" : {
          "min" : 3097,
          "max" : 10383792,
          "mean" : 5341.825597,
          "stddev" : 13311.628340,
          "N" : 748083
        },
        "clat_ns" : {
          "min" : 65782,
          "max" : 17653372,
          "mean" : 143903.432326,
          "stddev" : 144301.251607,
          "N" : 748083
        },
        "lat_ns" : {
          "min" : 69216,
          "max" : 17659034,
          "mean" : 149245.257923,
          "stddev" : 144828.992362,
          "N" : 748083,
          "percentile" : {
            "50.000000" : 146432,
            "99.000000" : 191488,
            "99.500000" : 199680,
            "99.900000" : 305152,
            "99.990000" : 7766016,
            "99.999000" : 17694720
          }
        },
        "bw_min" : 6072576,
        "bw_max" : 6948736,
        "bw_agg" : 100.000000,
        "bw_mean" : 6839616.000000,
        "bw_dev" : 238214.858083,
        "bw_samples" : 14,
        "iops_min" : 94884,
        "iops_max" : 108574,
        "iops_mean" : 106869.000000,
        "iops_stddev" : 3722.107158,
        "iops_samples" : 14
      },
      "write" : {
        "io_bytes" : 0,