{
  "fio version" : "fio-3.37-2-g07f73",
  "timestamp" : 1744378182,
  "timestamp_ms" : 1744378182450,
  "time" : "Fri Apr 11 13:29:42 2025",
  "global options" : {
    "lat_percentiles" : "1",
    "clat_percentiles" : "0",
    "cpus_allowed_policy" : "shared",
    "ioengine" : "io_uring",
    "rw" : "randread",
    "thread" : "1",
    "group_reporting" : "1",
    "percentile_list" : "50:99:99.5:99.9:99.99:99.999",
    "direct" : "1",
    "verify" : "0",
    "runtime" : "7s",
    "filename" : "/dev/nvme0n1"
  },
  "jobs" : [
    {
      "jobname" : "test",
      "groupid" : 0,
      "job_start" : 1744378175325,
      "error" : 0,
      "eta" : 0,
      "elapsed" : 8,
      "job options" : {
        "iodepth" : "1",
        "bs" : "4K",
        "numjobs" : "9",
        "cpus_allowed" : "110",
        "nice" : "0"
      },
      "read" : {
        "io_bytes" : 1800060928,
        "io_kbytes" : 1757872,
        "bw_bytes" : 257114830,
        "bw" : 251088,
        "iops" : 62772.175404,
        "runtime" : 7001,
        "total_ios" : 439468,
        "short_ios" : 0,
        "drop_ios" : 0,
        "slat_ns" : {
          "min" : 1381,
          "max" : 659494,
          "mean" : 2080.070895,
          "stddev" : 3781.267858,
          "N" : 439468
        },
        "clat_ns" : {
          "min" : 169,
          "max" : 17237767,
          "mean" : 140427.104613,
          "stddev" : 55628.671626,
          "N" : 439468
        },
        "lat_ns" : {
          "min" : 7743,
          "max" : 17249570,
          "mean" : 142507.175508,
          "stddev" : 55721.147185,
          "N" : 439468,
          "percentile" : {
            "50.000000" : 142336,
            "99.000000" : 201728,
            "99.500000" : 211968,
            "99.900000" : 236544,
            "99.990000" : 1695744,
            "99.999000" : 6914048
          }
        },
        "bw_min" : 237241,
        "bw_max" : 256648,
        "bw_agg" : 97.854264,
        "bw_mean" : 245701.747253,
        "bw_dev" : 488.996421,
        "bw_samples" : 118,
        "iops_min" : 59310,
        "iops_max" : 64162,
        "iops_mean" : 61425.571429,
        "iops_stddev" : 122.250308,
        "iops_samples" : 118
      },
      "write" : {
        "io_bytes" : 0,
        "io_kbytes" : 0,
        "bw_bytes" : 0,
        "bw" : 0,
        "iops" : 0.000000,
        "runtime" : 0,
        "total_ios" : 0,
        "short_ios" : 0,
        "drop_ios" : 0,
        "slat_ns" : {
          "min" : 0,
          "max" : 0,
          "mean" : 0.000000,
          "stddev" : 0.000000,
          "N" : 0
        },
        "clat_ns" : {
          "min" : 0,
          "max" : 0,
          "mean" : 0.000000,
          "stddev" : 0.000000,
          "N" : 0
        },
        "lat_ns" : {
          "min" : 0,
          "max" : 0,
          "mean" : 0.000000,
          "stddev" : 0.000000,
          "N" : 0
        },
        "bw_min" : 0,
        "bw_max" : 0,
        "bw_agg" : 0.000000,
        "bw_mean" : 0.000000,
        "bw_dev" : 0.000000,
        "bw_samples" : 0,
        "iops_min" : 0,
        "iops_max" : 0,
        "iops_mean" : 0.000000,
        "iops_stddev" : 0.000000,
        "iops_samples" : 0
      },
      "trim" : {
        "io_bytes" : 0,
        "io_kbytes" : 0,
        "bw_bytes" : 0,
        "bw" : 0,
        "iops" : 0.000000,
        "runtime" : 0,
        "total_ios" : 0,
        "short_ios" : 0,
        "drop_ios" : 0,
        "slat_ns" : {
          "min" : 0,
          "max" : 0,
          "mean" : 0.000000,
          "stddev" : 0.000000,
          "N" : 0
        },
        "clat_ns" : {
          "min" : 0,
          "max" : 0,
          "mean" : 0.000000,
          "stddev" : 0.000000,
          "N" : 0
        },
        "lat_ns" : {
          "min" : 0,
          "max" : 0,
          "mean" : 0.000000,
          "stddev" : 0.000000,
          "N" : 0
        },
        "bw_min" : 0,
        "bw_max" : 0,
        "bw_agg" : 0.000000,
        "bw_mean" : 0.000000,
        "bw_dev" : 0.000000,
        "bw_samples" : 0,
        "iops_min" : 0,
        "iops_max" : 0,
        "iops_mean" : 0.000000,
        "iops_stddev" : 0.000000,
        "iops_samples" : 0
      },
      "sync" : {
        "total_ios" : 0,
        "lat_ns" : {
          "min" : 0,
          "max" : 0,
          "mean" : 0.000000,
          "stddev" : 0.000000,
          "N" : 0
        }
      },
      "job_runtime" : 63000,
      "usr_cpu" : 0.753968,
      "sys_cpu" : 3.215873,
      "ctx" : 454132,
      "majf" : 0,
      "minf" : 54332,
      "iodepth_level" : {
        "1" : 100.000000,
        "2" : 0.000000,
        "4" : 0.000000,
        "8" : 0.000000,
        "16" : 0.000000,
        "32" : 0.000000,
        ">=64" : 0.000000
      },
      "iodepth_submit" : {
        "0" : 0.000000,
        "4" : 100.000000,
        "8" : 0.000000,
        "16" : 0.000000,
        "32" : 0.000000,
        "64" : 0.000000,
        ">=64" : 0.000000
      },
      "iodepth_complete" : {
        "0" : 0.000000,
        "4" : 100.000000,
        "8" : 0.000000,
        "16" : 0.000000,
        "32" : 0.000000,
        "64" : 0.000000,
        ">=64" : 0.000000
      },
      "latency_ns" : {
        "2" : 0.000000,
        "4" : 0.000000,
        "10" : 0.000000,
        "20" : 0.000000,
        "50" : 0.000000,
        "100" : 0.000000,
        "250" : 0.021389,
        "500" : 0.010000,
        "750" : 0.000000,
        "1000" : 0.000000
      },
      "latency_us" : {
        "2" : 0.000000,
        "4" : 0.000000,
        "10" : 0.240291,
        "20" : 0.292399,
        "50" : 2.510535,
        "100" : 1.493852,
        "250" : 95.400575,
        "500" : 0.023665,
        "750" : 0.010000,
        "1000" : 0.010000
      },
      "latency_ms" : {
        "2" : 0.010000,
        "4" : 0.010000,
        "10" : 0.010000,
        "20" : 0.010000,
        "50" : 0.000000,
        "100" : 0.000000,
        "250" : 0.000000,
        "500" : 0.000000,
        "750" : 0.000000,
        "1000" : 0.000000,
        "2000" : 0.000000,
        ">=2000" : 0.000000
      },
      "latency_depth" : 1,
      "latency_target" : 0,
      "latency_percentile" : 100.000000,
      "latency_window" : 0
    },
    {
      "jobname" : "tapp",
      "groupid" : 1,
      "job_start" : 1744378175315,
      "error" : 0,
      "eta" : 0,
      "elapsed" : 8,
      "job options" : {
        "iodepth" : "16",
        "bs" : "64K",
        "numjobs" : "1",
        "cpus_allowed" : "110",
        "nice" : "0"
      },
      "read" : {
        "io_bytes" : 48858988544,
        "io_kbytes" : 47713856,
        "bw_bytes" : 6978858526,
        "bw" : 6815291,
        "iops" : 106488.930153,
        "runtime" : 7001,
        "total_ios" : 745529,
        "short_ios" : 0,
        "drop_ios" : 0,
        "slat_ns" : {
          "min" : 3348,
          "max" : 20786436,
          "mean" : 4819.300809,
          "stddev" : 24272.704190,
          "N" : 745529
        },
        "clat_ns" : {
          "min" : 68576,
          "max" : 21010563,
          "mean" : 145036.679001,
          "stddev" : 133762.571671,
          "N" : 745529
        },
        "lat_ns" : {
          "min" : 73091,
          "max" : 21014969,
          "mean" : 149855.979810,
          "stddev" : 135906.711458,
          "N" : 745529,
          "percentile" : {
            "50.000000" : 146432,
            "99.000000" : 181248,
            "99.500000" : 187392,
            "99.900000" : 203776,
            "99.990000" : 5406720,
            "99.999000" : 21102592
          }
        },
        "bw_min" : 6077700,
        "bw_max" : 6915840,
        "bw_agg" : 100.000000,
        "bw_mean" : 6815396.857143,
        "bw_dev" : 231940.783521,
        "bw_samples" : 14,
        "iops_min" : 94964,
        "iops_max" : 108060,
        "iops_mean" : 106490.571429,
        "iops_stddev" : 3624.090034,
        "iops_samples" : 14
      },
      "write" : {
        "io_bytes" : 0,