{
  "fio version" : "fio-3.37-2-g07f73",
  "timestamp" : 1744701401,
  "timestamp_ms" : 1744701401391,
  "time" : "Tue Apr 15 07:16:41 2025",
  "global options" : {
    "lat_percentiles" : "1",
    "clat_percentiles" : "0",
    "cpus_allowed_policy" : "shared",
    "ioengine" : "io_uring",
    "rw" : "randread",
    "thread" : "1",
    "group_reporting" : "1",
    "percentile_list" : "50:99:99.5:99.9:99.99:99.999",
    "direct" : "1",
    "verify" : "0",
    "runtime" : "7s",
    "filename" : "/dev/nvme0n1"
  },
  "jobs" : [
    {
      "jobname" : "test",
      "groupid" : 0,
      "job_start" : 1744701394278,
      "error" : 0,
      "eta" : 0,
      "elapsed" : 8,
      "job options" : {
        "iodepth" : "1",
        "bs" : "4K",
        "numjobs" : "12",
        "cpus_allowed" : "110",
        "nice" : "0"
      },
      "read" : {
        "io_bytes" : 3406721024,
        "io_kbytes" : 3326876,
        "bw_bytes" : 486604917,
        "bw" : 475200,
        "iops" : 118800.028567,
        "runtime" : 7001,
        "total_ios" : 831719,
        "short_ios" : 0,
        "drop_ios" : 0,
        "slat_ns" : {
          "min" : 1260,
          "max" : 715005,
          "mean" : 2965.024886,
          "stddev" : 6623.912572,
          "N" : 831719
        },
        "clat_ns" : {
          "min" : 166,
          "max" : 29294079,
          "mean" : 97355.559843,
          "stddev" : 94198.837467,
          "N" : 831719
        },
        "lat_ns" : {
          "min" : 6576,
          "max" : 29304484,
          "mean" : 100320.584729,
          "stddev" : 93989.232242,
          "N" : 831719,
          "percentile" : {
            "50.000000" : 78336,
            "99.000000" : 309248,
            "99.500000" : 329728,
            "99.900000" : 440320,
            "99.990000" : 1531904,
            "99.999000" : 11337728
          }
        },
        "bw_min" : 450080,
        "bw_max" : 482776,
        "bw_agg" : 98.930532,
        "bw_mean" : 470118.505495,
        "bw_dev" : 739.396948,
        "bw_samples" : 160,
        "iops_min" : 112520,
        "iops_max" : 120694,
        "iops_mean" : 117529.483516,
        "iops_stddev" : 184.853344,
        "iops_samples" : 160
      },
      "write" : {
        "io_bytes" : 0,
        "io_kbytes" : 0,
        "bw_bytes" : 0,
        "bw" : 0,
        "iops" : 0.000000,
        "runtime" : 0,
        "total_ios" : 0,
        "short_ios" : 0,
        "drop_ios" : 0,
        "slat_ns" : {
          "min" : 0,
          "max" : 0,
          "mean" : 0.000000,
          "stddev" : 0.000000,
          "N" : 0
        },
        "clat_ns" : {
          "min" : 0,
          "max" : 0,
          "mean" : 0.000000,
          "stddev" : 0.000000,
          "N" : 0
        },
        "lat_ns" : {
          "min" : 0,
          "max" : 0,
          "mean" : 0.000000,
          "stddev" : 0.000000,
          "N" : 0
        },
        "bw_min" : 0,
        "bw_max" : 0,
        "bw_agg" : 0.000000,
        "bw_mean" : 0.000000,
        "bw_dev" : 0.000000,
        "bw_samples" : 0,
        "iops_min" : 0,
        "iops_max" : 0,
        "iops_mean" : 0.000000,
        "iops_stddev" : 0.000000,
        "iops_samples" : 0
      },
      "trim" : {
        "io_bytes" : 0,
        "io_kbytes" : 0,
        "bw_bytes" : 0,
        "bw" : 0,
        "iops" : 0.000000,
        "runtime" : 0,
        "total_ios" : 0,
        "short_ios" : 0,
        "drop_ios" : 0,
        "slat_ns" : {
          "min" : 0,
          "max" : 0,
          "mean" : 0.000000,
          "stddev" : 0.000000,
          "N" : 0
        },
        "clat_ns" : {
          "min" : 0,
          "max" : 0,
          "mean" : 0.000000,
          "stddev" : 0.000000,
          "N" : 0
        },
        "lat_ns" : {
          "min" : 0,
          "max" : 0,
          "mean" : 0.000000,
          "stddev" : 0.000000,
          "N" : 0
        },
        "bw_min" : 0,
        "bw_max" : 0,
        "bw_agg" : 0.000000,
        "bw_mean" : 0.000000,
        "bw_dev" : 0.000000,
        "bw_samples" : 0,
        "iops_min" : 0,
        "iops_max" : 0,
        "iops_mean" : 0.000000,
        "iops_stddev" : 0.000000,
        "iops_samples" : 0
      },
      "sync" : {
        "total_ios" : 0,
        "lat_ns" : {
          "min" : 0,
          "max" : 0,
          "mean" : 0.000000,
          "stddev" : 0.000000,
          "N" : 0
        }
      },
      "job_runtime" : 84000,
      "usr_cpu" : 1.326190,
      "sys_cpu" : 4.558333,
      "ctx" : 834473,
      "majf" : 0,
      "minf" : 36908,
      "iodepth_level" : {
        "1" : 100.000000,
        "2" : 0.000000,
        "4" : 0.000000,
        "8" : 0.000000,
        "16" : 0.000000,
        "32" : 0.000000,
        ">=64" : 0.000000
      },
      "iodepth_submit" : {
        "0" : 0.000000,
        "4" : 100.000000,
        "8" : 0.000000,
        "16" : 0.000000,
        "32" : 0.000000,
        "64" : 0.000000,
        ">=64" : 0.000000
      },
      "iodepth_complete" : {
        "0" : 0.000000,
        "4" : 100.000000,
        "8" : 0.000000,
        "16" : 0.000000,
        "32" : 0.000000,
        "64" : 0.000000,
        ">=64" : 0.000000
      },
      "latency_ns" : {
        "2" : 0.000000,
        "4" : 0.000000,
        "10" : 0.000000,
        "20" : 0.000000,
        "50" : 0.000000,
        "100" : 0.000000,
        "250" : 0.508826,
        "500" : 0.010000,
        "750" : 0.000000,
        "1000" : 0.000000
      },
      "latency_us" : {
        "2" : 0.010000,
        "4" : 0.010000,
        "10" : 1.975908,
        "20" : 1.993462,
        "50" : 9.269357,
        "100" : 52.649873,
        "250" : 31.571841,
        "500" : 1.966890,
        "750" : 0.032583,
        "1000" : 0.010000
      },
      "latency_ms" : {
        "2" : 0.010000,
        "4" : 0.010000,
        "10" : 0.010000,
        "20" : 0.010000,
        "50" : 0.010000,
        "100" : 0.000000,
        "250" : 0.000000,
        "500" : 0.000000,
        "750" : 0.000000,
        "1000" : 0.000000,
        "2000" : 0.000000,
        ">=2000" : 0.000000
      },
      "latency_depth" : 1,
      "latency_target" : 0,
      "latency_percentile" : 100.000000,
      "latency_window" : 0
    },
    {
      "jobname" : "tapp",
      "groupid" : 1,
      "job_start" : 1744701394286,
      "error" : 0,
      "eta" : 0,
      "elapsed" : 8,
      "job options" : {
        "iodepth" : "16",
        "bs" : "64K",
        "numjobs" : "1",
        "cpus_allowed" : "110",
        "nice" : "0"
      },
      "read" : {
        "io_bytes" : 24237768704,
        "io_kbytes" : 23669696,
        "bw_bytes" : 3462043808,
        "bw" : 3380902,
        "iops" : 52826.596201,
        "runtime" : 7001,
        "total_ios" : 369839,
        "short_ios" : 0,
        "drop_ios" : 0,
        "slat_ns" : {
          "min" : 3163,
          "max" : 5528645,
          "mean" : 14568.153602,
          "stddev" : 80293.894511,
          "N" : 369839
        },
        "clat_ns" : {
          "min" : 63194,
          "max" : 26467884,
          "mean" : 287044.191378,
          "stddev" : 384372.497601,
          "N" : 369839
        },
        "lat_ns" : {
          "min" : 66914,
          "max" : 26472570,
          "mean" : 301612.344980,
          "stddev" : 389359.343315,
          "N" : 369839,
          "percentile" : {
            "50.000000" : 152576,
            "99.000000" : 1073152,
            "99.500000" : 1138688,
            "99.900000" : 1384448,
            "99.990000" : 9633792,
            "99.999000" : 26345472
          }
        },
        "bw_min" : 2929152,
        "bw_max" : 3574400,
        "bw_agg" : 100.000000,
        "bw_mean" : 3380948.857143,
        "bw_dev" : 184840.118044,
        "bw_samples" : 14,
        "iops_min" : 45768,
        "iops_max" : 55850,
        "iops_mean" : 52827.285714,
        "iops_stddev" : 2888.203446,
        "iops_samples" : 14
      },
      "write" : {
        "io_bytes" : 0,