{
  "fio version" : "fio-3.37-2-g07f73",
  "timestamp" : 1744378173,
  "timestamp_ms" : 1744378173853,
  "time" : "Fri Apr 11 13:29:33 2025",
  "global options" : {
    "lat_percentiles" : "1",
    "clat_percentiles" : "0",
    "cpus_allowed_policy" : "shared",
    "ioengine" : "io_uring",
    "rw" : "randread",
    "thread" : "1",
    "group_reporting" : "1",
    "percentile_list" : "50:99:99.5:99.9:99.99:99.999",
    "direct" : "1",
    "verify" : "0",
    "runtime" : "7s",
    "filename" : "/dev/nvme0n1"
  },
  "jobs" : [
    {
      "jobname" : "test",
      "groupid" : 0,
      "job_start" : 1744378166758,
      "error" : 0,
      "eta" : 0,
      "elapsed" : 8,
      "job options" : {
        "iodepth" : "1",
        "bs" : "4K",
        "numjobs" : "6",
        "cpus_allowed" : "110",
        "nice" : "0"
      },
      "read" : {
        "io_bytes" : 1242636288,
        "io_kbytes" : 1213512,
        "bw_bytes" : 177494113,
        "bw" : 173334,
        "iops" : 43333.523782,
        "runtime" : 7001,
        "total_ios" : 303378,
        "short_ios" : 0,
        "drop_ios" : 0,
        "slat_ns" : {
          "min" : 1426,
          "max" : 560463,
          "mean" : 1914.806327,
          "stddev" : 1875.352247,
          "N" : 303378
        },
        "clat_ns" : {
          "min" : 170,
          "max" : 7272536,
          "mean" : 135854.783284,
          "stddev" : 36951.283557,
          "N" : 303378
        },
        "lat_ns" : {
          "min" : 7518,
          "max" : 7288980,
          "mean" : 137769.589611,
          "stddev" : 36990.821955,
          "N" : 303378,
          "percentile" : {
            "50.000000" : 140288,
            "99.000000" : 166912,
            "99.500000" : 171008,
            "99.900000" : 185344,
            "99.990000" : 456704,
            "99.999000" : 4816896
          }
        },
        "bw_min" : 163048,
        "bw_max" : 175080,
        "bw_agg" : 98.100146,
        "bw_mean" : 170041.318681,
        "bw_dev" : 478.341796,
        "bw_samples" : 79,
        "iops_min" : 40762,
        "iops_max" : 43770,
        "iops_mean" : 42510.329670,
        "iops_stddev" : 119.585449,
        "iops_samples" : 79
      },
      "write" : {
        "io_bytes" : 0,
        "io_kbytes" : 0,
        "bw_bytes" : 0,
        "bw" : 0,
        "iops" : 0.000000,
        "runtime" : 0,
        "total_ios" : 0,
        "short_ios" : 0,
        "drop_ios" : 0,
        "slat_ns" : {
          "min" : 0,
          "max" : 0,
          "mean" : 0.000000,
          "stddev" : 0.000000,
          "N" : 0
        },
        "clat_ns" : {
          "min" : 0,
          "max" : 0,
          "mean" : 0.000000,
          "stddev" : 0.000000,
          "N" : 0
        },
        "lat_ns" : {
          "min" : 0,
          "max" : 0,
          "mean" : 0.000000,
          "stddev" : 0.000000,
          "N" : 0
        },
        "bw_min" : 0,
        "bw_max" : 0,
        "bw_agg" : 0.000000,
        "bw_mean" : 0.000000,
        "bw_dev" : 0.000000,
        "bw_samples" : 0,
        "iops_min" : 0,
        "iops_max" : 0,
        "iops_mean" : 0.000000,
        "iops_stddev" : 0.000000,
        "iops_samples" : 0
      },
      "trim" : {
        "io_bytes" : 0,
        "io_kbytes" : 0,
        "bw_bytes" : 0,
        "bw" : 0,
        "iops" : 0.000000,
        "runtime" : 0,
        "total_ios" : 0,
        "short_ios" : 0,
        "drop_ios" : 0,
        "slat_ns" : {
          "min" : 0,
          "max" : 0,
          "mean" : 0.000000,
          "stddev" : 0.000000,
          "N" : 0
        },
        "clat_ns" : {
          "min" : 0,
          "max" : 0,
          "mean" : 0.000000,
          "stddev" : 0.000000,
          "N" : 0
        },
        "lat_ns" : {
          "min" : 0,
          "max" : 0,
          "mean" : 0.000000,
          "stddev" : 0.000000,
          "N" : 0
        },
        "bw_min" : 0,
        "bw_max" : 0,
        "bw_agg" : 0.000000,
        "bw_mean" : 0.000000,
        "bw_dev" : 0.000000,
        "bw_samples" : 0,
        "iops_min" : 0,
        "iops_max" : 0,
        "iops_mean" : 0.000000,
        "iops_stddev" : 0.000000,
        "iops_samples" : 0
      },
      "sync" : {
        "total_ios" : 0,
        "lat_ns" : {
          "min" : 0,
          "max" : 0,
          "mean" : 0.000000,
          "stddev" : 0.000000,
          "N" : 0
        }
      },
      "job_runtime" : 42000,
      "usr_cpu" : 0.873810,
      "sys_cpu" : 3.254762,
      "ctx" : 318109,
      "majf" : 0,
      "minf" : 36312,
      "iodepth_level" : {
        "1" : 100.000000,
        "2" : 0.000000,
        "4" : 0.000000,
        "8" : 0.000000,
        "16" : 0.000000,
        "32" : 0.000000,
        ">=64" : 0.000000
      },
      "iodepth_submit" : {
        "0" : 0.000000,
        "4" : 100.000000,
        "8" : 0.000000,
        "16" : 0.000000,
        "32" : 0.000000,
        "64" : 0.000000,
        ">=64" : 0.000000
      },
      "iodepth_complete" : {
        "0" : 0.000000,
        "4" : 100.000000,
        "8" : 0.000000,
        "16" : 0.000000,
        "32" : 0.000000,
        "64" : 0.000000,
        ">=64" : 0.000000
      },
      "latency_ns" : {
        "2" : 0.000000,
        "4" : 0.000000,
        "10" : 0.000000,
        "20" : 0.000000,
        "50" : 0.000000,
        "100" : 0.000000,
        "250" : 0.050103,
        "500" : 0.010000,
        "750" : 0.000000,
        "1000" : 0.000000
      },
      "latency_us" : {
        "2" : 0.000000,
        "4" : 0.010000,
        "10" : 0.236339,
        "20" : 0.771645,
        "50" : 1.927958,
        "100" : 0.056695,
        "250" : 96.939791,
        "500" : 0.010000,
        "750" : 0.010000,
        "1000" : 0.010000
      },
      "latency_ms" : {
        "2" : 0.010000,
        "4" : 0.010000,
        "10" : 0.010000,
        "20" : 0.000000,
        "50" : 0.000000,
        "100" : 0.000000,
        "250" : 0.000000,
        "500" : 0.000000,
        "750" : 0.000000,
        "1000" : 0.000000,
        "2000" : 0.000000,
        ">=2000" : 0.000000
      },
      "latency_depth" : 1,
      "latency_target" : 0,
      "latency_percentile" : 100.000000,
      "latency_window" : 0
    },
    {
      "jobname" : "tapp",
      "groupid" : 1,
      "job_start" : 1744378166720,
      "error" : 0,
      "eta" : 0,
      "elapsed" : 8,
      "job options" : {
        "iodepth" : "16",
        "bs" : "64K",
        "numjobs" : "1",
        "cpus_allowed" : "110",
        "nice" : "0"
      },
      "read" : {
        "io_bytes" : 49877090304,
        "io_kbytes" : 48708096,
        "bw_bytes" : 7124280860,
        "bw" : 6957305,
        "iops" : 108707.898872,
        "runtime" : 7001,
        "total_ios" : 761064,
        "short_ios" : 0,
        "drop_ios" : 0,
        "slat_ns" : {
          "min" : 3327,
          "max" : 9760339,
          "mean" : 4496.131201,
          "stddev" : 12954.819350,
          "N" : 761064
        },
        "clat_ns" : {
          "min" : 69364,
          "max" : 9993164,
          "mean" : 142328.116445,
          "stddev" : 70737.009802,
          "N" : 761064
        },
        "lat_ns" : {
          "min" : 73981,
          "max" : 9998014,
          "mean" : 146824.247645,
          "stddev" : 71909.521990,
          "N" : 761064,
          "percentile" : {
            "50.000000" : 144384,
            "99.000000" : 164864,
            "99.500000" : 166912,
            "99.900000" : 177152,
            "99.990000" : 3883008,
            "99.999000" : 9895936
          }
        },
        "bw_min" : 6600320,
        "bw_max" : 7008384,
        "bw_agg" : 100.000000,
        "bw_mean" : 6958299.428571,
        "bw_dev" : 111180.377050,
        "bw_samples" : 14,
        "iops_min" : 103130,
        "iops_max" : 109506,
        "iops_mean" : 108723.428571,
        "iops_stddev" : 1737.193391,
        "iops_samples" : 14
      },
      "write" : {
        "io_bytes" : 0,