{
  "fio version" : "fio-3.37-2-g07f73",
  "timestamp" : 1744436828,
  "timestamp_ms" : 1744436828073,
  "time" : "Sat Apr 12 05:47:08 2025",
  "global options" : {
    "lat_percentiles" : "1",
    "clat_percentiles" : "0",
    "cpus_allowed_policy" : "split",
    "ioengine" : "libstorage",
    "rw" : "randread",
    "thread" : "1",
    "group_reporting" : "1",
    "percentile_list" : "50:99:99.5:99.9:99.99:99.999",
    "direct" : "1",
    "verify" : "0",
    "runtime" : "10s",
    "filename" : "/dev/nvme0"
  },
  "jobs" : [
    {
      "jobname" : "test",
      "groupid" : 0,
      "job_start" : 1744436817803,
      "error" : 0,
      "eta" : 0,
      "elapsed" : 11,
      "job options" : {
        "iodepth" : "1",
        "bs" : "4K",
        "numjobs" : "4",
        "cpus_allowed" : "110",
        "nice" : "0",
        "type" : "1",
        "intr" : "1",
        "coalescing" : "1"
      },
      "read" : {
        "io_bytes" : 5460430848,
        "io_kbytes" : 5332452,
        "bw_bytes" : 545879321,
        "bw" : 533085,
        "iops" : 133271.318604,
        "runtime" : 10003,
        "total_ios" : 1333113,
        "short_ios" : 0,
        "drop_ios" : 0,
        "slat_ns" : {
          "min" : 148,
          "max" : 6418884,
          "mean" : 1210.979663,
          "stddev" : 11150.555327,
          "N" : 1333113
        },
        "clat_ns" : {
          "min" : 143,
          "max" : 7031860,
          "mean" : 27298.287164,
          "stddev" : 240134.235168,
          "N" : 1333113
        },
        "lat_ns" : {
          "min" : 4654,
          "max" : 7032061,
          "mean" : 28509.266827,
          "stddev" : 240367.591947,
          "N" : 1333113,
          "percentile" : {
            "50.000000" : 8896,
            "99.000000" : 187392,
            "99.500000" : 456704,
            "99.900000" : 5079040,
            "99.990000" : 6782976,
            "99.999000" : 6979584
          }
        },
        "bw_min" : 495848,
        "bw_max" : 566976,
        "bw_agg" : 100.000000,
        "bw_mean" : 533259.250000,
        "bw_dev" : 4915.147201,
        "bw_samples" : 80,
        "iops_min" : 123962,
        "iops_max" : 141744,
        "iops_mean" : 133314.800000,
        "iops_stddev" : 1228.781096,
        "iops_samples" : 80
      },
      "write" : {
        "io_bytes" : 0,
        "io_kbytes" : 0,
        "bw_bytes" : 0,
        "bw" : 0,
        "iops" : 0.000000,
        "runtime" : 0,
        "total_ios" : 0,
        "short_ios" : 0,
        "drop_ios" : 0,
        "slat_ns" : {
          "min" : 0,
          "max" : 0,
          "mean" : 0.000000,
          "stddev" : 0.000000,
          "N" : 0
        },
        "clat_ns" : {
          "min" : 0,
          "max" : 0,
          "mean" : 0.000000,
          "stddev" : 0.000000,
          "N" : 0
        },
        "lat_ns" : {
          "min" : 0,
          "max" : 0,
          "mean" : 0.000000,
          "stddev" : 0.000000,
          "N" : 0
        },
        "bw_min" : 0,
        "bw_max" : 0,
        "bw_agg" : 0.000000,
        "bw_mean" : 0.000000,
        "bw_dev" : 0.000000,
        "bw_samples" : 0,
        "iops_min" : 0,
        "iops_max" : 0,
        "iops_mean" : 0.000000,
        "iops_stddev" : 0.000000,
        "iops_samples" : 0
      },
      "trim" : {
        "io_bytes" : 0,
        "io_kbytes" : 0,
        "bw_bytes" : 0,
        "bw" : 0,
        "iops" : 0.000000,
        "runtime" : 0,
        "total_ios" : 0,
        "short_ios" : 0,
        "drop_ios" : 0,
        "slat_ns" : {
          "min" : 0,
          "max" : 0,
          "mean" : 0.000000,
          "stddev" : 0.000000,
          "N" : 0
        },
        "clat_ns" : {
          "min" : 0,
          "max" : 0,
          "mean" : 0.000000,
          "stddev" : 0.000000,
          "N" : 0
        },
        "lat_ns" : {
          "min" : 0,
          "max" : 0,
          "mean" : 0.000000,
          "stddev" : 0.000000,
          "N" : 0
        },
        "bw_min" : 0,
        "bw_max" : 0,
        "bw_agg" : 0.000000,
        "bw_mean" : 0.000000,
        "bw_dev" : 0.000000,
        "bw_samples" : 0,
        "iops_min" : 0,
        "iops_max" : 0,
        "iops_mean" : 0.000000,
        "iops_stddev" : 0.000000,
        "iops_samples" : 0
      },
      "sync" : {
        "total_ios" : 0,
        "lat_ns" : {
          "min" : 0,
          "max" : 0,
          "mean" : 0.000000,
          "stddev" : 0.000000,
          "N" : 0
        }
      },
      "job_runtime" : 40002,
      "usr_cpu" : 7.699615,
      "sys_cpu" : 7.919604,
      "ctx" : 1728243,
      "majf" : 0,
      "minf" : 1642,
      "iodepth_level" : {
        "1" : 100.000000,
        "2" : 0.000000,
        "4" : 0.000000,
        "8" : 0.000000,
        "16" : 0.000000,
        "32" : 0.000000,
        ">=64" : 0.000000
      },
      "iodepth_submit" : {
        "0" : 0.000000,
        "4" : 100.000000,
        "8" : 0.000000,
        "16" : 0.000000,
        "32" : 0.000000,
        "64" : 0.000000,
        ">=64" : 0.000000
      },
      "iodepth_complete" : {
        "0" : 0.000000,
        "4" : 100.000000,
        "8" : 0.000000,
        "16" : 0.000000,
        "32" : 0.000000,
        "64" : 0.000000,
        ">=64" : 0.000000
      },
      "latency_ns" : {
        "2" : 0.000000,
        "4" : 0.000000,
        "10" : 0.000000,
        "20" : 0.000000,
        "50" : 0.000000,
        "100" : 0.000000,
        "250" : 0.210260,
        "500" : 0.010000,
        "750" : 0.000000,
        "1000" : 0.000000
      },
      "latency_us" : {
        "2" : 0.010000,
        "4" : 0.010000,
        "10" : 64.581097,
        "20" : 24.042373,
        "50" : 8.183702,
        "100" : 1.435137,
        "250" : 0.771653,
        "500" : 0.302225,
        "750" : 0.090390,
        "1000" : 0.051383
      },
      "latency_ms" : {
        "2" : 0.079138,
        "4" : 0.111243,
        "10" : 0.140423,
        "20" : 0.000000,
        "50" : 0.000000,
        "100" : 0.000000,
        "250" : 0.000000,
        "500" : 0.000000,
        "750" : 0.000000,
        "1000" : 0.000000,
        "2000" : 0.000000,
        ">=2000" : 0.000000
      },
      "latency_depth" : 1,
      "latency_target" : 0,
      "latency_percentile" : 100.000000,
      "latency_window" : 0
    }
  ]
}
