{
  "fio version" : "fio-3.37-1-g294e-dirty",
  "timestamp" : 1744130337,
  "timestamp_ms" : 1744130337601,
  "time" : "Tue Apr  8 16:38:57 2025",
  "global options" : {
    "lat_percentiles" : "1",
    "clat_percentiles" : "0",
    "cpus_allowed_policy" : "split",
    "ioengine" : "spdk",
    "rw" : "randread",
    "thread" : "1",
    "group_reporting" : "1",
    "percentile_list" : "50:99:99.5:99.9:99.99:99.999",
    "direct" : "1",
    "verify" : "0",
    "runtime" : "7s",
    "filename" : "trtype=PCIe traddr=0000.c8.00.0"
  },
  "jobs" : [
    {
      "jobname" : "test",
      "groupid" : 0,
      "job_start" : 1744130330560,
      "error" : 0,
      "eta" : 0,
      "elapsed" : 8,
      "job options" : {
        "iodepth" : "1",
        "bs" : "4K",
        "numjobs" : "3",
        "cpus_allowed" : "110-115",
        "nice" : "0"
      },
      "read" : {
        "io_bytes" : 647385088,
        "io_kbytes" : 632212,
        "bw_bytes" : 92483584,
        "bw" : 90316,
        "iops" : 22579.000000,
        "runtime" : 7000,
        "total_ios" : 158053,
        "short_ios" : 0,
        "drop_ios" : 0,
        "slat_ns" : {
          "min" : 128,
          "max" : 44469,
          "mean" : 212.953927,
          "stddev" : 196.984947,
          "N" : 158053
        },
        "clat_ns" : {
          "min" : 4203,
          "max" : 689347,
          "mean" : 132038.562349,
          "stddev" : 21801.941985,
          "N" : 158053
        },
        "lat_ns" : {
          "min" : 4372,
          "max" : 689609,
          "mean" : 132251.516276,
          "stddev" : 21797.404544,
          "N" : 158053,
          "percentile" : {
            "50.000000" : 134144,
            "99.000000" : 148480,
            "99.500000" : 152576,
            "99.900000" : 160768,
            "99.990000" : 168960,
            "99.999000" : 177152
          }
        },
        "bw_min" : 85432,
        "bw_max" : 117568,
        "bw_agg" : 99.998893,
        "bw_mean" : 90316.000000,
        "bw_dev" : 2568.550637,
        "bw_samples" : 42,
        "iops_min" : 21358,
        "iops_max" : 29392,
        "iops_mean" : 22579.000000,
        "iops_stddev" : 642.137659,
        "iops_samples" : 42
      },
      "write" : {
        "io_bytes" : 0,
        "io_kbytes" : 0,
        "bw_bytes" : 0,
        "bw" : 0,
        "iops" : 0.000000,
        "runtime" : 0,
        "total_ios" : 0,
        "short_ios" : 0,
        "drop_ios" : 0,
        "slat_ns" : {
          "min" : 0,
          "max" : 0,
          "mean" : 0.000000,
          "stddev" : 0.000000,
          "N" : 0
        },
        "clat_ns" : {
          "min" : 0,
          "max" : 0,
          "mean" : 0.000000,
          "stddev" : 0.000000,
          "N" : 0
        },
        "lat_ns" : {
          "min" : 0,
          "max" : 0,
          "mean" : 0.000000,
          "stddev" : 0.000000,
          "N" : 0
        },
        "bw_min" : 0,
        "bw_max" : 0,
        "bw_agg" : 0.000000,
        "bw_mean" : 0.000000,
        "bw_dev" : 0.000000,
        "bw_samples" : 0,
        "iops_min" : 0,
        "iops_max" : 0,
        "iops_mean" : 0.000000,
        "iops_stddev" : 0.000000,
        "iops_samples" : 0
      },
      "trim" : {
        "io_bytes" : 0,
        "io_kbytes" : 0,
        "bw_bytes" : 0,
        "bw" : 0,
        "iops" : 0.000000,
        "runtime" : 0,
        "total_ios" : 0,
        "short_ios" : 0,
        "drop_ios" : 0,
        "slat_ns" : {
          "min" : 0,
          "max" : 0,
          "mean" : 0.000000,
          "stddev" : 0.000000,
          "N" : 0
        },
        "clat_ns" : {
          "min" : 0,
          "max" : 0,
          "mean" : 0.000000,
          "stddev" : 0.000000,
          "N" : 0
        },
        "lat_ns" : {
          "min" : 0,
          "max" : 0,
          "mean" : 0.000000,
          "stddev" : 0.000000,
          "N" : 0
        },
        "bw_min" : 0,
        "bw_max" : 0,
        "bw_agg" : 0.000000,
        "bw_mean" : 0.000000,
        "bw_dev" : 0.000000,
        "bw_samples" : 0,
        "iops_min" : 0,
        "iops_max" : 0,
        "iops_mean" : 0.000000,
        "iops_stddev" : 0.000000,
        "iops_samples" : 0
      },
      "sync" : {
        "total_ios" : 0,
        "lat_ns" : {
          "min" : 0,
          "max" : 0,
          "mean" : 0.000000,
          "stddev" : 0.000000,
          "N" : 0
        }
      },
      "job_runtime" : 21000,
      "usr_cpu" : 99.847619,
      "sys_cpu" : 0.109524,
      "ctx" : 2123,
      "majf" : 0,
      "minf" : 18225,
      "iodepth_level" : {
        "1" : 100.000000,
        "2" : 0.000000,
        "4" : 0.000000,
        "8" : 0.000000,
        "16" : 0.000000,
        "32" : 0.000000,
        ">=64" : 0.000000
      },
      "iodepth_submit" : {
        "0" : 0.000000,
        "4" : 100.000000,
        "8" : 0.000000,
        "16" : 0.000000,
        "32" : 0.000000,
        "64" : 0.000000,
        ">=64" : 0.000000
      },
      "iodepth_complete" : {
        "0" : 0.000000,
        "4" : 100.000000,
        "8" : 0.000000,
        "16" : 0.000000,
        "32" : 0.000000,
        "64" : 0.000000,
        ">=64" : 0.000000
      },
      "latency_ns" : {
        "2" : 0.000000,
        "4" : 0.000000,
        "10" : 0.000000,
        "20" : 0.000000,
        "50" : 0.000000,
        "100" : 0.000000,
        "250" : 0.000000,
        "500" : 0.000000,
        "750" : 0.000000,
        "1000" : 0.000000
      },
      "latency_us" : {
        "2" : 0.000000,
        "4" : 0.000000,
        "10" : 2.744649,
        "20" : 0.010000,
        "50" : 0.010000,
        "100" : 0.010000,
        "250" : 97.243330,
        "500" : 0.000000,
        "750" : 0.010000,
        "1000" : 0.000000
      },
      "latency_ms" : {
        "2" : 0.000000,
        "4" : 0.000000,
        "10" : 0.000000,
        "20" : 0.000000,
        "50" : 0.000000,
        "100" : 0.000000,
        "250" : 0.000000,
        "500" : 0.000000,
        "750" : 0.000000,
        "1000" : 0.000000,
        "2000" : 0.000000,
        ">=2000" : 0.000000
      },
      "latency_depth" : 1,
      "latency_target" : 0,
      "latency_percentile" : 100.000000,
      "latency_window" : 0
    },
    {
      "jobname" : "tapp",
      "groupid" : 1,
      "job_start" : 1744130330553,
      "error" : 0,
      "eta" : 0,
      "elapsed" : 8,
      "job options" : {
        "iodepth" : "16",
        "bs" : "64K",
        "numjobs" : "1",
        "cpus_allowed" : "110-115",
        "nice" : "0"
      },
      "read" : {
        "io_bytes" : 50878611456,
        "io_kbytes" : 49686144,
        "bw_bytes" : 7267334874,
        "bw" : 7097006,
        "iops" : 110890.729896,
        "runtime" : 7001,
        "total_ios" : 776346,
        "short_ios" : 0,
        "drop_ios" : 0,
        "slat_ns" : {
          "min" : 225,
          "max" : 17015,
          "mean" : 316.579664,
          "stddev" : 79.844192,
          "N" : 776346
        },
        "clat_ns" : {
          "min" : 39105,
          "max" : 1545843,
          "mean" : 143553.634593,
          "stddev" : 6765.472227,
          "N" : 776346
        },
        "lat_ns" : {
          "min" : 39471,
          "max" : 1546145,
          "mean" : 143870.214258,
          "stddev" : 6764.836085,
          "N" : 776346,
          "percentile" : {
            "50.000000" : 142336,
            "99.000000" : 156672,
            "99.500000" : 158720,
            "99.900000" : 166912,
            "99.990000" : 177152,
            "99.999000" : 1515520
          }
        },
        "bw_min" : 7082880,
        "bw_max" : 7102336,
        "bw_agg" : 100.000000,
        "bw_mean" : 7098020.571429,
        "bw_dev" : 6367.113749,
        "bw_samples" : 14,
        "iops_min" : 110670,
        "iops_max" : 110974,
        "iops_mean" : 110906.571429,
        "iops_stddev" : 99.486152,
        "iops_samples" : 14
      },
      "write" : {
        "io_bytes" : 0,