{
  "fio version" : "fio-3.37-1-g294e-dirty",
  "timestamp" : 1744175354,
  "timestamp_ms" : 1744175354821,
  "time" : "Wed Apr  9 05:09:14 2025",
  "global options" : {
    "lat_percentiles" : "1",
    "clat_percentiles" : "0",
    "cpus_allowed_policy" : "split",
    "ioengine" : "spdk",
    "rw" : "randread",
    "thread" : "1",
    "group_reporting" : "1",
    "percentile_list" : "50:99:99.5:99.9:99.99:99.999",
    "direct" : "1",
    "verify" : "0",
    "runtime" : "7s",
    "filename" : "trtype=PCIe traddr=0000.c8.00.0"
  },
  "jobs" : [
    {
      "jobname" : "test",
      "groupid" : 0,
      "job_start" : 1744175347781,
      "error" : 0,
      "eta" : 0,
      "elapsed" : 8,
      "job options" : {
        "iodepth" : "1",
        "bs" : "4K",
        "numjobs" : "2",
        "cpus_allowed" : "110-113",
        "nice" : "0"
      },
      "read" : {
        "io_bytes" : 434466816,
        "io_kbytes" : 424284,
        "bw_bytes" : 62066688,
        "bw" : 60612,
        "iops" : 15153.000000,
        "runtime" : 7000,
        "total_ios" : 106071,
        "short_ios" : 0,
        "drop_ios" : 0,
        "slat_ns" : {
          "min" : 131,
          "max" : 35383,
          "mean" : 194.254245,
          "stddev" : 180.627623,
          "N" : 106071
        },
        "clat_ns" : {
          "min" : 4176,
          "max" : 542883,
          "mean" : 131185.860292,
          "stddev" : 22117.527723,
          "N" : 106071
        },
        "lat_ns" : {
          "min" : 4335,
          "max" : 543079,
          "mean" : 131380.114536,
          "stddev" : 22118.383544,
          "N" : 106071,
          "percentile" : {
            "50.000000" : 134144,
            "99.000000" : 148480,
            "99.500000" : 152576,
            "99.900000" : 158720,
            "99.990000" : 168960,
            "99.999000" : 173056
          }
        },
        "bw_min" : 57232,
        "bw_max" : 80296,
        "bw_agg" : 100.000000,
        "bw_mean" : 60612.000000,
        "bw_dev" : 2799.375682,
        "bw_samples" : 28,
        "iops_min" : 14308,
        "iops_max" : 20074,
        "iops_mean" : 15153.000000,
        "iops_stddev" : 699.843921,
        "iops_samples" : 28
      },
      "write" : {
        "io_bytes" : 0,
        "io_kbytes" : 0,
        "bw_bytes" : 0,
        "bw" : 0,
        "iops" : 0.000000,
        "runtime" : 0,
        "total_ios" : 0,
        "short_ios" : 0,
        "drop_ios" : 0,
        "slat_ns" : {
          "min" : 0,
          "max" : 0,
          "mean" : 0.000000,
          "stddev" : 0.000000,
          "N" : 0
        },
        "clat_ns" : {
          "min" : 0,
          "max" : 0,
          "mean" : 0.000000,
          "stddev" : 0.000000,
          "N" : 0
        },
        "lat_ns" : {
          "min" : 0,
          "max" : 0,
          "mean" : 0.000000,
          "stddev" : 0.000000,
          "N" : 0
        },
        "bw_min" : 0,
        "bw_max" : 0,
        "bw_agg" : 0.000000,
        "bw_mean" : 0.000000,
        "bw_dev" : 0.000000,
        "bw_samples" : 0,
        "iops_min" : 0,
        "iops_max" : 0,
        "iops_mean" : 0.000000,
        "iops_stddev" : 0.000000,
        "iops_samples" : 0
      },
      "trim" : {
        "io_bytes" : 0,
        "io_kbytes" : 0,
        "bw_bytes" : 0,
        "bw" : 0,
        "iops" : 0.000000,
        "runtime" : 0,
        "total_ios" : 0,
        "short_ios" : 0,
        "drop_ios" : 0,
        "slat_ns" : {
          "min" : 0,
          "max" : 0,
          "mean" : 0.000000,
          "stddev" : 0.000000,
          "N" : 0
        },
        "clat_ns" : {
          "min" : 0,
          "max" : 0,
          "mean" : 0.000000,
          "stddev" : 0.000000,
          "N" : 0
        },
        "lat_ns" : {
          "min" : 0,
          "max" : 0,
          "mean" : 0.000000,
          "stddev" : 0.000000,
          "N" : 0
        },
        "bw_min" : 0,
        "bw_max" : 0,
        "bw_agg" : 0.000000,
        "bw_mean" : 0.000000,
        "bw_dev" : 0.000000,
        "bw_samples" : 0,
        "iops_min" : 0,
        "iops_max" : 0,
        "iops_mean" : 0.000000,
        "iops_stddev" : 0.000000,
        "iops_samples" : 0
      },
      "sync" : {
        "total_ios" : 0,
        "lat_ns" : {
          "min" : 0,
          "max" : 0,
          "mean" : 0.000000,
          "stddev" : 0.000000,
          "N" : 0
        }
      },
      "job_runtime" : 14000,
      "usr_cpu" : 99.842857,
      "sys_cpu" : 0.114286,
      "ctx" : 1463,
      "majf" : 0,
      "minf" : 12155,
      "iodepth_level" : {
        "1" : 100.000000,
        "2" : 0.000000,
        "4" : 0.000000,
        "8" : 0.000000,
        "16" : 0.000000,
        "32" : 0.000000,
        ">=64" : 0.000000
      },
      "iodepth_submit" : {
        "0" : 0.000000,
        "4" : 100.000000,
        "8" : 0.000000,
        "16" : 0.000000,
        "32" : 0.000000,
        "64" : 0.000000,
        ">=64" : 0.000000
      },
      "iodepth_complete" : {
        "0" : 0.000000,
        "4" : 100.000000,
        "8" : 0.000000,
        "16" : 0.000000,
        "32" : 0.000000,
        "64" : 0.000000,
        ">=64" : 0.000000
      },
      "latency_ns" : {
        "2" : 0.000000,
        "4" : 0.000000,
        "10" : 0.000000,
        "20" : 0.000000,
        "50" : 0.000000,
        "100" : 0.000000,
        "250" : 0.000000,
        "500" : 0.000000,
        "750" : 0.000000,
        "1000" : 0.000000
      },
      "latency_us" : {
        "2" : 0.000000,
        "4" : 0.000000,
        "10" : 2.858463,
        "20" : 0.010000,
        "50" : 0.010000,
        "100" : 0.010000,
        "250" : 97.126453,
        "500" : 0.000000,
        "750" : 0.010000,
        "1000" : 0.000000
      },
      "latency_ms" : {
        "2" : 0.000000,
        "4" : 0.000000,
        "10" : 0.000000,
        "20" : 0.000000,
        "50" : 0.000000,
        "100" : 0.000000,
        "250" : 0.000000,
        "500" : 0.000000,
        "750" : 0.000000,
        "1000" : 0.000000,
        "2000" : 0.000000,
        ">=2000" : 0.000000
      },
      "latency_depth" : 1,
      "latency_target" : 0,
      "latency_percentile" : 100.000000,
      "latency_window" : 0
    },
    {
      "jobname" : "tapp",
      "groupid" : 1,
      "job_start" : 1744175347774,
      "error" : 0,
      "eta" : 0,
      "elapsed" : 8,
      "job options" : {
        "iodepth" : "16",
        "bs" : "64K",
        "numjobs" : "1",
        "cpus_allowed" : "110-113",
        "nice" : "0"
      },
      "read" : {
        "io_bytes" : 51122995200,
        "io_kbytes" : 49924800,
        "bw_bytes" : 7302241851,
        "bw" : 7131095,
        "iops" : 111423.368090,
        "runtime" : 7001,
        "total_ios" : 780075,
        "short_ios" : 0,
        "drop_ios" : 0,
        "slat_ns" : {
          "min" : 218,
          "max" : 17117,
          "mean" : 265.568826,
          "stddev" : 73.383055,
          "N" : 780075
        },
        "clat_ns" : {
          "min" : 44655,
          "max" : 1331906,
          "mean" : 143008.245333,
          "stddev" : 5894.113304,
          "N" : 780075
        },
        "lat_ns" : {
          "min" : 45010,
          "max" : 1332142,
          "mean" : 143273.814159,
          "stddev" : 5893.393807,
          "N" : 780075,
          "percentile" : {
            "50.000000" : 142336,
            "99.000000" : 156672,
            "99.500000" : 158720,
            "99.900000" : 166912,
            "99.990000" : 177152,
            "99.999000" : 1302528
          }
        },
        "bw_min" : 7120256,
        "bw_max" : 7136128,
        "bw_agg" : 100.000000,
        "bw_mean" : 7132114.285714,
        "bw_dev" : 5252.106675,
        "bw_samples" : 14,
        "iops_min" : 111252,
        "iops_max" : 111502,
        "iops_mean" : 111439.142857,
        "iops_stddev" : 82.412524,
        "iops_samples" : 14
      },
      "write" : {
        "io_bytes" : 0,