{
  "fio version" : "fio-3.37-1-g294e-dirty",
  "timestamp" : 1744130354,
  "timestamp_ms" : 1744130354817,
  "time" : "Tue Apr  8 16:39:14 2025",
  "global options" : {
    "lat_percentiles" : "1",
    "clat_percentiles" : "0",
    "cpus_allowed_policy" : "split",
    "ioengine" : "spdk",
    "rw" : "randread",
    "thread" : "1",
    "group_reporting" : "1",
    "percentile_list" : "50:99:99.5:99.9:99.99:99.999",
    "direct" : "1",
    "verify" : "0",
    "runtime" : "7s",
    "filename" : "trtype=PCIe traddr=0000.c8.00.0"
  },
  "jobs" : [
    {
      "jobname" : "test",
      "groupid" : 0,
      "job_start" : 1744130347789,
      "error" : 0,
      "eta" : 0,
      "elapsed" : 8,
      "job options" : {
        "iodepth" : "1",
        "bs" : "4K",
        "numjobs" : "9",
        "cpus_allowed" : "110-115",
        "nice" : "0"
      },
      "read" : {
        "io_bytes" : 16099000320,
        "io_kbytes" : 15721680,
        "bw_bytes" : 2297559628,
        "bw" : 2243710,
        "iops" : 560927.643785,
        "runtime" : 7007,
        "total_ios" : 3930420,
        "short_ios" : 0,
        "drop_ios" : 0,
        "slat_ns" : {
          "min" : 121,
          "max" : 5672646,
          "mean" : 291.323906,
          "stddev" : 21397.031597,
          "N" : 3930420
        },
        "clat_ns" : {
          "min" : 4141,
          "max" : 8130445,
          "mean" : 15028.122368,
          "stddev" : 155759.275417,
          "N" : 3930420
        },
        "lat_ns" : {
          "min" : 4303,
          "max" : 8130605,
          "mean" : 15319.446274,
          "stddev" : 157308.154154,
          "N" : 3930420,
          "percentile" : {
            "50.000000" : 4896,
            "99.000000" : 142336,
            "99.500000" : 144384,
            "99.900000" : 4014080,
            "99.990000" : 4145152,
            "99.999000" : 4145152
          }
        },
        "bw_min" : 1774448,
        "bw_max" : 2715744,
        "bw_agg" : 99.890424,
        "bw_mean" : 2241252.906593,
        "bw_dev" : 58957.035026,
        "bw_samples" : 122,
        "iops_min" : 443612,
        "iops_max" : 678936,
        "iops_mean" : 560313.137363,
        "iops_stddev" : 14739.259216,
        "iops_samples" : 122
      },
      "write" : {
        "io_bytes" : 0,
        "io_kbytes" : 0,
        "bw_bytes" : 0,
        "bw" : 0,
        "iops" : 0.000000,
        "runtime" : 0,
        "total_ios" : 0,
        "short_ios" : 0,
        "drop_ios" : 0,
        "slat_ns" : {
          "min" : 0,
          "max" : 0,
          "mean" : 0.000000,
          "stddev" : 0.000000,
          "N" : 0
        },
        "clat_ns" : {
          "min" : 0,
          "max" : 0,
          "mean" : 0.000000,
          "stddev" : 0.000000,
          "N" : 0
        },
        "lat_ns" : {
          "min" : 0,
          "max" : 0,
          "mean" : 0.000000,
          "stddev" : 0.000000,
          "N" : 0
        },
        "bw_min" : 0,
        "bw_max" : 0,
        "bw_agg" : 0.000000,
        "bw_mean" : 0.000000,
        "bw_dev" : 0.000000,
        "bw_samples" : 0,
        "iops_min" : 0,
        "iops_max" : 0,
        "iops_mean" : 0.000000,
        "iops_stddev" : 0.000000,
        "iops_samples" : 0
      },
      "trim" : {
        "io_bytes" : 0,
        "io_kbytes" : 0,
        "bw_bytes" : 0,
        "bw" : 0,
        "iops" : 0.000000,
        "runtime" : 0,
        "total_ios" : 0,
        "short_ios" : 0,
        "drop_ios" : 0,
        "slat_ns" : {
          "min" : 0,
          "max" : 0,
          "mean" : 0.000000,
          "stddev" : 0.000000,
          "N" : 0
        },
        "clat_ns" : {
          "min" : 0,
          "max" : 0,
          "mean" : 0.000000,
          "stddev" : 0.000000,
          "N" : 0
        },
        "lat_ns" : {
          "min" : 0,
          "max" : 0,
          "mean" : 0.000000,
          "stddev" : 0.000000,
          "N" : 0
        },
        "bw_min" : 0,
        "bw_max" : 0,
        "bw_agg" : 0.000000,
        "bw_mean" : 0.000000,
        "bw_dev" : 0.000000,
        "bw_samples" : 0,
        "iops_min" : 0,
        "iops_max" : 0,
        "iops_mean" : 0.000000,
        "iops_stddev" : 0.000000,
        "iops_samples" : 0
      },
      "sync" : {
        "total_ios" : 0,
        "lat_ns" : {
          "min" : 0,
          "max" : 0,
          "mean" : 0.000000,
          "stddev" : 0.000000,
          "N" : 0
        }
      },
      "job_runtime" : 63006,
      "usr_cpu" : 60.975145,
      "sys_cpu" : 0.087293,
      "ctx" : 7565,
      "majf" : 0,
      "minf" : 54349,
      "iodepth_level" : {
        "1" : 100.000000,
        "2" : 0.000000,
        "4" : 0.000000,
        "8" : 0.000000,
        "16" : 0.000000,
        "32" : 0.000000,
        ">=64" : 0.000000
      },
      "iodepth_submit" : {
        "0" : 0.000000,
        "4" : 100.000000,
        "8" : 0.000000,
        "16" : 0.000000,
        "32" : 0.000000,
        "64" : 0.000000,
        ">=64" : 0.000000
      },
      "iodepth_complete" : {
        "0" : 0.000000,
        "4" : 100.000000,
        "8" : 0.000000,
        "16" : 0.000000,
        "32" : 0.000000,
        "64" : 0.000000,
        ">=64" : 0.000000
      },
      "latency_ns" : {
        "2" : 0.000000,
        "4" : 0.000000,
        "10" : 0.000000,
        "20" : 0.000000,
        "50" : 0.000000,
        "100" : 0.000000,
        "250" : 0.000000,
        "500" : 0.000000,
        "750" : 0.000000,
        "1000" : 0.000000
      },
      "latency_us" : {
        "2" : 0.000000,
        "4" : 0.000000,
        "10" : 96.260527,
        "20" : 0.220816,
        "50" : 0.044753,
        "100" : 0.091339,
        "250" : 3.236753,
        "500" : 0.010000,
        "750" : 0.000000,
        "1000" : 0.010000
      },
      "latency_ms" : {
        "2" : 0.010000,
        "4" : 0.010000,
        "10" : 0.145532,
        "20" : 0.000000,
        "50" : 0.000000,
        "100" : 0.000000,
        "250" : 0.000000,
        "500" : 0.000000,
        "750" : 0.000000,
        "1000" : 0.000000,
        "2000" : 0.000000,
        ">=2000" : 0.000000
      },
      "latency_depth" : 1,
      "latency_target" : 0,
      "latency_percentile" : 100.000000,
      "latency_window" : 0
    },
    {
      "jobname" : "tapp",
      "groupid" : 1,
      "job_start" : 1744130347789,
      "error" : 0,
      "eta" : 0,
      "elapsed" : 8,
      "job options" : {
        "iodepth" : "16",
        "bs" : "64K",
        "numjobs" : "1",
        "cpus_allowed" : "110-115",
        "nice" : "0"
      },
      "read" : {
        "io_bytes" : 25805783040,
        "io_kbytes" : 25200960,
        "bw_bytes" : 3684961165,
        "bw" : 3598594,
        "iops" : 56228.045124,
        "runtime" : 7003,
        "total_ios" : 393765,
        "short_ios" : 0,
        "drop_ios" : 0,
        "slat_ns" : {
          "min" : 212,
          "max" : 4012343,
          "mean" : 510.656107,
          "stddev" : 31450.928223,
          "N" : 393765
        },
        "clat_ns" : {
          "min" : 24705,
          "max" : 4180033,
          "mean" : 282879.729681,
          "stddev" : 728724.164251,
          "N" : 393765
        },
        "lat_ns" : {
          "min" : 25073,
          "max" : 4180278,
          "mean" : 283390.385788,
          "stddev" : 729319.347761,
          "N" : 393765,
          "percentile" : {
            "50.000000" : 144384,
            "99.000000" : 4112384,
            "99.500000" : 4145152,
            "99.900000" : 4145152,
            "99.990000" : 4145152,
            "99.999000" : 4177920
          }
        },
        "bw_min" : 3516672,
        "bw_max" : 3618816,
        "bw_agg" : 100.000000,
        "bw_mean" : 3599990.857143,
        "bw_dev" : 25106.001167,
        "bw_samples" : 14,
        "iops_min" : 54948,
        "iops_max" : 56544,
        "iops_mean" : 56249.857143,
        "iops_stddev" : 392.281268,
        "iops_samples" : 14
      },