{
  "fio version" : "fio-3.37-1-g294e-dirty",
  "timestamp" : 1744175372,
  "timestamp_ms" : 1744175372276,
  "time" : "Wed Apr  9 05:09:32 2025",
  "global options" : {
    "lat_percentiles" : "1",
    "clat_percentiles" : "0",
    "cpus_allowed_policy" : "split",
    "ioengine" : "spdk",
    "rw" : "randread",
    "thread" : "1",
    "group_reporting" : "1",
    "percentile_list" : "50:99:99.5:99.9:99.99:99.999",
    "direct" : "1",
    "verify" : "0",
    "runtime" : "7s",
    "filename" : "trtype=PCIe traddr=0000.c8.00.0"
  },
  "jobs" : [
    {
      "jobname" : "test",
      "groupid" : 0,
      "job_start" : 1744175365018,
      "error" : 0,
      "eta" : 0,
      "elapsed" : 8,
      "job options" : {
        "iodepth" : "1",
        "bs" : "4K",
        "numjobs" : "8",
        "cpus_allowed" : "110-113",
        "nice" : "0"
      },
      "read" : {
        "io_bytes" : 14578356224,
        "io_kbytes" : 14236676,
        "bw_bytes" : 2081730147,
        "bw" : 2032939,
        "iops" : 508234.899329,
        "runtime" : 7003,
        "total_ios" : 3559169,
        "short_ios" : 0,
        "drop_ios" : 0,
        "slat_ns" : {
          "min" : 121,
          "max" : 8017362,
          "mean" : 370.216680,
          "stddev" : 34685.485998,
          "N" : 3559169
        },
        "clat_ns" : {
          "min" : 4128,
          "max" : 12007311,
          "mean" : 14487.410258,
          "stddev" : 202264.262152,
          "N" : 3559169
        },
        "lat_ns" : {
          "min" : 4282,
          "max" : 12007465,
          "mean" : 14857.626937,
          "stddev" : 205256.754359,
          "N" : 3559169,
          "percentile" : {
            "50.000000" : 4832,
            "99.000000" : 134144,
            "99.500000" : 134144,
            "99.900000" : 4014080,
            "99.990000" : 8028160,
            "99.999000" : 8028160
          }
        },
        "bw_min" : 1971784,
        "bw_max" : 2101136,
        "bw_agg" : 99.955798,
        "bw_mean" : 2032041.098901,
        "bw_dev" : 5067.614261,
        "bw_samples" : 111,
        "iops_min" : 492946,
        "iops_max" : 525284,
        "iops_mean" : 508010.274725,
        "iops_stddev" : 1266.903565,
        "iops_samples" : 111
      },
      "write" : {
        "io_bytes" : 0,
        "io_kbytes" : 0,
        "bw_bytes" : 0,
        "bw" : 0,
        "iops" : 0.000000,
        "runtime" : 0,
        "total_ios" : 0,
        "short_ios" : 0,
        "drop_ios" : 0,
        "slat_ns" : {
          "min" : 0,
          "max" : 0,
          "mean" : 0.000000,
          "stddev" : 0.000000,
          "N" : 0
        },
        "clat_ns" : {
          "min" : 0,
          "max" : 0,
          "mean" : 0.000000,
          "stddev" : 0.000000,
          "N" : 0
        },
        "lat_ns" : {
          "min" : 0,
          "max" : 0,
          "mean" : 0.000000,
          "stddev" : 0.000000,
          "N" : 0
        },
        "bw_min" : 0,
        "bw_max" : 0,
        "bw_agg" : 0.000000,
        "bw_mean" : 0.000000,
        "bw_dev" : 0.000000,
        "bw_samples" : 0,
        "iops_min" : 0,
        "iops_max" : 0,
        "iops_mean" : 0.000000,
        "iops_stddev" : 0.000000,
        "iops_samples" : 0
      },
      "trim" : {
        "io_bytes" : 0,
        "io_kbytes" : 0,
        "bw_bytes" : 0,
        "bw" : 0,
        "iops" : 0.000000,
        "runtime" : 0,
        "total_ios" : 0,
        "short_ios" : 0,
        "drop_ios" : 0,
        "slat_ns" : {
          "min" : 0,
          "max" : 0,
          "mean" : 0.000000,
          "stddev" : 0.000000,
          "N" : 0
        },
        "clat_ns" : {
          "min" : 0,
          "max" : 0,
          "mean" : 0.000000,
          "stddev" : 0.000000,
          "N" : 0
        },
        "lat_ns" : {
          "min" : 0,
          "max" : 0,
          "mean" : 0.000000,
          "stddev" : 0.000000,
          "N" : 0
        },
        "bw_min" : 0,
        "bw_max" : 0,
        "bw_agg" : 0.000000,
        "bw_mean" : 0.000000,
        "bw_dev" : 0.000000,
        "bw_samples" : 0,
        "iops_min" : 0,
        "iops_max" : 0,
        "iops_mean" : 0.000000,
        "iops_stddev" : 0.000000,
        "iops_samples" : 0
      },
      "sync" : {
        "total_ios" : 0,
        "lat_ns" : {
          "min" : 0,
          "max" : 0,
          "mean" : 0.000000,
          "stddev" : 0.000000,
          "N" : 0
        }
      },
      "job_runtime" : 56002,
      "usr_cpu" : 45.814435,
      "sys_cpu" : 0.058926,
      "ctx" : 6441,
      "majf" : 0,
      "minf" : 48632,
      "iodepth_level" : {
        "1" : 100.000000,
        "2" : 0.000000,
        "4" : 0.000000,
        "8" : 0.000000,
        "16" : 0.000000,
        "32" : 0.000000,
        ">=64" : 0.000000
      },
      "iodepth_submit" : {
        "0" : 0.000000,
        "4" : 100.000000,
        "8" : 0.000000,
        "16" : 0.000000,
        "32" : 0.000000,
        "64" : 0.000000,
        ">=64" : 0.000000
      },
      "iodepth_complete" : {
        "0" : 0.000000,
        "4" : 100.000000,
        "8" : 0.000000,
        "16" : 0.000000,
        "32" : 0.000000,
        "64" : 0.000000,
        ">=64" : 0.000000
      },
      "latency_ns" : {
        "2" : 0.000000,
        "4" : 0.000000,
        "10" : 0.000000,
        "20" : 0.000000,
        "50" : 0.000000,
        "100" : 0.000000,
        "250" : 0.000000,
        "500" : 0.000000,
        "750" : 0.000000,
        "1000" : 0.000000
      },
      "latency_us" : {
        "2" : 0.000000,
        "4" : 0.000000,
        "10" : 98.194382,
        "20" : 0.125254,
        "50" : 0.014526,
        "100" : 0.034699,
        "250" : 1.464471,
        "500" : 0.010000,
        "750" : 0.010000,
        "1000" : 0.000000
      },
      "latency_ms" : {
        "2" : 0.000000,
        "4" : 0.010000,
        "10" : 0.166387,
        "20" : 0.010000,
        "50" : 0.000000,
        "100" : 0.000000,
        "250" : 0.000000,
        "500" : 0.000000,
        "750" : 0.000000,
        "1000" : 0.000000,
        "2000" : 0.000000,
        ">=2000" : 0.000000
      },
      "latency_depth" : 1,
      "latency_target" : 0,
      "latency_percentile" : 100.000000,
      "latency_window" : 0
    },
    {
      "jobname" : "tapp",
      "groupid" : 1,
      "job_start" : 1744175364994,
      "error" : 0,
      "eta" : 0,
      "elapsed" : 8,
      "job options" : {
        "iodepth" : "16",
        "bs" : "64K",
        "numjobs" : "1",
        "cpus_allowed" : "110-113",
        "nice" : "0"
      },
      "read" : {
        "io_bytes" : 17364680704,
        "io_kbytes" : 16957696,
        "bw_bytes" : 2480314341,
        "bw" : 2422181,
        "iops" : 37846.593344,
        "runtime" : 7001,
        "total_ios" : 264964,
        "short_ios" : 0,
        "drop_ios" : 0,
        "slat_ns" : {
          "min" : 217,
          "max" : 8010333,
          "mean" : 673.040639,
          "stddev" : 56084.779018,
          "N" : 264964
        },
        "clat_ns" : {
          "min" : 36358,
          "max" : 8798043,
          "mean" : 420588.660376,
          "stddev" : 1461831.862801,
          "N" : 264964
        },
        "lat_ns" : {
          "min" : 36669,
          "max" : 8798283,
          "mean" : 421261.701016,
          "stddev" : 1462805.033091,
          "N" : 264964,
          "percentile" : {
            "50.000000" : 142336,
            "99.000000" : 8093696,
            "99.500000" : 8159232,
            "99.900000" : 8159232,
            "99.990000" : 8159232,
            "99.999000" : 8847360
          }
        },
        "bw_min" : 2386048,
        "bw_max" : 2445440,
        "bw_agg" : 100.000000,
        "bw_mean" : 2422874.142857,
        "bw_dev" : 24887.880380,
        "bw_samples" : 14,
        "iops_min" : 37282,
        "iops_max" : 38210,
        "iops_mean" : 37857.357143,
        "iops_stddev" : 388.872850,
        "iops_samples" : 14
      },