{
  "fio version" : "fio-3.37-1-g294e-dirty",
  "timestamp" : 1744175363,
  "timestamp_ms" : 1744175363422,
  "time" : "Wed Apr  9 05:09:23 2025",
  "global options" : {
    "lat_percentiles" : "1",
    "clat_percentiles" : "0",
    "cpus_allowed_policy" : "split",
    "ioengine" : "spdk",
    "rw" : "randread",
    "thread" : "1",
    "group_reporting" : "1",
    "percentile_list" : "50:99:99.5:99.9:99.99:99.999",
    "direct" : "1",
    "verify" : "0",
    "runtime" : "7s",
    "filename" : "trtype=PCIe traddr=0000.c8.00.0"
  },
  "jobs" : [
    {
      "jobname" : "test",
      "groupid" : 0,
      "job_start" : 1744175356389,
      "error" : 0,
      "eta" : 0,
      "elapsed" : 8,
      "job options" : {
        "iodepth" : "1",
        "bs" : "4K",
        "numjobs" : "4",
        "cpus_allowed" : "110-113",
        "nice" : "0"
      },
      "read" : {
        "io_bytes" : 10476064768,
        "io_kbytes" : 10230532,
        "bw_bytes" : 1496366914,
        "bw" : 1461295,
        "iops" : 365323.953721,
        "runtime" : 7001,
        "total_ios" : 2557633,
        "short_ios" : 0,
        "drop_ios" : 0,
        "slat_ns" : {
          "min" : 125,
          "max" : 4010686,
          "mean" : 249.662185,
          "stddev" : 11483.402644,
          "N" : 2557633
        },
        "clat_ns" : {
          "min" : 4138,
          "max" : 4149642,
          "mean" : 10138.986658,
          "stddev" : 73654.214067,
          "N" : 2557633
        },
        "lat_ns" : {
          "min" : 4289,
          "max" : 4154835,
          "mean" : 10388.648843,
          "stddev" : 74597.629470,
          "N" : 2557633,
          "percentile" : {
            "50.000000" : 4960,
            "99.000000" : 134144,
            "99.500000" : 134144,
            "99.900000" : 146432,
            "99.990000" : 4014080,
            "99.999000" : 4145152
          }
        },
        "bw_min" : 1436472,
        "bw_max" : 1472744,
        "bw_agg" : 100.000000,
        "bw_mean" : 1461443.164835,
        "bw_dev" : 2676.261902,
        "bw_samples" : 54,
        "iops_min" : 359118,
        "iops_max" : 368186,
        "iops_mean" : 365360.791209,
        "iops_stddev" : 669.065475,
        "iops_samples" : 54
      },
      "write" : {
        "io_bytes" : 0,
        "io_kbytes" : 0,
        "bw_bytes" : 0,
        "bw" : 0,
        "iops" : 0.000000,
        "runtime" : 0,
        "total_ios" : 0,
        "short_ios" : 0,
        "drop_ios" : 0,
        "slat_ns" : {
          "min" : 0,
          "max" : 0,
          "mean" : 0.000000,
          "stddev" : 0.000000,
          "N" : 0
        },
        "clat_ns" : {
          "min" : 0,
          "max" : 0,
          "mean" : 0.000000,
          "stddev" : 0.000000,
          "N" : 0
        },
        "lat_ns" : {
          "min" : 0,
          "max" : 0,
          "mean" : 0.000000,
          "stddev" : 0.000000,
          "N" : 0
        },
        "bw_min" : 0,
        "bw_max" : 0,
        "bw_agg" : 0.000000,
        "bw_mean" : 0.000000,
        "bw_dev" : 0.000000,
        "bw_samples" : 0,
        "iops_min" : 0,
        "iops_max" : 0,
        "iops_mean" : 0.000000,
        "iops_stddev" : 0.000000,
        "iops_samples" : 0
      },
      "trim" : {
        "io_bytes" : 0,
        "io_kbytes" : 0,
        "bw_bytes" : 0,
        "bw" : 0,
        "iops" : 0.000000,
        "runtime" : 0,
        "total_ios" : 0,
        "short_ios" : 0,
        "drop_ios" : 0,
        "slat_ns" : {
          "min" : 0,
          "max" : 0,
          "mean" : 0.000000,
          "stddev" : 0.000000,
          "N" : 0
        },
        "clat_ns" : {
          "min" : 0,
          "max" : 0,
          "mean" : 0.000000,
          "stddev" : 0.000000,
          "N" : 0
        },
        "lat_ns" : {
          "min" : 0,
          "max" : 0,
          "mean" : 0.000000,
          "stddev" : 0.000000,
          "N" : 0
        },
        "bw_min" : 0,
        "bw_max" : 0,
        "bw_agg" : 0.000000,
        "bw_mean" : 0.000000,
        "bw_dev" : 0.000000,
        "bw_samples" : 0,
        "iops_min" : 0,
        "iops_max" : 0,
        "iops_mean" : 0.000000,
        "iops_stddev" : 0.000000,
        "iops_samples" : 0
      },
      "sync" : {
        "total_ios" : 0,
        "lat_ns" : {
          "min" : 0,
          "max" : 0,
          "mean" : 0.000000,
          "stddev" : 0.000000,
          "N" : 0
        }
      },
      "job_runtime" : 28000,
      "usr_cpu" : 87.367857,
      "sys_cpu" : 0.110714,
      "ctx" : 3117,
      "majf" : 0,
      "minf" : 24366,
      "iodepth_level" : {
        "1" : 100.000000,
        "2" : 0.000000,
        "4" : 0.000000,
        "8" : 0.000000,
        "16" : 0.000000,
        "32" : 0.000000,
        ">=64" : 0.000000
      },
      "iodepth_submit" : {
        "0" : 0.000000,
        "4" : 100.000000,
        "8" : 0.000000,
        "16" : 0.000000,
        "32" : 0.000000,
        "64" : 0.000000,
        ">=64" : 0.000000
      },
      "iodepth_complete" : {
        "0" : 0.000000,
        "4" : 100.000000,
        "8" : 0.000000,
        "16" : 0.000000,
        "32" : 0.000000,
        "64" : 0.000000,
        ">=64" : 0.000000
      },
      "latency_ns" : {
        "2" : 0.000000,
        "4" : 0.000000,
        "10" : 0.000000,
        "20" : 0.000000,
        "50" : 0.000000,
        "100" : 0.000000,
        "250" : 0.000000,
        "500" : 0.000000,
        "750" : 0.000000,
        "1000" : 0.000000
      },
      "latency_us" : {
        "2" : 0.000000,
        "4" : 0.000000,
        "10" : 96.555213,
        "20" : 0.183529,
        "50" : 0.050359,
        "100" : 0.076008,
        "250" : 3.104159,
        "500" : 0.000000,
        "750" : 0.010000,
        "1000" : 0.000000
      },
      "latency_ms" : {
        "2" : 0.010000,
        "4" : 0.000000,
        "10" : 0.030653,
        "20" : 0.000000,
        "50" : 0.000000,
        "100" : 0.000000,
        "250" : 0.000000,
        "500" : 0.000000,
        "750" : 0.000000,
        "1000" : 0.000000,
        "2000" : 0.000000,
        ">=2000" : 0.000000
      },
      "latency_depth" : 1,
      "latency_target" : 0,
      "latency_percentile" : 100.000000,
      "latency_window" : 0
    },
    {
      "jobname" : "tapp",
      "groupid" : 1,
      "job_start" : 1744175356383,
      "error" : 0,
      "eta" : 0,
      "elapsed" : 8,
      "job options" : {
        "iodepth" : "16",
        "bs" : "64K",
        "numjobs" : "1",
        "cpus_allowed" : "110-113",
        "nice" : "0"
      },
      "read" : {
        "io_bytes" : 26076381184,
        "io_kbytes" : 25465216,
        "bw_bytes" : 3723069843,
        "bw" : 3635810,
        "iops" : 56809.537407,
        "runtime" : 7004,
        "total_ios" : 397894,
        "short_ios" : 0,
        "drop_ios" : 0,
        "slat_ns" : {
          "min" : 223,
          "max" : 4012892,
          "mean" : 670.220252,
          "stddev" : 38118.750016,
          "N" : 397894
        },
        "clat_ns" : {
          "min" : 24429,
          "max" : 8147539,
          "mean" : 280130.716246,
          "stddev" : 726726.965335,
          "N" : 397894
        },
        "lat_ns" : {
          "min" : 24863,
          "max" : 8147853,
          "mean" : 280800.936498,
          "stddev" : 727606.216776,
          "N" : 397894,
          "percentile" : {
            "50.000000" : 142336,
            "99.000000" : 4112384,
            "99.500000" : 4145152,
            "99.900000" : 4145152,
            "99.990000" : 4177920,
            "99.999000" : 8093696
          }
        },
        "bw_min" : 3608960,
        "bw_max" : 3650944,
        "bw_agg" : 100.000000,
        "bw_mean" : 3637741.714286,
        "bw_dev" : 10662.644927,
        "bw_samples" : 14,
        "iops_min" : 56390,
        "iops_max" : 57046,
        "iops_mean" : 56839.714286,
        "iops_stddev" : 166.603827,
        "iops_samples" : 14
      },