{
  "fio version" : "fio-3.37-1-g294e-dirty",
  "timestamp" : 1744175346,
  "timestamp_ms" : 1744175346221,
  "time" : "Wed Apr  9 05:09:06 2025",
  "global options" : {
    "lat_percentiles" : "1",
    "clat_percentiles" : "0",
    "cpus_allowed_policy" : "split",
    "ioengine" : "spdk",
    "rw" : "randread",
    "thread" : "1",
    "group_reporting" : "1",
    "percentile_list" : "50:99:99.5:99.9:99.99:99.999",
    "direct" : "1",
    "verify" : "0",
    "runtime" : "7s",
    "filename" : "trtype=PCIe traddr=0000.c8.00.0"
  },
  "jobs" : [
    {
      "jobname" : "test",
      "groupid" : 0,
      "job_start" : 1744175339184,
      "error" : 0,
      "eta" : 0,
      "elapsed" : 8,
      "job options" : {
        "iodepth" : "1",
        "bs" : "4K",
        "numjobs" : "1",
        "cpus_allowed" : "110-113",
        "nice" : "0"
      },
      "read" : {
        "io_bytes" : 217485312,
        "io_kbytes" : 212388,
        "bw_bytes" : 31069330,
        "bw" : 30341,
        "iops" : 7585.285714,
        "runtime" : 7000,
        "total_ios" : 53097,
        "short_ios" : 0,
        "drop_ios" : 0,
        "slat_ns" : {
          "min" : 129,
          "max" : 33840,
          "mean" : 172.537639,
          "stddev" : 167.170021,
          "N" : 53097
        },
        "clat_ns" : {
          "min" : 4183,
          "max" : 298648,
          "mean" : 131142.529484,
          "stddev" : 20496.819547,
          "N" : 53097
        },
        "lat_ns" : {
          "min" : 4335,
          "max" : 298799,
          "mean" : 131315.067122,
          "stddev" : 20494.289038,
          "N" : 53097,
          "percentile" : {
            "50.000000" : 132096,
            "99.000000" : 148480,
            "99.500000" : 150528,
            "99.900000" : 158720,
            "99.990000" : 168960,
            "99.999000" : 296960
          }
        },
        "bw_min" : 28992,
        "bw_max" : 39040,
        "bw_agg" : 99.999530,
        "bw_mean" : 30341.142857,
        "bw_dev" : 2514.469354,
        "bw_samples" : 14,
        "iops_min" : 7248,
        "iops_max" : 9760,
        "iops_mean" : 7585.285714,
        "iops_stddev" : 628.617338,
        "iops_samples" : 14
      },
      "write" : {
        "io_bytes" : 0,
        "io_kbytes" : 0,
        "bw_bytes" : 0,
        "bw" : 0,
        "iops" : 0.000000,
        "runtime" : 0,
        "total_ios" : 0,
        "short_ios" : 0,
        "drop_ios" : 0,
        "slat_ns" : {
          "min" : 0,
          "max" : 0,
          "mean" : 0.000000,
          "stddev" : 0.000000,
          "N" : 0
        },
        "clat_ns" : {
          "min" : 0,
          "max" : 0,
          "mean" : 0.000000,
          "stddev" : 0.000000,
          "N" : 0
        },
        "lat_ns" : {
          "min" : 0,
          "max" : 0,
          "mean" : 0.000000,
          "stddev" : 0.000000,
          "N" : 0
        },
        "bw_min" : 0,
        "bw_max" : 0,
        "bw_agg" : 0.000000,
        "bw_mean" : 0.000000,
        "bw_dev" : 0.000000,
        "bw_samples" : 0,
        "iops_min" : 0,
        "iops_max" : 0,
        "iops_mean" : 0.000000,
        "iops_stddev" : 0.000000,
        "iops_samples" : 0
      },
      "trim" : {
        "io_bytes" : 0,
        "io_kbytes" : 0,
        "bw_bytes" : 0,
        "bw" : 0,
        "iops" : 0.000000,
        "runtime" : 0,
        "total_ios" : 0,
        "short_ios" : 0,
        "drop_ios" : 0,
        "slat_ns" : {
          "min" : 0,
          "max" : 0,
          "mean" : 0.000000,
          "stddev" : 0.000000,
          "N" : 0
        },
        "clat_ns" : {
          "min" : 0,
          "max" : 0,
          "mean" : 0.000000,
          "stddev" : 0.000000,
          "N" : 0
        },
        "lat_ns" : {
          "min" : 0,
          "max" : 0,
          "mean" : 0.000000,
          "stddev" : 0.000000,
          "N" : 0
        },
        "bw_min" : 0,
        "bw_max" : 0,
        "bw_agg" : 0.000000,
        "bw_mean" : 0.000000,
        "bw_dev" : 0.000000,
        "bw_samples" : 0,
        "iops_min" : 0,
        "iops_max" : 0,
        "iops_mean" : 0.000000,
        "iops_stddev" : 0.000000,
        "iops_samples" : 0
      },
      "sync" : {
        "total_ios" : 0,
        "lat_ns" : {
          "min" : 0,
          "max" : 0,
          "mean" : 0.000000,
          "stddev" : 0.000000,
          "N" : 0
        }
      },
      "job_runtime" : 7000,
      "usr_cpu" : 99.871429,
      "sys_cpu" : 0.085714,
      "ctx" : 737,
      "majf" : 0,
      "minf" : 6088,
      "iodepth_level" : {
        "1" : 100.000000,
        "2" : 0.000000,
        "4" : 0.000000,
        "8" : 0.000000,
        "16" : 0.000000,
        "32" : 0.000000,
        ">=64" : 0.000000
      },
      "iodepth_submit" : {
        "0" : 0.000000,
        "4" : 100.000000,
        "8" : 0.000000,
        "16" : 0.000000,
        "32" : 0.000000,
        "64" : 0.000000,
        ">=64" : 0.000000
      },
      "iodepth_complete" : {
        "0" : 0.000000,
        "4" : 100.000000,
        "8" : 0.000000,
        "16" : 0.000000,
        "32" : 0.000000,
        "64" : 0.000000,
        ">=64" : 0.000000
      },
      "latency_ns" : {
        "2" : 0.000000,
        "4" : 0.000000,
        "10" : 0.000000,
        "20" : 0.000000,
        "50" : 0.000000,
        "100" : 0.000000,
        "250" : 0.000000,
        "500" : 0.000000,
        "750" : 0.000000,
        "1000" : 0.000000
      },
      "latency_us" : {
        "2" : 0.000000,
        "4" : 0.000000,
        "10" : 2.459649,
        "20" : 0.010000,
        "50" : 0.010000,
        "100" : 0.010000,
        "250" : 97.525284,
        "500" : 0.010000,
        "750" : 0.000000,
        "1000" : 0.000000
      },
      "latency_ms" : {
        "2" : 0.000000,
        "4" : 0.000000,
        "10" : 0.000000,
        "20" : 0.000000,
        "50" : 0.000000,
        "100" : 0.000000,
        "250" : 0.000000,
        "500" : 0.000000,
        "750" : 0.000000,
        "1000" : 0.000000,
        "2000" : 0.000000,
        ">=2000" : 0.000000
      },
      "latency_depth" : 1,
      "latency_target" : 0,
      "latency_percentile" : 100.000000,
      "latency_window" : 0
    },
    {
      "jobname" : "tapp",
      "groupid" : 1,
      "job_start" : 1744175339178,
      "error" : 0,
      "eta" : 0,
      "elapsed" : 8,
      "job options" : {
        "iodepth" : "16",
        "bs" : "64K",
        "numjobs" : "1",
        "cpus_allowed" : "110-113",
        "nice" : "0"
      },
      "read" : {
        "io_bytes" : 51367182336,
        "io_kbytes" : 50163264,
        "bw_bytes" : 7337120745,
        "bw" : 7165156,
        "iops" : 111955.577775,
        "runtime" : 7001,
        "total_ios" : 783801,
        "short_ios" : 0,
        "drop_ios" : 0,
        "slat_ns" : {
          "min" : 220,
          "max" : 37249,
          "mean" : 270.492115,
          "stddev" : 79.733560,
          "N" : 783801
        },
        "clat_ns" : {
          "min" : 38973,
          "max" : 1118435,
          "mean" : 142306.277866,
          "stddev" : 5064.687542,
          "N" : 783801
        },
        "lat_ns" : {
          "min" : 39309,
          "max" : 1118698,
          "mean" : 142576.769981,
          "stddev" : 5063.780791,
          "N" : 783801,
          "percentile" : {
            "50.000000" : 142336,
            "99.000000" : 156672,
            "99.500000" : 158720,
            "99.900000" : 166912,
            "99.990000" : 175104,
            "99.999000" : 1089536
          }
        },
        "bw_min" : 7153792,
        "bw_max" : 7169408,
        "bw_agg" : 100.000000,
        "bw_mean" : 7166180.571429,
        "bw_dev" : 4503.198961,
        "bw_samples" : 14,
        "iops_min" : 111778,
        "iops_max" : 112022,
        "iops_mean" : 111971.571429,
        "iops_stddev" : 70.362484,
        "iops_samples" : 14
      },
      "write" : {
        "io_bytes" : 0,
        "io_kbytes" : 0,